n,mfpt,sd,cv,mode,fmode,t_cert,peak_sub,ratio,n_open,G_aa,G_sa,mfpt_res,N,p,scheme,rep,attempts,n_blocked,deg_t,blk_t6,blk_s6
842,25490.101650723343,21449.430933718955,0.8414807923337676,7993,3.476916900092243e-05,11649,7993.187686009917,0.31357270008270755,857,4.811552989952474,-1.243102984094295,25490.1016507369,35,0.3,cornerthinned,0,1,368,2,11,16
833,56364.32472796984,51290.58680694043,0.9099831685109916,11665,1.612944316252866e-05,16257,11664.94243467881,0.20695714986915192,857,11.856720746730945,-1.6761303284296776,56364.32472804399,35,0.3,cornerthinned,1,1,368,2,13,8
806,42860.450189874304,35660.72333898068,0.8320193367312193,13745,2.1091464049778396e-05,19457,13744.972063960198,0.32069191851949397,857,8.514203574394068,-2.1211438672719276,42860.450189913965,35,0.3,cornerthinned,2,1,368,1,16,17
824,30283.47435117332,27146.715028442482,0.896420097431479,6684,3.056487474488403e-05,9025,6683.925726467117,0.22071443727000997,857,6.270863271436841,-1.079494580794599,30283.474351193534,35,0.3,cornerthinned,3,2,368,2,10,10
828,61468.40074240904,57100.288287920244,0.9289372685521149,9684,1.5462018518372574e-05,12353,9683.524158361584,0.15754436235590388,857,13.116060630379987,-1.7313791624921462,61468.40074249063,35,0.3,cornerthinned,4,2,368,2,16,14
822,33959.25095172168,30486.676296801346,0.8977428960415783,7226,2.737455417064338e-05,10241,7225.930668651262,0.21278443421125143,857,7.103323247313377,-1.159268225131453,33959.250951748254,35,0.3,cornerthinned,5,3,368,2,13,12
816,28556.398875251565,25131.19345364087,0.8800547143015588,7048,3.240010544794245e-05,9345,7048.075529360332,0.24680983168743162,857,5.985631194846611,-1.013486176543098,28556.398875270013,35,0.3,cornerthinned,6,1,368,1,13,12
842,42641.43719341666,38625.77921279411,0.9058273302935829,8999,2.14532893255509e-05,12289,8999.030862772135,0.21103885310388507,857,8.933163719028531,-1.1954436903454744,42641.43719346456,35,0.3,cornerthinned,7,1,368,2,13,10
826,33742.91877614103,29357.52094238242,0.8700350179291709,9033,2.6064783742644094e-05,14401,9032.572455075062,0.26770061179138605,857,6.67658704301284,-1.493611207874628,33742.91877616524,35,0.3,cornerthinned,8,1,368,2,12,14
840,49181.001496485376,45812.175218495526,0.9315014705784185,9280,2.0448421205314162e-05,15105,9279.70205274888,0.1886907488181829,857,9.71819000957478,-1.9915722515096632,49181.00149655466,35,0.3,cornerthinned,9,1,368,2,14,11
848,26578.958315335647,22030.740177569918,0.8288789920280104,8516,3.453381720151314e-05,11713,8516.241818823093,0.32040382843320087,857,4.754774729386977,-1.51384751479946,26578.958315350494,35,0.3,cornerthinned,10,1,368,2,6,14
841,73685.78921982039,64389.873112755595,0.8738438414585871,20091,1.1360224994397074e-05,37633,20091.35851802962,0.27265772970232116,857,13.202327321117057,-4.321047047469658,73685.78921990714,35,0.3,cornerthinned,11,1,368,2,11,13
825,32885.24540443302,29540.39856569624,0.8982873079522196,7126,2.822454162200636e-05,9473,7125.561519938945,0.2166929245125656,857,6.790920956776316,-1.181259747335143,32885.24540445977,35,0.3,cornerthinned,12,1,368,2,7,20
818,56647.06367109142,50971.04515496924,0.8998003047593301,13003,1.5847026575440076e-05,18241,13002.752594568372,0.22954411327476792,857,11.837030896301531,-2.0131069206085677,56647.0636711623,35,0.3,cornerthinned,13,1,368,2,16,10
823,62871.8900262883,56769.06211278803,0.9029323293613644,13703,1.456753546081987e-05,18305,13702.778504219654,0.21795113832700805,857,13.23199411559598,-2.0467154898426494,62871.89002637996,35,0.3,cornerthinned,14,1,368,2,16,11
842,59924.962894669196,55703.68380235863,0.9295572514624606,9759,1.5478086554447566e-05,14081,9758.829024609087,0.16285366779706661,857,12.781762786435262,-1.4521951458125573,59924.96289476332,35,0.3,cornerthinned,15,1,368,1,16,8
780,44928.61260617491,40631.98298042681,0.9043676317492702,9358,2.052790059101426e-05,13249,9358.132931441907,0.20828597762473203,857,10.192942114490219,-1.3272149640275899,44928.61260621945,35,0.3,cornerthinned,16,1,368,2,15,17
838,51391.2855267666,48109.71298394116,0.9361453501466456,7686,1.8365624087913968e-05,9921,7686.072891863268,0.14955843040736602,857,11.136627479672018,-1.1285957964208775,51391.28552682924,35,0.3,cornerthinned,17,1,368,2,16,14
827,28010.592894234684,24015.799526622166,0.8573827629177121,7965,3.21575447758959e-05,11649,7965.016148097666,0.2843567085521923,857,5.505877578332483,-1.2681473054042787,28010.59289425151,35,0.3,cornerthinned,18,1,368,2,11,14
832,28186.99416753863,24282.050396625014,0.8614629233715627,7622,3.3014800508565406e-05,10369,7622.1094285633535,0.2704084002251587,857,5.488361926754354,-1.2873578250617301,28186.994167554913,35,0.3,cornerthinned,19,1,368,2,10,14
786,66995.46376391334,60170.0297860117,0.8981209533535893,14702,1.3783514938207146e-05,20289,14701.84523180514,0.21944769353054516,857,14.025698198584067,-3.0214935988732248,66995.46376400716,35,0.3,cornerthinned,20,1,368,2,16,12
824,57650.01872816563,54463.34605031655,0.9447238223308296,7453,1.6608276874181623e-05,9729,7452.732306865866,0.12928009677052793,857,12.448443131366028,-1.5442798609266801,57650.01872824596,35,0.3,cornerthinned,21,1,368,2,12,9
820,36286.489038814376,31319.03390265704,0.8631045530240243,10154,2.4156147328196786e-05,15617,10154.201241471515,0.2798286709176692,857,7.191198111384103,-1.6591650688207065,36286.48903883972,35,0.3,cornerthinned,22,1,368,2,12,13
842,33351.426025721055,29380.699909936102,0.880942838464458,8343,2.7351895364522087e-05,12673,8343.216676993814,0.25015422109884505,857,6.3420121482315395,-1.5799417771248137,33351.42602575025,35,0.3,cornerthinned,23,2,368,2,9,16
847,51528.5012734302,47444.38423578011,0.9207406204970298,9244,1.807277458173078e-05,12225,9243.924951559851,0.1793958638724568,857,10.977997071579605,-1.1892995691491197,51528.501273486145,35,0.3,cornerthinned,24,1,368,1,21,17
825,43219.186555797765,39466.376199815124,0.9131679549049909,8456,2.145202221023274e-05,12033,8456.274970402126,0.19565384436569513,857,9.274549962270841,-1.2028285967218248,43219.186555844746,35,0.3,cornerthinned,25,1,368,2,17,7
804,27579.673641281,21396.51978646971,0.7758075771586941,10922,3.1721754020681013e-05,17473,10922.174108752768,0.39601628873708106,857,4.811071049085423,-2.049544284569765,27579.673641293855,35,0.3,cornerthinned,26,1,368,2,7,17
811,31759.716213023654,26817.08918418433,0.844374332702239,9831,2.8379019522881084e-05,13697,9831.15799407642,0.3095430681451939,857,6.0967592252902,-1.7354765855704695,31759.716213040017,35,0.3,cornerthinned,27,2,368,2,12,11
848,28225.67799162899,23099.147967033903,0.8183735382329707,9863,3.156141960568103e-05,14337,9862.75979976543,0.34943359032598303,857,5.1448896871330945,-1.5121098391983272,28225.67799164523,35,0.3,cornerthinned,28,1,368,2,12,17
847,29153.883372021075,26178.097032891983,0.8979283033702142,6362,3.173920945426936e-05,9345,6362.453386382944,0.21822135729971393,857,5.829076153381637,-1.0549577007014972,29153.88337204207,35,0.3,cornerthinned,29,1,368,2,11,13
829,57161.96260955342,53117.05684562313,0.9292378081634609,8920,1.653620747456076e-05,14913,8919.605605279121,0.1560478260854747,857,11.61787860513943,-2.172703447844525,57161.96260961849,35,0.3,cornerthinned,30,1,368,2,8,11
821,24021.771572896017,20774.784982339184,0.8648315100031824,6605,3.795868791137984e-05,9089,6605.167691311718,0.27495890467347883,857,4.822966150794234,-1.0288661446769083,24021.77157290904,35,0.3,cornerthinned,31,1,368,2,10,12
850,26007.875426730876,22950.610318786312,0.8824484869378331,6331,3.551884976883749e-05,8513,6331.108996055224,0.24342626593377953,857,5.122786350426887,-0.9967137499838957,26007.875426745828,35,0.3,cornerthinned,32,1,368,2,11,13
826,28112.476669168478,24892.089515770716,0.8854463378913312,6794,3.2481415775520014e-05,9601,6794.374874110437,0.24167205472334344,857,5.687197479290672,-1.119697597994484,28112.476669187698,35,0.3,cornerthinned,33,1,368,1,10,9
839,38974.481121366654,35872.552668056094,0.9204112956975323,6998,2.39900041762013e-05,9281,6997.558055160362,0.17955338464181747,857,8.265794116000341,-1.024904601854902,38974.48112140274,35,0.3,cornerthinned,34,1,368,2,16,14
830,31593.264845268634,26413.220078517836,0.8360395865346422,10189,2.811632414025794e-05,14721,10188.920670822445,0.322505446964779,857,5.959937998027433,-1.6528969044524495,31593.264845291513,35,0.3,cornerthinned,35,1,368,2,9,11
846,29611.69458471069,26245.32755770987,0.8863162992117659,7264,3.0480032055123566e-05,10177,7264.2174462825415,0.2453084871323304,857,5.978942184820577,-1.0214584262275945,29611.694584733763,35,0.3,cornerthinned,36,2,368,2,12,5
831,46819.98492063096,41431.53489460741,0.8849113250429698,11172,1.972776828525945e-05,16193,11172.431889553445,0.23861605292993424,857,8.761947579641586,-2.506400175033042,46819.98492067307,35,0.3,cornerthinned,37,1,368,2,10,16
788,32004.70912515466,28013.729749732247,0.8753002453540304,8238,2.7827516541336488e-05,13057,8237.603677446794,0.25739962103030645,857,6.823494021487967,-1.2995285991157994,32004.70912517884,35,0.3,cornerthinned,38,1,368,1,18,12
831,37818.61309122123,32939.07023275714,0.8709750977198905,9848,2.4319700092615735e-05,13441,9847.874221086688,0.26040087658016203,857,7.62902992241224,-1.4729226867942666,37818.613091253035,35,0.3,cornerthinned,39,1,368,2,12,15
846,32621.844619171712,28533.851054853178,0.8746853952606948,8327,2.7492407433661984e-05,12353,8327.210849164896,0.25525840421379054,857,6.464173499643488,-1.247846504894285,32621.84461919478,35,0.3,cornerthinned,40,1,368,2,19,13
715,53813.09371850986,49000.43355817169,0.9105671161462553,11240,1.6898904846993926e-05,15553,11240.018214132053,0.20887109852474112,857,13.087038051419293,-1.9655755761531633,53813.09371857154,35,0.3,cornerthinned,41,3,368,2,16,17
799,63196.14079076919,58344.9842442105,0.9232365064407971,11504,1.4596900883657186e-05,15297,11504.2786768597,0.18203643222594287,857,13.815435795496326,-2.0033729131030444,63196.140790854486,35,0.3,cornerthinned,42,1,368,2,13,10
824,44256.29416418823,41643.650331449535,0.9409655986322321,6044,2.1883827238725773e-05,8641,6043.960474800892,0.13656814503214207,857,9.815322409023098,-0.9264965628796068,44256.294164239145,35,0.3,cornerthinned,43,1,368,2,15,13
829,35566.17651218084,29865.682280585286,0.8397214772399494,11730,2.3774168642848946e-05,18817,11730.030191557804,0.3298077316796385,857,6.806163337510478,-1.7743376304520364,35566.17651220462,35,0.3,cornerthinned,44,1,368,2,17,8
832,30777.666603404243,27340.849913735437,0.8883340724313172,6975,3.0524438244296167e-05,9025,6975.095060979693,0.22662536734440136,857,6.300797940064571,-1.0976796088362077,30777.66660342724,35,0.3,cornerthinned,45,1,368,2,13,15
838,36105.59183522037,32742.269584603833,0.9068476078174772,7255,2.6088299401052875e-05,9729,7255.458079874009,0.20093840403200022,857,7.34462325995942,-1.2724630969030142,36105.591835253595,35,0.3,cornerthinned,46,1,368,2,13,13
833,23717.123835020866,20857.506584437564,0.8794281604095362,5821,3.889837832059418e-05,7937,5820.938692043082,0.2454344818744283,857,4.691321530095172,-1.0030659453034545,23717.123835035276,35,0.3,cornerthinned,47,1,368,2,6,10
828,32409.063765390852,28732.331466674204,0.8865523445745762,7627,2.8537540412460944e-05,10241,7627.358938992662,0.23533540046734572,857,6.6975812251453135,-1.1306950466940846,32409.063765415107,35,0.3,cornerthinned,48,1,368,2,15,13
826,36251.695120402765,32425.427980009208,0.8944527386185563,8004,2.5271862439545285e-05,11841,8004.0737380395685,0.22078967544597053,857,7.572996064093672,-1.2046540861326194,36251.69512043458,35,0.3,cornerthinned,49,1,368,1,13,14
793,63721.90254351283,61791.72076958823,0.9697092883784102,6493,1.684357709010063e-05,10177,6492.827985001444,0.10189589043682777,857,14.671729639484727,-1.3993681016531592,63721.90254361172,35,0.3,cornerthinned,50,1,368,2,12,12
806,38392.60969722041,32749.74915732731,0.8530222200471661,11123,2.352358996516721e-05,15873,11123.061109266326,0.28971721609237977,857,7.538498998480433,-1.9882031596461842,38392.60969725027,35,0.3,cornerthinned,51,1,368,2,11,16
832,51562.049961868914,48166.02090649447,0.9341370434673201,7888,1.8320809637386235e-05,10305,7888.119048833206,0.1529807291570704,857,11.279421925073121,-1.1153016234688098,51562.049961934434,35,0.3,cornerthinned,52,3,368,2,17,11
815,33672.73729775,29707.99662536254,0.882256656554845,8446,2.6941325954380506e-05,11841,8445.895032231278,0.2508260592335141,857,6.829127438966466,-1.434120977666262,33672.73729777837,35,0.3,cornerthinned,53,1,368,2,14,10
831,67072.4243816957,62658.08608780822,0.9341854967286352,11405,1.3939969736927564e-05,17217,11405.374164174122,0.17004007392212983,857,14.314368744154706,-1.8282123345004306,67072.42438181209,35,0.3,cornerthinned,54,1,368,2,13,10
832,25104.841898334824,21695.68904301623,0.8642033728344365,6849,3.664982755166255e-05,9153,6849.222080928157,0.27281589853207905,857,4.905223796163257,-1.129593967863514,25104.84189835137,35,0.3,cornerthinned,55,1,368,2,10,11
785,30193.469637992486,26040.1113856425,0.8624418358622883,8510,2.977354286524605e-05,12097,8509.591151480196,0.2818490257009699,857,6.303146209589394,-1.3894575198404622,30193.469638012186,35,0.3,cornerthinned,56,2,368,2,14,7
844,28306.385611807033,23097.919429781614,0.8159967770716412,9655,3.1899137859127394e-05,13953,9655.340292577828,0.34108911439307,857,5.102765705992062,-1.6049086096061889,28306.38561182462,35,0.3,cornerthinned,57,1,368,2,10,15
809,24576.83234021299,21801.0830114498,0.887058295782835,5796,3.801099233710035e-05,8705,5796.342636007738,0.23583185659432992,857,5.041698569726966,-1.0341561497357035,24576.832340226498,35,0.3,cornerthinned,58,1,368,2,9,10
832,26014.354377352276,23155.020733413498,0.8900863114854746,6170,3.4873234245644274e-05,8769,6170.267688777697,0.23717674905557193,857,5.330081398631945,-0.9233691728514122,26014.354377370768,35,0.3,cornerthinned,59,1,368,2,14,10
846,35002.837029675706,30907.497016063502,0.8829997691289955,8724,2.637627324284715e-05,12097,8723.535098895907,0.24923694021155252,857,6.7515287302651,-1.523373640822547,35002.83702970075,35,0.3,cornerthinned,60,1,368,2,12,6
831,40366.47921878152,32593.15837296211,0.8074312896180781,14396,2.2345081250803032e-05,20417,14396.087618168038,0.35663253963704367,857,7.265641070468236,-2.449516382917361,40366.479218817156,35,0.3,cornerthinned,61,4,368,2,15,14
833,55980.83367156908,51986.06456596965,0.9286404141632452,9134,1.6781070310524253e-05,11969,9133.832742438062,0.1631629863461443,857,12.1582798524047,-1.2824965393485512,55980.83367165229,35,0.3,cornerthinned,62,1,368,2,18,9
833,27618.19606501983,23704.51341035522,0.8582933278679438,7673,3.325370742591982e-05,10497,7673.161794822372,0.277824083149237,857,5.409875687070821,-1.2211437763225277,27618.1960650333,35,0.3,cornerthinned,63,1,368,2,12,19
782,29959.761665907878,24478.369062580234,0.8170415150676887,10439,2.8339042679569606e-05,17217,10438.647402314358,0.34843401347477526,857,5.768161582436219,-1.8941815546294285,29959.761665926682,35,0.3,cornerthinned,64,2,368,2,11,12
846,29932.33557379971,24700.21277730458,0.8252016524539134,9756,2.9062171795765053e-05,16449,9756.408868750354,0.3259351404752924,857,5.566729973039359,-1.5094722902749353,29932.335573819466,35,0.3,cornerthinned,65,1,368,1,14,9
805,45688.46938550529,40298.432165853796,0.8820263122808512,11777,1.937979592873885e-05,17217,11777.36584811796,0.257767444574019,857,9.657927611570233,-1.6932449065802242,45688.46938555559,35,0.3,cornerthinned,66,1,368,1,15,12
836,43673.477152227075,40018.584384872214,0.9163132178686971,7744,2.0486598014024598e-05,17921,7744.425355543833,0.17731585632643185,857,8.519589668934813,-1.9286106067277813,43673.47715226965,35,0.3,cornerthinned,67,1,368,2,16,10
816,33521.227338382996,28806.805114909654,0.8593600951455868,9488,2.7321466019730568e-05,13121,9488.068951394513,0.2830445288957515,857,6.68367484225733,-1.5323122504900568,33521.227338409335,35,0.3,cornerthinned,68,2,368,2,14,12
838,36674.35401018333,31404.084771768576,0.8562955127457361,11124,2.3417861275681487e-05,17153,11124.254454944832,0.3033182260527673,857,6.968693943169234,-1.7841351762133624,36674.35401021308,35,0.3,cornerthinned,69,1,368,2,11,14
826,32947.356417464034,29682.70357169584,0.9009130564406153,7002,2.8889719509549638e-05,9729,7001.510366586108,0.21252084420006848,857,6.668541171187732,-1.3090269686402136,32947.35641748941,35,0.3,cornerthinned,70,1,368,2,10,11
804,41449.64397545799,38321.431902652046,0.9245298204573691,6943,2.2803785204694947e-05,8897,6943.251619108987,0.16750445441970252,857,9.209338438284277,-1.1015182720411483,41449.64397550821,35,0.3,cornerthinned,71,1,368,2,15,13
823,43238.40094288676,38405.813485302315,0.8882338996771003,10518,2.0731169499351985e-05,15041,10517.719357108139,0.24325598936679316,857,8.935992386450552,-1.5715169556955135,43238.40094293106,35,0.3,cornerthinned,72,1,368,2,13,17
839,40311.94589271862,37108.8688230548,0.920542732464761,7287,2.30434946480101e-05,10049,7286.750358056331,0.18076527537005402,857,8.596387576270375,-1.0131346866044608,40311.94589275994,35,0.3,cornerthinned,73,1,368,1,17,9
843,28930.482333387234,23557.8555627249,0.8142918355542917,10187,3.0195475970690637e-05,15553,10186.90308310345,0.35211995025204573,857,5.147798429513469,-1.7158984467389662,28930.482333404012,35,0.3,cornerthinned,74,1,368,2,11,12
837,27188.45413096783,22236.44166256426,0.8178634046441354,9339,3.2717853753226636e-05,13761,9338.526691388288,0.34349139362663567,857,4.949583002807527,-1.547060756088913,27188.4541309816,35,0.3,cornerthinned,75,1,368,2,11,13
808,30239.22137780142,26052.2581638462,0.8615386566458069,8569,2.9287242097101324e-05,12865,8569.213825118271,0.2833736984474903,857,6.040622643534185,-1.4443331430554105,30239.221377821967,35,0.3,cornerthinned,76,1,368,2,11,7
833,25516.884538835002,22330.83959864398,0.8751397359915912,6311,3.471809456622364e-05,10369,6311.282742531063,0.24732643165724552,857,5.084988524795868,-1.041514365685018,25516.88453885289,35,0.3,cornerthinned,77,1,368,2,14,15
839,60090.40292278089,57487.640420066644,0.9566858869949845,7655,1.682743693503156e-05,12097,7655.428003250328,0.12739139076562775,857,12.980321534722878,-1.3439699844375543,60090.40292287801,35,0.3,cornerthinned,78,1,368,2,14,14
841,42610.91475854634,36563.27390362121,0.8580729634837942,12472,2.053126538316291e-05,19329,12471.831146751767,0.29269496021552854,857,8.395687734459976,-1.7377045981402846,42610.9147585841,35,0.3,cornerthinned,79,1,368,1,15,12
840,40077.402877390625,36753.01473062911,0.9170508089825116,7171,2.3618105721461462e-05,11137,7171.403742914818,0.17892875997824367,857,7.939031175490975,-1.6032076048486645,40077.40287742649,35,0.3,cornerthinned,80,1,368,2,11,13
820,56751.33423695829,53430.35254094061,0.9414818745555598,7842,1.6562260404885506e-05,10945,7841.794774218128,0.13818177326468983,857,11.849148716434119,-1.9926401218677725,56751.33423703775,35,0.3,cornerthinned,81,1,368,2,10,10
832,26956.157008807357,21466.5030824215,0.7963487924264491,10349,3.1131424540041614e-05,17153,10348.51439760803,0.383919710684972,857,4.743330546963506,-1.73651488784939,26956.157008821647,35,0.3,cornerthinned,82,1,368,2,12,12
833,33106.816922850616,27390.817473735442,0.8273467527115257,10843,2.5623789318306498e-05,18497,10842.883858387071,0.3275156299461718,857,5.988731652636304,-1.9600839350880688,33106.81692287201,35,0.3,cornerthinned,83,1,368,2,12,8
810,43201.765879744016,39698.62261590552,0.9189120353647162,8032,2.126700165017809e-05,11713,8032.283573856276,0.18591832617115214,857,9.277733850465001,-1.3893688359036434,43201.765879793005,35,0.3,cornerthinned,84,2,368,2,14,12
850,42033.58588282313,37473.941768785124,0.8915237894109509,9958,2.1365750670277308e-05,14913,9957.623299444629,0.23690579309031307,857,8.192427868006053,-1.6978276338437333,42033.58588286159,35,0.3,cornerthinned,85,1,368,2,16,14
794,48824.71799731605,38648.45370258042,0.7915755643423269,17375,1.712921666398531e-05,37313,17374.912944208285,0.3558648306162285,857,7.122356155259554,-5.176061476319039,48824.71799736701,35,0.3,cornerthinned,86,1,368,2,13,11
837,31643.208835810823,28031.67163304016,0.8858669099739511,7482,2.9122678210195642e-05,10561,7482.4476477153685,0.23644883926982058,857,6.293513381575823,-1.267587893414139,31643.208835832993,35,0.3,cornerthinned,87,1,368,2,8,14
840,35044.60129814949,30743.023514018423,0.8772541953742184,8577,2.550125248513877e-05,13633,8577.291399005684,0.24474525839313524,857,7.022351874758915,-1.321600815282419,35044.601298173606,35,0.3,cornerthinned,88,1,368,2,16,12
837,51905.88090257326,48512.650967926835,0.934627254645471,7897,1.8197708840721165e-05,11073,7896.902936710673,0.15214075674435767,857,10.986167837490113,-1.4166710878701831,51905.88090263284,35,0.3,cornerthinned,89,1,368,1,12,10
826,61028.9700462958,57690.395139194625,0.9452952441345712,8694,1.601949982271414e-05,16833,8694.402635634555,0.1424569346886379,857,12.060342588686801,-2.716647737310939,61028.97004637067,35,0.3,cornerthinned,90,1,368,2,9,16
842,26480.47855427387,23775.95981538718,0.8978674523066659,5771,3.4697028788072807e-05,8513,5771.090133912045,0.21793412789621125,857,5.455989316626475,-0.8339105775041908,26480.4785542901,35,0.3,cornerthinned,91,2,368,1,10,16
828,30103.481167464393,27304.485895610473,0.9070208772107375,6249,3.1306665394419266e-05,8513,6248.647488991392,0.20758396562965847,857,6.329706707975155,-0.9416655547031011,30103.48116748798,35,0.3,cornerthinned,92,1,368,2,14,13
837,32279.44162062322,28954.756440851757,0.897003014524039,7070,2.8627984819729857e-05,9601,7069.864974187459,0.21902485436684266,857,6.547441516607708,-1.1656867081580709,32279.441620644782,35,0.3,cornerthinned,93,1,368,2,13,12
840,27871.145440900087,23537.331945592246,0.844505368302944,8488,3.24651999028707e-05,11905,8488.4207192804,0.3045443545906122,857,5.2401175012181795,-1.3958695085238308,27871.145440916443,35,0.3,cornerthinned,94,1,368,2,13,14
845,25804.706261815398,22275.916604794715,0.863250152076235,7071,3.546950795405579e-05,9665,7070.822545803877,0.27401978260311904,857,4.938595252410719,-1.1690275314546237,25804.706261831077,35,0.3,cornerthinned,95,1,368,2,10,16
813,24643.183032338668,21583.980760619288,0.8758601002271151,6373,3.7320591689059864e-05,8833,6373.044265189129,0.2586110727513107,857,5.007776016918346,-1.0545076318765603,24643.18303235129,35,0.3,cornerthinned,96,1,368,2,11,13
813,28103.897148283577,24746.369070990706,0.8805315839444734,6784,3.3120351094466835e-05,8961,6783.850559404314,0.24139000951383455,857,5.788390576517211,-1.1252372582436778,28103.89714830301,35,0.3,cornerthinned,97,1,368,2,14,10
831,58399.14768636228,56383.812342408615,0.9654903295031427,8005,1.8649763426126796e-05,11713,8004.528934390448,0.13707391832140345,857,12.274520599953007,-1.7806292644145172,58399.14768644707,35,0.3,cornerthinned,98,1,368,2,7,11
834,40138.917943050496,37024.033006528174,0.9223973864731044,6900,2.347406044505279e-05,8897,6899.6564824311245,0.17190298975647003,857,8.729492322524608,-0.8961474719811368,40138.917943088956,35,0.3,cornerthinned,99,3,368,1,14,14
835,42172.565371307464,38638.87644450623,0.9162088221172001,7941,2.193014592877672e-05,11009,7941.123682044011,0.1882977696538883,857,8.839194296059933,-1.2620189665389223,42172.565371350225,35,0.3,cornerthinned,100,1,368,2,15,14
841,50356.9229053495,46568.897438395354,0.924776470673673,9051,1.8118760683355323e-05,12865,9050.958819386646,0.17973695527449507,857,10.7861999996666,-1.1892870170784957,50356.92290541313,35,0.3,cornerthinned,101,1,368,1,17,9
845,29389.574449181073,24408.355119174477,0.8305106683793649,9703,3.0060517624082984e-05,16321,9703.064056178626,0.33015108867186643,857,5.506578311437904,-1.4495339842298756,29389.574449196367,35,0.3,cornerthinned,102,1,368,2,12,14
835,34389.721519467545,28462.383412284005,0.8276421603522391,10508,2.3086809736353187e-05,23681,10507.635436665812,0.3055564144086356,857,5.9929253164074385,-2.2441337301770385,34389.721519490195,35,0.3,cornerthinned,103,1,368,2,15,15
822,37440.442243898426,33735.29716421637,0.901038960609877,8130,2.431646876777989e-05,11585,8129.844566043775,0.21714487096703367,857,7.963682473111205,-1.145914179913958,37440.442243933416,35,0.3,cornerthinned,104,1,368,2,16,9
810,66924.9886328065,63046.892391607245,0.9420530907748527,8658,1.4568706559394163e-05,12801,8657.962857849045,0.12936871827507287,857,14.258212716824975,-2.2664758345131513,66924.98863291941,35,0.3,cornerthinned,105,1,368,2,12,14
828,23603.111053032826,20293.51518321843,0.8597813710922173,6582,3.833286504709756e-05,9409,6582.391976339483,0.27886154436214716,857,4.600153948366229,-1.101080605509369,23603.111053044973,35,0.3,cornerthinned,106,1,368,2,8,9
818,36718.07378114345,33039.97537921425,0.8998286668344219,7765,2.5430593632322917e-05,10433,7765.327285850756,0.21147623500848545,857,7.768501928314474,-1.2090222235616386,36718.0737811733,35,0.3,cornerthinned,107,1,368,2,12,13
837,25221.940943609887,21136.669829081748,0.8380270922185644,7932,3.44525080947926e-05,12865,7931.755182662875,0.31448808867382644,857,4.713685464301764,-1.313062670374822,25221.94094362151,35,0.3,cornerthinned,108,1,368,2,11,11
839,63898.3604108371,56430.58303612068,0.8831303756981863,16209,1.3889303598014432e-05,26113,16208.548775889281,0.2536684806274148,857,11.720144313075801,-3.511884390360256,63898.36041091426,35,0.3,cornerthinned,109,1,368,2,17,14
830,39944.628632896965,36750.627870837525,0.9200392926064414,7148,2.336446127315003e-05,9793,7148.448989408797,0.17894771448978156,857,8.521715414950592,-1.1034963038291692,39944.62863293601,35,0.3,cornerthinned,110,1,368,2,14,16
828,40497.84245938485,36665.46631201637,0.9053683871872444,8322,2.327850361966728e-05,11201,8321.603645520476,0.20549242859903233,857,8.344993661164521,-1.43709388942118,40497.8424594248,35,0.3,cornerthinned,111,2,368,2,15,15
805,41629.31041074405,36968.69248421382,0.8880447963094921,9903,2.208531326331642e-05,13825,9902.50203421635,0.23788527607808146,857,8.720790062542678,-1.6218957538011247,41629.31041078381,35,0.3,cornerthinned,112,1,368,2,15,16
831,27523.139041904084,22159.16654062889,0.8051104384166164,10152,3.18358660398265e-05,15873,10152.406868548172,0.3688532759487768,857,4.7470724453891195,-1.8770284070590435,27523.139041922117,35,0.3,cornerthinned,113,1,368,2,8,7
831,42906.130810309674,36931.82755888096,0.860758750821848,12452,2.0382160198907412e-05,18817,12451.992247214264,0.29021493583401786,857,8.23064178937217,-2.095743483877507,42906.130810352406,35,0.3,cornerthinned,114,1,368,2,16,13
815,25199.727868373957,21258.845656270518,0.8436140964423149,7709,3.618083517445976e-05,10625,7709.244550060192,0.30591600196107327,857,4.92784359774965,-1.2561387012414624,25199.72786838878,35,0.3,cornerthinned,115,1,368,2,11,14
816,31769.307151840105,28418.46483962808,0.8945257982430397,7495,2.987484986798325e-05,11521,7495.468622731395,0.2359195296321054,857,6.318663286853386,-1.4679316033096403,31769.30715186515,35,0.3,cornerthinned,116,1,368,2,6,15
843,31514.76040350709,26659.877803212334,0.8459489287516688,9634,2.8561857434064796e-05,14017,9633.855884255192,0.3056980245652729,857,5.672263080788623,-1.8045484028485774,31514.7604035308,35,0.3,cornerthinned,117,1,368,2,7,10
813,80731.45669529008,75567.59984197975,0.9360366198667689,11694,1.179065171884358e-05,14849,11693.626275438954,0.1448506007285043,857,17.866192627025733,-1.993944321427249,80731.45669546137,35,0.3,cornerthinned,118,1,368,2,16,17
837,34427.60658720602,31615.589919321752,0.918320878311382,6647,2.7192178685661838e-05,11585,6646.948814564939,0.1930718007702039,857,7.065824379527505,-1.1606049125227405,34427.60658723027,35,0.3,cornerthinned,119,1,368,2,12,8
785,34917.40061350014,30231.042307319996,0.8657873087961693,9874,2.5471298582025258e-05,14145,9873.67415042832,0.2827816454407665,857,7.459934042326881,-1.4362189802283118,34917.400613529135,35,0.3,cornerthinned,120,1,368,1,17,15
763,58664.43642774829,50603.72164332983,0.862596229074047,15967,1.4792733278839823e-05,29569,15966.702342314902,0.2721751195831416,857,11.124639428916037,-4.252670250717952,58664.43642780367,35,0.3,cornerthinned,121,1,368,1,13,15
839,30015.470003684528,26976.128767311737,0.8987408414394411,6596,3.0480852209947392e-05,9281,6595.626868580226,0.21975334716365635,857,6.218585785278125,-0.9364726184669692,30015.47000371067,35,0.3,cornerthinned,122,1,368,2,11,11
826,50475.01275145528,45935.64189444674,0.9100669695843184,10566,1.7907555119847998e-05,14913,10566.287572900126,0.20933129927134816,857,10.443427500251895,-1.7781252240873702,50475.012751521164,35,0.3,cornerthinned,123,1,368,2,10,10
841,49109.98388193944,43242.26828362068,0.8805188856827001,12579,1.8257624320980318e-05,18433,12579.100395939015,0.256139363234978,857,10.019288799640721,-1.6596609939352074,49109.98388198678,35,0.3,cornerthinned,124,1,368,2,20,19
815,28126.371422469747,24556.10137496036,0.8730632546273939,7413,3.240379757613984e-05,10433,7413.434523081173,0.26356048167940577,857,5.6647225947869035,-1.237454441406187,28126.37142248684,35,0.3,cornerthinned,125,1,368,2,12,12
797,40474.29303252891,37868.85843063152,0.9356274215882306,6098,2.3449895861149368e-05,8385,6098.055902462977,0.15066353339634814,857,9.07095474120347,-1.085705994699765,40474.293032574395,35,0.3,cornerthinned,126,1,368,2,12,6
837,31308.00668553117,26186.1127302005,0.8364030643414381,9863,2.8666792687949212e-05,15873,9862.976073677946,0.31503123463168714,857,5.771952223281485,-1.7090529584518053,31308.006685553817,35,0.3,cornerthinned,127,1,368,2,10,12
817,37394.266190726375,35607.59036478087,0.9522205940121217,5748,2.7170007712496165e-05,8065,5747.944387459694,0.15371340543715445,857,8.363334985563814,-0.7907081455897356,37394.26619076225,35,0.3,cornerthinned,128,1,368,2,13,12
809,52699.45931955951,48218.55469128165,0.9149724743643668,10339,1.6931445086114233e-05,16513,10338.799003300357,0.19618797106259228,857,11.52303126042937,-1.5052652339181023,52699.45931963553,35,0.3,cornerthinned,129,1,368,1,15,11
836,23703.16349443876,20131.709353501938,0.8493258445534176,7011,3.8431226150187876e-05,9729,7011.413567571846,0.2957833034246641,857,4.6094130105316795,-1.061200265652798,23703.163494451117,35,0.3,cornerthinned,130,1,368,2,11,13
814,31440.364992196108,26828.280160575767,0.8533068928186706,9464,2.8922875841383497e-05,14913,9464.139191210865,0.3010143171794947,857,6.22375964275086,-1.5011457607426508,31440.364992218587,35,0.3,cornerthinned,131,1,368,2,10,15
801,26961.497122195637,23132.738218122016,0.8579916060773326,7581,3.4126436643548844e-05,10305,7580.786697810223,0.281178747813639,857,5.426967583341151,-1.304991748047418,26961.497122211218,35,0.3,cornerthinned,132,1,368,2,10,13
829,30403.52694721986,26464.606227820124,0.8704452701741593,8011,2.9603165377288826e-05,12033,8010.637867296455,0.26348916735571487,857,6.0971620573494745,-1.2378263497049362,30403.52694724053,35,0.3,cornerthinned,133,1,368,2,12,12
826,55753.7395333766,50669.2158889585,0.908803899308417,11058,1.6664749051182512e-05,14913,11058.225795749773,0.19833647200256768,857,11.578893302641287,-1.920801499648097,55753.739533455155,35,0.3,cornerthinned,134,2,368,2,10,17
833,27759.44716689192,23465.638252967856,0.8453208059905027,8548,3.1667952506325584e-05,13633,8547.793295073563,0.3079312044151589,857,5.377993290046664,-1.2869400033290996,27759.447166910057,35,0.3,cornerthinned,135,1,368,2,17,14
847,27695.496806915613,23756.676880334166,0.8577812142514838,7881,3.2732806262091654e-05,11073,7881.043934854354,0.2845588961607687,857,5.246405268968848,-1.2932633985481945,27695.49680693468,35,0.3,cornerthinned,136,1,368,2,10,13
846,43043.95999691183,38849.362034294085,0.9025508349390092,9041,2.1489412643350442e-05,12161,9041.41743804173,0.21004108359566925,857,8.868993729446327,-1.3068833383927907,43043.959996959464,35,0.3,cornerthinned,137,2,368,2,13,12
844,70222.91809033262,66599.05960188176,0.9483949316405615,9200,1.340512907137577e-05,12097,9199.608431679013,0.13101135996891217,857,15.16366697655073,-1.4768349406183352,70222.91809045346,35,0.3,cornerthinned,138,1,368,1,16,12
835,45102.51621377229,40415.38037324251,0.8960781740354757,10659,1.955135074374808e-05,16321,10659.378428672131,0.23632827821577765,857,9.196137794557675,-1.6068601009679133,45102.516213819334,35,0.3,cornerthinned,139,2,368,2,13,6
834,47164.328238183094,42583.92123461823,0.9028840826390341,10158,1.906205059365513e-05,15041,10158.196671498523,0.21537463543849078,857,9.67956713524438,-1.6308233295593377,47164.3282382315,35,0.3,cornerthinned,140,2,368,2,13,12
798,34286.02670082156,31565.92499338179,0.9206644231139622,5997,2.6793461224261677e-05,10433,5996.803277133131,0.1749109061930556,857,7.395642118457738,-1.197347029624575,34286.02670084843,35,0.3,cornerthinned,141,1,368,2,9,8
836,24413.63690084712,21128.67246682081,0.8654455111555983,6531,3.7532510963675944e-05,9025,6530.660404916219,0.2675144234562358,857,4.762306612966879,-1.0782763776698792,24413.63690086165,35,0.3,cornerthinned,142,1,368,2,9,12
783,36134.92920051602,29438.648619074535,0.8146867662509255,12630,2.463873159930804e-05,18689,12630.210420719357,0.3495233083179706,857,6.798775683543559,-2.431091289774674,36134.92920054088,35,0.3,cornerthinned,143,1,368,2,9,13
827,34755.845017330306,30619.184613187863,0.8809794323205268,8560,2.6375716767450633e-05,12097,8559.62544457643,0.2462895088792037,857,6.992871514011008,-1.4124114406097064,34755.84501735665,35,0.3,cornerthinned,144,2,368,2,11,12
836,36860.55868774955,33549.26720547648,0.9101670837297002,7486,2.458794604552405e-05,10817,7486.336947400728,0.2030897052704722,857,7.811142706450927,-1.0071727690949244,36860.55868778166,35,0.3,cornerthinned,145,2,368,1,17,11
826,32157.019425917046,27966.706343835234,0.8696921183340576,8446,2.7722223016389532e-05,12865,8445.50099381659,0.2626487202726544,857,6.45349542588864,-1.332707824944487,32157.019425940816,35,0.3,cornerthinned,146,1,368,2,13,15
835,31033.387544811234,28436.830946542275,0.916330223552952,7957,3.207280970705065e-05,11969,7957.064330873184,0.2564012706801777,857,6.371135157339871,-1.0620115599851,31033.387544831752,35,0.3,cornerthinned,147,1,368,1,10,14
847,41559.285114166865,37889.942530233595,0.9117082362255925,7625,2.2261173978463088e-05,11969,7625.3351940972525,0.18347283835738468,857,8.43779097203546,-1.3754994917680965,41559.28511420806,35,0.3,cornerthinned,148,1,368,2,9,12
839,50136.80248261383,46012.78758148282,0.9177447564080077,9318,1.8627790232487943e-05,13121,9318.236745702772,0.18585150106513565,857,10.578437110160172,-1.373124864254431,50136.802482669256,35,0.3,cornerthinned,149,1,368,2,14,20
843,45563.00703561527,37925.45383080517,0.8323738115256517,14899,1.926287697128198e-05,22785,14899.439742448056,0.32699773279568417,857,8.584065519638692,-2.2256633144435862,45563.0070356568,35,0.3,cornerthinned,150,1,368,2,11,11
741,52137.93044447665,43615.950297360476,0.8365493207255031,17043,1.6927039369327174e-05,24513,17042.67363788354,0.32688294020702713,857,10.811406360611777,-3.260909548844622,52137.93044453596,35,0.3,cornerthinned,151,1,368,2,11,12
840,31526.859099396406,27272.99075131676,0.86507160974494,8594,2.9024742852083766e-05,11777,8593.838564394791,0.27259296503039643,857,6.22535713334765,-1.2810378903240005,31526.859099420933,35,0.3,cornerthinned,152,1,368,2,13,9
840,42048.89356264961,38581.75212989029,0.9175450020440241,7793,2.2090179128165304e-05,10689,7793.3454809309305,0.18533186820692513,857,8.753490861751725,-1.2581504627001157,42048.89356269773,35,0.3,cornerthinned,153,2,368,2,12,16
844,38469.26044485641,33809.970125407934,0.8788827685905916,9729,2.3654660901021163e-05,13441,9728.905881071103,0.25290322422355876,857,7.658184351140498,-1.4577541429096283,38469.26044489154,35,0.3,cornerthinned,154,1,368,2,11,17
840,49241.81813872413,45187.73201313438,0.9176698530064716,9354,1.871689553743446e-05,12673,9353.965640286897,0.18996049198768203,857,10.496841707849052,-1.2274007061463361,49241.818138780625,35,0.3,cornerthinned,155,1,368,2,14,12
833,57962.54663845993,54007.89677945634,0.9317723238823403,9340,1.661297480446719e-05,12993,9339.844834855412,0.16113853758458954,857,12.107981486854126,-1.8085963375250214,57962.54663853915,35,0.3,cornerthinned,156,2,368,2,9,13
825,36300.2957787292,32290.819663486818,0.8895470125179584,8312,2.4521261519021233e-05,14721,8311.76230875326,0.22897885049384537,857,7.224947920698793,-1.5751237832439269,36300.29577876372,35,0.3,cornerthinned,157,1,368,2,15,15
832,52369.786478251604,46532.53911127965,0.8885378811044785,12620,1.73320150731877e-05,17601,12620.334761075783,0.2409786414775798,857,10.958697616906482,-1.630193363458423,52369.786478318005,35,0.3,cornerthinned,158,1,368,1,18,11
847,33154.16670122961,29480.259245067027,0.8891871574010537,7645,2.8079028474085387e-05,10369,7645.380122141011,0.2305894178820204,857,6.57221926407278,-1.2563915272503583,33154.16670125349,35,0.3,cornerthinned,159,2,368,2,15,12
811,43706.58366057756,38359.20398393912,0.877652764668915,11585,2.0226827405559658e-05,18113,11584.513852697162,0.2650630415309589,857,9.18406910113038,-1.5943732319443515,43706.58366061803,35,0.3,cornerthinned,160,2,368,1,17,15
826,36733.630203584624,33491.545518524574,0.9117406946416182,6995,2.5507968962273314e-05,9217,6995.172627317601,0.19042495830748027,857,7.7910743186489215,-1.1032671350126104,36733.63020362213,35,0.3,cornerthinned,161,4,368,2,14,17
823,33501.85156972555,28535.358244777297,0.8517546615412654,9943,2.6186189418547124e-05,15233,9943.271606379376,0.2967895663708671,857,6.432564370779472,-1.7088333375427975,33501.85156974614,35,0.3,cornerthinned,162,1,368,2,5,8
841,41683.99719097146,37782.674131970256,0.9064071748894991,8608,2.213391128087285e-05,12033,8608.104096934127,0.20650610738128658,857,8.68392985675466,-1.2290302362316163,41683.997191007285,35,0.3,cornerthinned,163,1,368,2,13,15
825,30531.392813668655,26629.907431718508,0.8722139731468954,7935,3.0026717373943174e-05,10817,7935.387268143424,0.2598964301572107,857,6.18011598080112,-1.2214337922152947,30531.39281369271,35,0.3,cornerthinned,164,1,368,2,15,14
779,61154.696916028915,57745.887153567775,0.9442592321708052,8683,1.5314270778840786e-05,12289,8682.504840803682,0.1419841882614931,857,13.823474728395013,-1.8773460459614768,61154.696916118526,35,0.3,cornerthinned,165,2,368,2,14,12
811,29413.07602243716,26686.662765685443,0.9073060820067943,5766,3.1485040819785785e-05,10113,5765.881946918241,0.19603525981442832,857,6.305736150086295,-0.9477967777698321,29413.076022456593,35,0.3,cornerthinned,166,1,368,1,14,9
841,53978.91492471096,50281.271739424505,0.9314983787568928,8754,1.7340079115010536e-05,13505,8753.911020970427,0.1621744344474126,857,11.420153354392022,-1.4166872935956323,53978.91492478809,35,0.3,cornerthinned,167,1,368,2,17,8
839,41391.60239573941,37186.586393378195,0.8984089583641233,8978,2.2464729038125374e-05,12289,8977.566795099396,0.21690390031684634,857,8.429565868855395,-1.43732385600296,41391.6023957808,35,0.3,cornerthinned,168,2,368,2,14,14
840,21511.81973766874,18215.035684228573,0.8467454593036005,6493,4.125696244161592e-05,9793,6492.91247921052,0.30183406514095557,857,4.083951033356724,-1.0379108089475881,21511.819737678114,35,0.3,cornerthinned,169,1,368,2,7,18
844,51291.64143986448,45628.50574175535,0.8895895015419086,12298,1.7587060848240098e-05,17281,12298.469835554966,0.2397661617910681,857,10.47293548343573,-1.6814819193922241,51291.64143993397,35,0.3,cornerthinned,170,3,368,1,14,13
819,41310.931862549594,36445.61100649025,0.8822267947804393,10553,2.120119518889342e-05,17985,10552.695479576836,0.2554529642447213,857,7.852535933552918,-2.2356037154321484,41310.93186259385,35,0.3,cornerthinned,171,1,368,2,12,12
832,29193.116652449047,26053.658702037163,0.8924589660025727,6626,3.141923602634465e-05,9217,6626.383963053221,0.2269713124118982,857,5.7555850061112155,-1.261991112270267,29193.116652466968,35,0.3,cornerthinned,172,1,368,2,7,13
843,46861.186114540826,42046.369798925814,0.8972536396358736,10429,1.9574462547378305e-05,14337,10429.011766863785,0.22255091824839504,857,9.55040423078149,-1.5673148948636082,46861.18611459409,35,0.3,cornerthinned,173,1,368,1,9,14
831,27526.272972644634,23488.47233824411,0.85331102985089,8035,3.2797119647638454e-05,11457,8034.870886203936,0.29190293971091225,857,5.356280634889179,-1.2685744728509778,27526.272972660354,35,0.3,cornerthinned,174,1,368,2,13,13
845,52379.25726722872,49265.45156259308,0.940552694576221,7678,1.7832248833862388e-05,10497,7677.822139028872,0.1465847436672946,857,11.40193962087059,-0.9955177205005714,52379.25726729315,35,0.3,cornerthinned,175,1,368,2,22,9
821,23870.599303207586,20365.454642159828,0.8531605923871062,6990,3.7850893978309564e-05,9857,6989.945607027811,0.29282884401904086,857,4.649400905823123,-1.1656050145714951,23870.599303219908,35,0.3,cornerthinned,176,1,368,2,9,11
824,36955.090717393454,33526.47141166209,0.9072220027289059,7797,2.4372287961913e-05,11521,7797.1847411710705,0.21098581680196574,857,7.675454581250804,-1.2942276317163341,36955.09071742461,35,0.3,cornerthinned,177,1,368,2,13,13
779,23388.3614233719,19556.52189880025,0.8361646865631848,7523,3.8188214589189125e-05,10753,7522.838725886552,0.3216557100268809,857,4.53729802385976,-1.4674160771374767,23388.361423384238,35,0.3,cornerthinned,178,1,368,2,8,10
824,40271.69960562515,36158.128095213135,0.8978545343083203,9166,2.204446881585332e-05,14977,9165.783292387636,0.22760400206003953,857,8.162644349638079,-1.6120400206687218,40271.69960566402,35,0.3,cornerthinned,179,1,368,1,15,9
820,34699.32839422917,31634.91566245894,0.911686684625289,6842,2.686855435402239e-05,10497,6842.288359370528,0.19717960884620148,857,7.218286164157783,-1.2449646637097147,34699.32839425674,35,0.3,cornerthinned,180,1,368,2,12,13
742,29594.4028846623,25294.524285759835,0.8547063572912655,8614,3.0345801218343277e-05,12289,8613.696399319195,0.29106855217086747,857,6.414312957554675,-1.5626150437079211,29594.402884684234,35,0.3,cornerthinned,181,1,368,2,16,13
844,32390.99631757152,26934.778092023735,0.8315513924902678,10548,2.6217664348557696e-05,17665,10548.411662692772,0.32564604980297884,857,5.964869882512227,-1.71072166194119,32390.99631759342,35,0.3,cornerthinned,182,1,368,2,14,11
825,35946.505669793754,32120.84828141476,0.8935735945095288,8338,2.531496223515425e-05,11521,8337.696155411866,0.2319557866512325,857,7.56266094077711,-1.1516434640282742,35946.50566982221,35,0.3,cornerthinned,183,1,368,2,14,15
804,31448.715687915315,27605.011545284415,0.8777786609547331,7735,2.842234055236992e-05,12289,7735.207856272647,0.24595598996026094,857,6.4843476574168655,-1.3387159465473093,31448.715687935983,35,0.3,cornerthinned,184,1,368,2,14,9
833,50460.60378937832,47140.32502578494,0.9342005740269743,8224,1.91683132517084e-05,13057,8223.881014961697,0.16297862852229894,857,10.710656148519057,-1.4047349173725883,50460.6037894387,35,0.3,cornerthinned,185,1,368,2,14,13
842,37661.917668452,34298.188755510375,0.9106862018404523,7446,2.4224823246394388e-05,11073,7445.688546697551,0.19770634266553133,857,7.738522581295184,-1.2073010929292765,37661.91766848497,35,0.3,cornerthinned,186,2,368,2,16,17
847,32145.176602107385,26588.207170363832,0.8271289811056989,11156,2.6642388128637984e-05,17473,11156.445513522627,0.3470505120593623,857,5.885824972790656,-1.7045354999677205,32145.176602131727,35,0.3,cornerthinned,187,1,368,2,14,12
846,52961.8794165594,48948.91190889076,0.9242291332581767,8814,1.78723814085195e-05,11393,8813.628656640425,0.1664215865656036,857,10.919663926644512,-1.600874942536296,52961.879416634816,35,0.3,cornerthinned,188,1,368,2,10,17
822,21712.101680760512,18614.606995281247,0.8573378694046919,6061,4.230273881951437e-05,8385,6061.275168087072,0.27915307735366596,857,4.304385213640543,-0.9783645870339353,21712.101680772106,35,0.3,cornerthinned,189,1,368,2,10,17
822,26495.149457818083,22850.50049660828,0.8624408982099796,7419,3.34956754230616e-05,11137,7418.958852658527,0.28001351763693605,857,5.202522654410414,-1.2439857294909733,26495.1494578347,35,0.3,cornerthinned,190,1,368,2,10,10
828,34042.38944251452,29279.390787726225,0.8600862415127674,9379,2.7068918575971742e-05,12737,9378.971720768028,0.2755094502352073,857,6.781729608733221,-1.4410697735235303,34042.389442542946,35,0.3,cornerthinned,191,2,368,1,16,17
835,59970.30355297893,55652.09136053691,0.9279941581648453,10573,1.4851853343828689e-05,18753,10573.295121765512,0.17630392667029954,857,11.806204494137742,-2.5579400694717713,59970.303553069716,35,0.3,cornerthinned,192,1,368,2,8,10
837,27767.039794354863,24214.907621551178,0.872073789676138,7201,3.295072394163368e-05,10177,7200.64991394455,0.25933625094108836,857,5.487879789774077,-1.147016218439376,27767.039794373297,35,0.3,cornerthinned,193,1,368,2,11,12
843,62629.60340470574,58962.31821030233,0.9414448600176212,8954,1.5066912464236147e-05,12033,8953.875867430905,0.142967534731782,857,13.387847231177501,-1.4708961626093273,62629.60340481148,35,0.3,cornerthinned,194,1,368,2,13,17
836,42995.717261179576,38977.604020821294,0.9065461981724817,8765,2.1521910616179554e-05,11777,8764.774714168994,0.20385751322059778,857,9.116830800940873,-1.1692259601170283,42995.71726122203,35,0.3,cornerthinned,195,1,368,1,16,18
814,45927.13621701815,42160.46464521159,0.9179859254884081,9084,1.9346535816973477e-05,14145,9083.88224257791,0.19779156177027107,857,10.00742791498838,-1.2768807378553142,45927.136217073836,35,0.3,cornerthinned,196,1,368,2,15,11
825,26708.387144986133,22185.54686306039,0.8306584273556631,8571,3.3484965376258635e-05,12609,8570.568819470114,0.3209104298762946,857,5.027140991166086,-1.4476195288347276,26708.38714500336,35,0.3,cornerthinned,197,1,368,2,10,10
837,24339.1325903702,20662.842704507053,0.8489555914857181,7277,3.6496675745284074e-05,10945,7276.869857568217,0.2989835390797432,857,4.660096065159266,-1.1557062264497078,24339.132590383553,35,0.3,cornerthinned,198,1,368,2,9,9
840,32776.6400612883,29284.17995211664,0.8934466710852245,7208,2.8607480641963525e-05,9409,7207.672735311937,0.21991271791501274,857,6.771410583283332,-1.0325513360769132,32776.64006131303,35,0.3,cornerthinned,199,1,368,2,14,16
815,31381.449010886696,28195.57078187456,0.8984789316800857,6711,2.9426320966248485e-05,9345,6711.465440956928,0.21385245779032871,857,6.585073616517661,-1.1158954659143634,31381.4490109105,35,0.3,cornerthinned,200,1,368,2,13,17
847,31292.104626982367,27615.356139093605,0.8825023586071485,7844,2.887375842508433e-05,10945,7844.351362723918,0.2506702599107483,857,6.300310442387412,-1.0886162700103301,31292.10462700444,35,0.3,cornerthinned,201,1,368,2,15,9
801,44373.88297882846,41546.58727659976,0.9362846901728739,6655,2.1241052002204882e-05,9089,6655.421248218676,0.14997560621808137,857,10.049112882461694,-1.0305083357354299,44373.88297887948,35,0.3,cornerthinned,202,2,368,2,17,11
815,31540.852921342197,27543.806517566794,0.8732739912346889,8397,2.8351166017609843e-05,12033,8397.354162265257,0.26622615504218494,857,6.365186819371803,-1.37489978709784,31540.852921363796,35,0.3,cornerthinned,203,1,368,2,11,14
839,32649.39896928158,29724.10211559242,0.910402734934219,6372,2.8577072986645242e-05,8449,6371.957359666183,0.19516438896762361,857,6.913315732515665,-0.8696160837672672,32649.3989693069,35,0.3,cornerthinned,204,3,368,2,14,13
828,25457.173916698623,22425.21779815244,0.8808997366138362,6219,3.630770375005841e-05,8449,6219.151226788331,0.2442926312382479,857,5.175859010803492,-0.9732168144898312,25457.173916714357,35,0.3,cornerthinned,205,1,368,2,11,14
818,40935.69193579467,36375.383966784604,0.8885982438952625,9410,2.213552886715766e-05,14529,9410.389340293159,0.2298727480839717,857,8.322822364175122,-1.6859042705042495,40935.69193583863,35,0.3,cornerthinned,206,1,368,2,14,12
830,26470.65576309942,21889.98436620586,0.8269528553471236,8749,3.407125941793286e-05,12353,8749.00622953689,0.33051693461241205,857,4.896873797331541,-1.4815974708885142,26470.65576311323,35,0.3,cornerthinned,207,1,368,2,11,14
845,77915.98936121677,74064.48921909982,0.9505685524409955,9350,1.2248098831709183e-05,12225,9349.531591589395,0.12000104313189956,857,16.518157238043646,-1.9234970486731535,77915.98936137847,35,0.3,cornerthinned,208,1,368,2,17,11
820,27358.20665982122,22282.25745735049,0.8144633796510733,9633,3.256792054188397e-05,14337,9632.999695800747,0.35210641252108116,857,5.108622206952637,-1.5641111247145412,27358.206659835432,35,0.3,cornerthinned,209,1,368,2,12,13
828,34510.27080706433,31600.75466776935,0.9156912979454397,6258,2.7368867341089534e-05,8257,6258.414261321731,0.1813373194022857,857,7.306796652842294,-1.0290175517695546,34510.27080709305,35,0.3,cornerthinned,210,2,368,2,13,19
839,37864.08738082872,33980.09504627644,0.8974227928567791,8492,2.4073038889518167e-05,12097,8491.927094931165,0.22427583991631223,857,7.820961644339075,-1.2050424988936825,37864.08738086142,35,0.3,cornerthinned,211,1,368,1,15,14
833,35412.68082252536,31895.463006143502,0.9006791427621988,7360,2.637930073241207e-05,9857,7359.579839190124,0.20783515478213777,857,7.24877724982389,-1.2536671253399179,35412.68082255726,35,0.3,cornerthinned,212,1,368,2,13,8
837,47232.48138103828,44553.24806924609,0.9432756181031856,6877,2.09640285009427e-05,12289,6876.905038742379,0.14559895645797696,857,9.54770221837014,-1.7384343123569501,47232.481381092875,35,0.3,cornerthinned,213,2,368,2,11,11
845,28726.250320265037,24756.821413246293,0.8618187594007528,7844,3.221395415392744e-05,10689,7843.531149475132,0.2730603511613356,857,5.569708119855838,-1.229404381985836,28726.25032028107,35,0.3,cornerthinned,214,1,368,1,7,11
825,33439.5264076356,29464.674846665243,0.881133138295202,7380,2.703209678236255e-05,13441,7380.20034436875,0.22069690551343593,857,6.7403973744704615,-1.3661544819329305,33439.526407663994,35,0.3,cornerthinned,215,1,368,2,11,13
830,36497.63351256444,30904.5614426546,0.8467552131021207,10996,2.4429203364356672e-05,16065,10995.833879515878,0.30127980753093453,857,7.066905325295879,-1.7277051596666766,36497.633512594606,35,0.3,cornerthinned,216,1,368,2,15,13
840,43966.51731746781,40830.549617453704,0.928673729661817,7411,2.1825027149155993e-05,10049,7410.61056237249,0.168560087361198,857,9.291856469860125,-1.1763619390717364,43966.51731751382,35,0.3,cornerthinned,217,1,368,2,12,12
824,23467.54426693531,19730.020148544685,0.8407364624147476,7139,3.876412661313672e-05,11713,7139.306444662509,0.3042073733321352,857,4.520434441782955,-1.1755714482524375,23467.544266945817,35,0.3,cornerthinned,218,1,368,2,12,14
829,54018.484089003454,48963.33031406983,0.9064180741058097,12014,1.646108476183626e-05,17985,12013.595094192544,0.22240535258644348,857,11.457419539127475,-1.5747841011802466,54018.4840890755,35,0.3,cornerthinned,219,1,368,2,13,12
825,32601.35232317112,27365.12128692326,0.8393860787018256,10485,2.691231088597452e-05,15553,10484.51167104392,0.3216124256461558,857,6.294434705905383,-1.6089234330503825,32601.352323192532,35,0.3,cornerthinned,220,1,368,1,11,15
841,43163.2699729349,39884.94641992371,0.9240483041468631,7371,2.1803805192232935e-05,9601,7371.393910265148,0.17077019430228324,857,8.907404404028224,-1.3573446977503059,43163.26997297872,35,0.3,cornerthinned,221,2,368,2,13,16
837,47065.95972663691,42144.31687421626,0.8954309466755598,10632,1.8923365620295455e-05,17345,10632.140755063045,0.22589574422260927,857,9.38598013005888,-1.8603662801438106,47065.95972669826,35,0.3,cornerthinned,222,1,368,2,13,12
838,29819.148828103553,24000.686962416006,0.8048749848887758,10721,2.770200004631272e-05,19969,10721.335810454124,0.3595340719415779,857,4.77347648461871,-2.3432654791329752,29819.148828119563,35,0.3,cornerthinned,223,1,368,2,7,12
846,26290.463805038857,23205.15688209369,0.8826453977447961,6321,3.53112933299009e-05,8385,6321.135417829481,0.2404293833259994,857,5.220023489027076,-0.9952161811988275,26290.463805055573,35,0.3,cornerthinned,224,1,368,2,12,12
832,53958.715215851764,49889.53634198172,0.9245871800766188,9639,1.7135344038381508e-05,13313,9638.829778621317,0.1786365735626021,857,11.571577989924458,-1.399267013902511,53958.715215920194,35,0.3,cornerthinned,225,1,368,2,17,13
814,41250.549424891426,32652.905412434742,0.7915750424582542,16261,2.0000244185806915e-05,27649,16260.58011782114,0.3942008100912173,857,7.229362293846586,-2.9059078351284584,41250.54942492843,35,0.3,cornerthinned,226,2,368,2,13,10
829,39237.98115354853,32066.151966319456,0.8172222684147836,13516,2.174137183313801e-05,22337,13515.723755416264,0.34446216657040385,857,7.002409513841173,-2.4639309333433337,39237.98115357978,35,0.3,cornerthinned,227,1,368,2,11,11
833,58173.86092098184,55116.25070944758,0.9474401361173631,7449,1.6279570850316752e-05,9921,7449.170754071325,0.1280471999291581,857,12.52084111757152,-1.4464724289029844,58173.860921066305,35,0.3,cornerthinned,228,1,368,2,12,12
824,35649.98946134531,32441.693673950536,0.9100057016602074,6908,2.6322947707865983e-05,8961,6907.650415178349,0.19377284830589445,857,7.5334908428732525,-1.1194192205678277,35649.98946137725,35,0.3,cornerthinned,229,1,368,2,12,14
797,89127.16280101483,75247.31085209503,0.8442691149059919,28131,9.769314099773081e-06,45441,28130.97237408903,0.31562768426506776,857,15.883429803646116,-6.482232128904606,89127.16280121462,35,0.3,cornerthinned,230,1,368,1,10,11
705,55151.172775783605,51729.91125460075,0.9379657521501501,8509,1.684423653084568e-05,11329,8509.348257629767,0.15428502372185687,857,14.255102966690853,-1.3906198065980075,55151.17277584323,35,0.3,cornerthinned,231,1,368,2,20,13
836,25297.469545976644,21912.311030582536,0.8661858843533032,6793,3.4887714989342295e-05,10625,6792.964389452038,0.2685248810223539,857,4.8864779770679485,-1.1655482301068583,25297.46954599069,35,0.3,cornerthinned,232,1,368,2,13,13
821,44711.18048113665,38242.8771698459,0.8553314128214601,13085,1.969397933721623e-05,21313,13085.037366953575,0.2926561065754118,857,8.828323452774804,-2.063559733868179,44711.18048116944,35,0.3,cornerthinned,233,2,368,2,10,16
819,42037.88953272537,37719.76061490202,0.897280073623539,9200,2.2059848906423106e-05,12289,9200.023725643348,0.21885018734915432,857,8.827574149429157,-1.4380887401348126,42037.88953276446,35,0.3,cornerthinned,234,2,368,2,12,17
786,29058.15889374044,25139.509260013187,0.8651446002461157,7805,3.091748513454482e-05,11649,7805.179954461762,0.2685992608320864,857,5.917809815658067,-1.4761237450939677,29058.1588937555,35,0.3,cornerthinned,235,1,368,2,10,16
798,38655.430142925885,33785.4837324078,0.8740164992987588,9946,2.37739175159924e-05,13441,9946.379944349112,0.257298908930138,857,7.896042267263946,-1.7920354628012034,38655.43014295994,35,0.3,cornerthinned,236,1,368,2,9,10
846,29457.46935124388,25651.454018954068,0.8707962558864855,7695,3.137951022207879e-05,10241,7694.974059051373,0.26122406878359594,857,5.593840893451546,-1.3700998515283032,29457.469351264765,35,0.3,cornerthinned,237,1,368,2,9,15
828,42062.763278789906,39639.86783645499,0.942398091483527,6163,2.425766593048582e-05,8641,6162.818082542573,0.14651914233860344,857,9.258499392225756,-0.901588356285804,42062.76327883786,35,0.3,cornerthinned,238,1,368,1,13,20
816,26548.996052997307,22750.44150802805,0.8569228554862657,7430,3.4102067691771086e-05,10817,7429.9409640701115,0.2798599233345087,857,5.264186049620358,-1.242920826118181,26548.996053013238,35,0.3,cornerthinned,239,1,368,2,8,12
830,37478.57596886222,33704.99861373886,0.8993137477192702,8534,2.3992534911132038e-05,13377,8534.294631011337,0.2277034220054193,857,7.551121057226081,-1.4798611039534633,37478.57596889511,35,0.3,cornerthinned,240,1,368,2,15,12
842,39727.31408479588,36167.21003250937,0.9103864901440946,7888,2.333707567790402e-05,10561,7888.147551518473,0.1985535690422835,857,8.351716261064421,-1.0847003861644604,39727.31408483359,35,0.3,cornerthinned,241,2,368,1,14,12
831,32675.85212642508,28847.48276779514,0.8828379641388472,8065,2.786386215892539e-05,11201,8065.309115530152,0.24681835285567977,857,6.732822556264613,-1.1314017822314881,32675.852126451296,35,0.3,cornerthinned,242,1,368,1,15,13
786,49406.03899742047,45023.25500074159,0.9112905206404482,9458,1.900791514342067e-05,12225,9458.131048345449,0.19143408765260073,857,10.94253541118989,-1.628975784096752,49406.038997476506,35,0.3,cornerthinned,243,1,368,2,13,13
838,31606.0272636047,29050.562729154895,0.9191462908914053,6664,3.047173974510845e-05,9793,6664.20470064804,0.21084586001334618,857,6.4622625378264,-1.0809420596986223,31606.027263629843,35,0.3,cornerthinned,244,1,368,2,13,7
834,35202.371027839225,31741.83471438088,0.901695930915516,7359,2.628457134460404e-05,10241,7358.5227408238,0.20904841876077762,857,7.326668521826459,-1.1151470723866068,35202.37102786849,35,0.3,cornerthinned,245,1,368,1,13,15
844,27891.19055132575,25053.958449820373,0.8982749733725326,6153,3.29502273221309e-05,8321,6153.021956842706,0.22060729134803927,857,5.695657951504069,-0.9136289090039522,27891.19055134385,35,0.3,cornerthinned,246,1,368,2,10,13
785,38949.246779390436,34393.081644951744,0.8830230232629419,9979,2.2873569866493125e-05,14977,9979.18997229239,0.2562052112720259,857,8.092310746726287,-1.831064228923199,38949.24677942424,35,0.3,cornerthinned,247,1,368,2,10,3
810,38691.259927653795,34918.112692954186,0.9024806314977913,8024,2.4130067653897917e-05,11009,8023.807619454922,0.2073853375414381,857,8.307550808956197,-1.245846704053525,38691.259927689374,35,0.3,cornerthinned,248,1,368,2,12,13
745,45992.04280935203,42694.0905726954,0.9282929821072,7657,2.0337637988524795e-05,10625,7657.193103122148,0.16648532077037953,857,10.744115208830316,-1.6027419212125822,45992.042809409795,35,0.3,cornerthinned,249,2,368,2,13,13
823,27982.990543873017,23438.87354101131,0.8376114591563317,8682,3.268996949266579e-05,11969,8681.941014764283,0.31025990543748216,857,5.369454852560351,-1.4307858628440402,27982.99054388907,35,0.3,cornerthinned,250,1,368,2,14,14
843,54958.15497040435,48831.14070075072,0.8885149206163653,12752,1.6683087374959016e-05,19137,12751.89736570702,0.23203107904308487,857,10.443241046304205,-2.59546713174177,54958.15497046379,35,0.3,cornerthinned,251,2,368,1,10,18
813,72824.39451405974,68239.21123308064,0.9370378111404158,11973,1.3353374199123492e-05,25025,11973.233831051744,0.16440919392317707,857,14.227653066238812,-3.6873271340514124,72824.39451417976,35,0.3,cornerthinned,252,1,368,2,10,13
810,45534.56968878588,41920.434764821766,0.9206287673592709,8434,1.9916588226698847e-05,12801,8433.740407199524,0.18522191068552255,857,10.09559097030252,-1.1475126565711757,45534.56968883847,35,0.3,cornerthinned,253,2,368,2,13,12
819,23226.165781287495,19824.018125175407,0.8535209087824096,6902,3.8483892796435127e-05,9857,6902.210659288173,0.2971648469658603,857,4.551982635864963,-1.119852719763783,23226.165781299715,35,0.3,cornerthinned,254,1,368,2,11,9
821,40912.9101969704,36436.20050104269,0.8905795340792156,9559,2.2415400057556867e-05,12993,9558.51108209084,0.23364263148183098,857,8.480424110405385,-1.4861800788800443,40912.91019701669,35,0.3,cornerthinned,255,1,368,2,14,13
837,62143.13432044756,58166.51328792589,0.9360086826001435,9483,1.509936778471609e-05,12417,9483.01101460987,0.1525993193568242,857,13.480870034179228,-1.3681465298694138,62143.13432054356,35,0.3,cornerthinned,256,1,368,2,13,14
832,29792.514992001223,23742.260932718662,0.7969203318045841,11176,2.7586334639678455e-05,20161,11176.23914446052,0.37512777967890804,857,4.940960298506068,-2.220701959190776,29792.514992018874,35,0.3,cornerthinned,257,1,368,2,8,10
833,27318.18829336294,23402.76167575357,0.8566732692679829,7836,3.286931392653188e-05,11265,7835.940686868838,0.28684186212684487,857,5.301002966435132,-1.2579858194899447,27318.188293377945,35,0.3,cornerthinned,258,2,368,2,9,17
824,24893.747904413427,21829.925839865475,0.876924034246978,6118,3.752661460404706e-05,8065,6118.182276299858,0.24576451981002573,857,5.009806131466896,-1.032365689996175,24893.747904427855,35,0.3,cornerthinned,259,1,368,2,12,13
844,44523.0876498,40320.388953378955,0.9056063063398092,9208,2.0799102228430645e-05,12865,9208.403821047226,0.20681404830739233,857,9.27136131784566,-1.2791333859094567,44523.087649846595,35,0.3,cornerthinned,260,1,368,2,12,12
831,24555.418748546148,21027.503488708975,0.8563284423709512,7570,3.838327290285792e-05,11457,7570.207447657818,0.30828226052745267,857,4.756584253628807,-1.1532638206331018,24555.41874855823,35,0.3,cornerthinned,261,1,368,2,9,10
805,107986.15658260172,103967.50282658171,0.9627854728495127,10009,8.88606114877004e-06,13377,10008.558297564492,0.09268780662958245,857,24.555689315578874,-2.2731694627842085,107986.15658291141,35,0.3,cornerthinned,262,1,368,1,11,19
842,29057.44770037382,24413.67017671502,0.8401863242930637,8950,2.950787434985782e-05,15169,8949.74299477163,0.3080105345895489,857,5.396594293194483,-1.5054122864704709,29057.447700389457,35,0.3,cornerthinned,263,1,368,2,10,15
847,32405.04273424298,29393.52596826894,0.907066415845466,6443,2.9113091292194416e-05,9089,6443.314088130419,0.1988270792555249,857,6.483793839214146,-1.1679281759615654,32405.042734269136,35,0.3,cornerthinned,264,1,368,2,11,12
841,27429.96420149728,24337.16612790652,0.8872474622689468,6537,3.3411289421010963e-05,8961,6537.180425603729,0.23831602374614744,857,5.539313658319982,-0.9838645108868916,27429.9642015149,35,0.3,cornerthinned,265,1,368,2,11,11
836,71730.69473363334,64418.0106540897,0.8980536281336916,16535,1.2384214490204003e-05,26113,16535.32838949865,0.23051498471332957,857,14.908026873968922,-2.252426411619549,71730.69473375981,35,0.3,cornerthinned,266,1,368,2,18,16
840,31498.78627769072,27742.382527533286,0.880744492278487,7518,2.982271653904735e-05,9793,7518.379964418968,0.23867586305459287,857,6.220019528162863,-1.2796914903396641,31498.786277710613,35,0.3,cornerthinned,267,1,368,2,11,16
848,55367.95656918689,49769.339615806064,0.898883446305538,12169,1.6625085227851822e-05,16449,12168.795790033057,0.2197841631520899,857,11.075333828821499,-1.983146494115241,55367.95656925178,35,0.3,cornerthinned,268,1,368,2,9,13
829,44461.395160511165,41375.060649973544,0.9305839481780639,7096,2.1105254608545397e-05,9409,7096.0851040607895,0.15959913031029632,857,9.713445685849399,-1.0130670187488966,44461.395160559936,35,0.3,cornerthinned,269,1,368,2,16,15
815,31129.26442280545,27294.921192604445,0.8768251257684089,7700,2.9116898918217322e-05,11649,7699.652868841053,0.24735566813968604,857,6.299976720929743,-1.3391065730149407,31129.264422824584,35,0.3,cornerthinned,270,1,368,1,11,11
836,27292.70881870938,23731.522699617737,0.8695187735762446,7384,3.2707452570086804e-05,10881,7384.396741023854,0.2705484475376884,857,5.365821441452321,-1.163534735277179,27292.708818729312,35,0.3,cornerthinned,271,1,368,2,9,7
845,41534.44291122063,37669.58420505571,0.9069481029413106,8502,2.2244823671198144e-05,11841,8502.183685754408,0.20469758118997583,857,8.601516860071568,-1.2291205153757567,41534.442911264945,35,0.3,cornerthinned,272,1,368,2,14,11
812,60971.638911798786,56300.01960576429,0.9233804537747061,10396,1.542029391200478e-05,13505,10395.539676861226,0.170505503633235,857,13.31410799814318,-1.703537054047818,60971.638911895454,35,0.3,cornerthinned,273,2,368,1,15,16
836,25409.636366752464,21187.115988929607,0.8338220855711315,8143,3.5406750117274684e-05,11649,8143.257865978154,0.320468970215363,857,4.765590865363381,-1.3132695094605078,25409.636366763854,35,0.3,cornerthinned,274,2,368,2,14,15
811,37460.38595325843,34250.41775666192,0.9143103276991918,7165,2.488670151371066e-05,9409,7164.917645653922,0.1912687180783508,857,8.03452918971929,-1.203543795063288,37460.38595329336,35,0.3,cornerthinned,275,1,368,2,13,12
822,32621.342792140524,29653.80247739205,0.9090307123879817,6560,2.80903756255028e-05,10497,6560.185291469917,0.2010953393856155,857,6.677464766232424,-1.25960160655753,32621.34279216671,35,0.3,cornerthinned,276,1,368,2,11,11
771,60841.57156024949,56834.95483475572,0.9341467252941331,8757,1.5787307414751935e-05,11521,8756.728756860828,0.14393119335072105,857,13.576215898382328,-2.2062929369874933,60841.57156035066,35,0.3,cornerthinned,277,1,368,2,13,16
812,39905.65817713305,35012.97447258083,0.8773937349226367,10109,2.3038010509830323e-05,13825,10108.924345693158,0.2533224725959466,857,8.014730217882443,-1.8142496287117527,39905.65817717244,35,0.3,cornerthinned,278,1,368,2,12,17
824,30272.623807342166,25815.206838941627,0.8527574947989985,8876,2.9685416320724325e-05,13313,8876.455035311492,0.2932022033005035,857,5.626646568950632,-1.7210776561368182,30272.623807360294,35,0.3,cornerthinned,279,1,368,2,9,11
828,42192.20322136762,37493.156581442236,0.8886276069710998,9926,2.1711818844393586e-05,14017,9925.76028394789,0.2352567356561537,857,8.434552828152784,-1.7568006069706084,42192.20322141085,35,0.3,cornerthinned,280,1,368,1,12,10
840,27621.780920466786,24680.900532797918,0.8935303847301975,6211,3.352729046342814e-05,8257,6210.961694940917,0.22485878147697072,857,5.525951140078994,-1.0506633647980204,27621.78092048346,35,0.3,cornerthinned,281,1,368,2,9,13
827,36697.62484207866,32644.6279526883,0.8895569697812414,8650,2.4570693607777676e-05,12545,8650.476505249215,0.23571007762010898,857,7.531369224270147,-1.3435098185619285,36697.624842110636,35,0.3,cornerthinned,282,1,368,2,16,13
836,39411.954733412946,35522.58432992593,0.9013149581187949,8399,2.324679160814014e-05,11905,8398.549744587388,0.21310792770396228,857,8.210175931560748,-1.2185213730922548,39411.95473344955,35,0.3,cornerthinned,283,1,368,2,13,11
842,33875.95062510167,29946.207515856204,0.8839960787304497,8330,2.7231749818018287e-05,12353,8329.938714385507,0.24589715849413155,857,6.597297386451656,-1.44924670502745,33875.950625127036,35,0.3,cornerthinned,284,2,368,2,11,12
823,32974.45017611232,28475.771024528425,0.86357076076911,9185,2.7523136687503622e-05,12609,9185.224877503168,0.2785489962969539,857,6.5747340532999345,-1.4384980672674528,32974.4501761348,35,0.3,cornerthinned,285,2,368,2,14,12
801,37185.549895368815,28153.57937997084,0.7571107448777343,15654,2.2142657085420965e-05,28865,15654.068130066647,0.42096997473606246,857,6.176111808332603,-3.108669688645437,37185.54989539705,35,0.3,cornerthinned,286,1,368,1,13,13
807,47565.606026646434,43706.4148882374,0.9188659314832003,8668,1.9233429736204955e-05,12673,8667.722461022451,0.18223251471124227,857,10.304187928508334,-1.484066353201558,47565.60602669942,35,0.3,cornerthinned,287,1,368,2,12,13
840,51481.685197554456,48063.04458546831,0.9335950134699837,7747,1.8339682223573246e-05,11265,7746.835981469907,0.15048069950064508,857,10.951663028901113,-1.305881065771462,51481.685197624814,35,0.3,cornerthinned,288,3,368,2,14,17
782,40440.95203438119,38255.48487881061,0.9459590576969458,7168,2.5414118552422264e-05,11009,7167.74995927907,0.17724607457079816,857,9.065065234496373,-1.2778892500110786,40440.95203442414,35,0.3,cornerthinned,289,1,368,2,13,11
826,30480.14496146796,27111.867362176145,0.889492730315099,7210,2.949966523354528e-05,10753,7210.269019017067,0.23654743142182083,857,6.321280418655535,-1.0588999594288548,30480.14496148853,35,0.3,cornerthinned,290,1,368,2,13,12
763,43685.89117004489,40209.93237873633,0.9204329201439755,8286,2.081248664337975e-05,11649,8285.545338570078,0.18967222089500724,857,10.033193331600206,-1.4178921651462344,43685.89117008767,35,0.3,cornerthinned,291,1,368,2,15,8
812,24944.92734134919,21571.991081440487,0.8647846829235835,6741,3.6966640850377686e-05,9665,6740.8365983115045,0.27023530306404175,857,4.8983425391279365,-1.24572823460679,24944.92734136299,35,0.3,cornerthinned,292,1,368,2,7,13
824,32248.871653638107,28750.368139240214,0.8915154752708002,7224,2.853148267986945e-05,10433,7223.584458749628,0.22400783747064948,857,6.639718095651219,-1.187677936790171,32248.871653658527,35,0.3,cornerthinned,293,1,368,2,9,13
841,87828.56944846992,83294.4364438066,0.9483751923419002,11308,1.0590651976383954e-05,17857,11307.829030992054,0.12875081617530545,857,19.143081661073047,-1.7436173754694893,87828.56944866138,35,0.3,cornerthinned,294,1,368,2,19,5
789,31411.655974964302,27071.2089531518,0.8618204966566576,8812,2.891758224692263e-05,12545,8812.198595496538,0.2805328062622147,857,6.66507331442351,-1.2973236374106893,31411.655974985915,35,0.3,cornerthinned,295,1,368,1,14,16
806,36612.26452753789,37313.8621795131,1.019162913330518,5017,3.187073849175516e-05,7425,5017.104428570912,0.13703058427938722,857,8.514447323766761,-0.570481839402111,36612.26452757056,35,0.3,cornerthinned,296,2,368,2,10,11
793,27112.011435741202,23337.808512408144,0.8607922199989336,7401,3.343515049055678e-05,11649,7400.69222192879,0.2729786396535454,857,5.6151387380635,-1.222695167550139,27112.01143575808,35,0.3,cornerthinned,297,1,368,2,13,14
791,29110.107044594566,25979.428285525955,0.8924538905242554,6702,3.150973465194006e-05,9153,6702.022561669588,0.23022931484700568,857,6.304265630060096,-1.0560648489831679,29110.107044616107,35,0.3,cornerthinned,298,1,368,2,16,14
812,33487.66342223949,29666.765015309265,0.8859013136045577,7886,2.7239441359003603e-05,12417,7886.087616207489,0.23548970558402196,857,6.927348001023648,-1.320844960125467,33487.66342226541,35,0.3,cornerthinned,299,2,368,2,9,13
782,25348.728892320672,21812.203674395932,0.8604851062572956,7293,3.5221953189319786e-05,10817,7292.665144892181,0.287706733973923,857,5.277308713802601,-1.205742153802548,25348.728892336134,35,0.3,cornerthinned,300,1,368,2,10,20
834,25924.76915660657,22126.848284191106,0.8535022298762642,7442,3.545749342027755e-05,10113,7441.535655401608,0.2870613796035869,857,4.973165993901757,-1.243805026870883,25924.769156621907,35,0.3,cornerthinned,301,1,368,2,10,9
836,24709.441278212507,21453.032934481944,0.8682119799041391,6626,3.620488945709457e-05,9857,6625.571510542035,0.2681566096697808,857,4.8161289641120755,-1.0952206239803173,24709.441278226204,35,0.3,cornerthinned,302,1,368,2,12,15
845,38500.06361710216,35003.06616577967,0.9091690474566104,7752,2.40000796024987e-05,10433,7751.957511903747,0.2013503166409438,857,7.878236155567103,-1.2342049372462378,38500.063617136366,35,0.3,cornerthinned,303,2,368,2,12,9
820,43599.695283836496,38220.7462711512,0.8766287475711003,11206,2.0732798070161067e-05,16449,11205.518978596298,0.25702014491267205,857,8.649936299985336,-1.9841357204722037,43599.69528387591,35,0.3,cornerthinned,304,1,368,2,13,13
834,33549.92788302145,27061.72751090981,0.8066106015269524,12421,2.5567199181706794e-05,19329,12421.35984360992,0.37022434275591604,857,5.847003623384664,-2.198542631542288,33549.92788304539,35,0.3,cornerthinned,305,1,368,2,8,8
838,22323.7133278627,19408.49240479599,0.8694114693083717,5640,3.96756323187065e-05,9537,5640.087242461193,0.2526461398767649,857,4.3885264496201675,-0.939328759896093,22323.713327873134,35,0.3,cornerthinned,306,1,368,2,9,14
816,29658.0183173342,27107.387795950002,0.9139986193921313,5922,3.338575328310815e-05,8129,5921.698037769438,0.19967618660950023,857,6.3283716107335914,-0.9407505258739048,29658.018317358587,35,0.3,cornerthinned,307,6,368,2,8,19
839,67947.66722576649,63834.44897133116,0.9394649084748041,10300,1.36391672476915e-05,14465,10299.936270266837,0.15158724972524337,857,14.721802425420918,-1.4754960789610287,67947.66722588227,35,0.3,cornerthinned,308,1,368,1,17,10
836,26657.135655398575,23035.52444766421,0.8641410219555634,7431,3.3734871583898e-05,10561,7430.604224922755,0.27876213318872023,857,5.117547506091422,-1.2597576746300796,26657.135655415877,35,0.3,cornerthinned,309,1,368,2,10,11
836,28052.499964078455,25412.86953425498,0.9059039146884038,5652,3.341579813458055e-05,7553,5651.825840957498,0.2014793692981891,857,5.817654426169939,-0.8934699671553505,28052.499964099716,35,0.3,cornerthinned,310,1,368,2,11,14
810,27423.839304701127,24676.1021978121,0.8998047984325084,5867,3.397993511089771e-05,7937,5867.229177278915,0.2139379513864877,857,5.857090190333443,-0.9142281565115444,27423.839304722198,35,0.3,cornerthinned,311,1,368,2,11,11
830,30994.074116136348,25549.09995471966,0.8243220900545666,10490,2.8620026498791483e-05,15233,10489.652284933904,0.33845179438796735,857,5.648590456612583,-1.8198611376410745,30994.07411615268,35,0.3,cornerthinned,312,1,368,2,7,13
807,28132.943341779363,23851.94691601861,0.8478297711777929,8305,3.2783589745290425e-05,11329,8305.44451782325,0.2952055140162495,857,5.703626336663382,-1.2686024964958724,28132.943341797592,35,0.3,cornerthinned,313,2,368,2,11,16
708,46110.550790725654,41779.640595802135,0.9060755050491697,10085,2.0548391965450413e-05,19585,10085.455915085538,0.21871350107638327,857,9.677730314813674,-3.347849004613508,46110.55079077223,35,0.3,cornerthinned,314,2,368,2,9,15
833,38239.692690475866,34029.748521865076,0.8899064330174563,8638,2.3719280038114437e-05,16193,8637.856340432192,0.2258909366745883,857,7.701270395116659,-1.4799283300953585,38239.69269050805,35,0.3,cornerthinned,315,2,368,2,11,17
848,45482.76315842807,41335.03559345393,0.9088066054710321,9122,2.0482185993397104e-05,12033,9122.306159400792,0.20055949477444338,857,9.298868836354666,-1.4281979463049959,45482.76315847697,35,0.3,cornerthinned,316,1,368,1,14,10
841,30199.304241795588,26848.04744075807,0.8890286751573764,7175,3.0390951444087523e-05,10689,7174.546144789912,0.2375882550986012,857,5.897014330055934,-1.2847464884497473,30199.30424181639,35,0.3,cornerthinned,317,1,368,2,10,15
817,37730.617122035575,33445.944555195674,0.8864404323687155,9241,2.3197144355825397e-05,15233,9240.617578075466,0.24492045730688664,857,7.352302726284214,-1.884078454149113,37730.617122070136,35,0.3,cornerthinned,318,2,368,1,11,13
844,28701.179068035926,25001.07821785988,0.8710819217076418,7546,3.190145355601834e-05,10433,7545.704536483311,0.26291602801795233,857,5.614198381702615,-1.1870288856088882,28701.179068054545,35,0.3,cornerthinned,319,1,368,2,15,10
639,46620.05028482668,42662.26750181299,0.9151055659778681,8942,1.9898637961250855e-05,11777,8942.312885669353,0.1918058849222291,857,11.826419561940334,-2.7651454724515387,46620.05028488203,35,0.3,cornerthinned,320,1,368,2,9,11
815,62534.11757430877,56775.84133013492,0.9079178460089192,13716,1.4254505965206577e-05,19585,13715.713493241434,0.21933626845699694,857,13.141755161132675,-2.204040562651622,62534.11757442101,35,0.3,cornerthinned,321,1,368,2,13,12
829,37421.797490813005,31331.983156847866,0.8372655847047384,11832,2.4229900789917936e-05,16385,11832.356722228302,0.31617936051587947,857,6.91836343775452,-2.1098144852463636,37421.79749083867,35,0.3,cornerthinned,322,1,368,2,12,14
829,45419.961011775114,40047.84814686643,0.8817235254007382,11333,1.9793653737043833e-05,16385,11333.351399127887,0.24951584606296606,857,8.921004167116083,-2.036766885193837,45419.96101182461,35,0.3,cornerthinned,323,2,368,2,13,12
838,37988.36049282217,33346.90210932696,0.8778189339239265,9440,2.424741510099287e-05,12865,9440.048114710255,0.24849716801502056,857,7.451370130693385,-1.6150643544742234,37988.36049285228,35,0.3,cornerthinned,324,1,368,2,14,19
791,51929.43694865779,48564.378012922905,0.9351993949200356,7702,1.8330209958588278e-05,10369,7702.325055376251,0.14831664760037558,857,11.46283235302355,-1.667240200382264,51929.436948719995,35,0.3,cornerthinned,325,1,368,2,12,10
835,46884.64412365238,43048.85145729598,0.9181865888490062,8747,1.9812476951350965e-05,11585,8747.202100733697,0.18656428268775768,857,10.022855696359603,-1.2069991835689962,46884.6441237019,35,0.3,cornerthinned,326,1,368,2,18,8
834,27881.809506021913,24988.304840911387,0.8962224935764809,6141,3.3241536860838184e-05,8257,6140.570424706324,0.22025112820147727,857,5.753552516172279,-0.9327327370749926,27881.809506041125,35,0.3,cornerthinned,327,1,368,2,14,12
841,55333.274544988235,46630.14975857486,0.8427144451872738,17316,1.603203362236158e-05,25153,17315.534781108297,0.31294009151620655,857,10.149658985391556,-3.0092648065339023,55333.27454504655,35,0.3,cornerthinned,328,1,368,1,8,10
833,44234.44923301029,40399.1656044353,0.9132964534412497,8446,2.1104099478656886e-05,11201,8445.64543799011,0.19093715749708282,857,9.507550678275875,-1.112965344066121,44234.44923305441,35,0.3,cornerthinned,329,1,368,2,15,15
840,32186.609824959065,28235.216881838638,0.877234882312572,8019,2.873518401017188e-05,11201,8018.722417700503,0.24914087080341332,857,6.359481569161202,-1.3039969605966313,32186.6098249829,35,0.3,cornerthinned,330,1,368,2,7,20
841,62962.96241020303,57414.18954207811,0.9118724301443327,13908,1.399834324104807e-05,20865,13907.810706491366,0.22089176664511953,857,12.781194502977325,-2.192161599351437,62962.96241029244,35,0.3,cornerthinned,331,1,368,2,13,12
816,37927.3049994294,32779.51961495849,0.8642723129273657,10618,2.3817426329613586e-05,15041,10617.930064989729,0.27995661701140495,857,7.33518125215833,-1.9607268359452257,37927.3049994625,35,0.3,cornerthinned,332,1,368,2,12,16
762,37392.547338713775,34911.2159533159,0.9336410177428894,7053,2.729482757922623e-05,11713,7053.448306103694,0.18862047391721262,857,7.768418481136363,-2.0458984056729452,37392.54733874347,35,0.3,cornerthinned,333,1,368,2,9,15
835,60081.9235033142,55457.221215073616,0.9230267271988141,10975,1.5303746215534872e-05,14913,10974.5936828572,0.1826672543097693,857,12.904882545430135,-1.4859973356223917,60081.9235033943,35,0.3,cornerthinned,334,1,368,2,16,10
846,30633.205805735015,27566.175028483194,0.899878883173317,6810,3.001052036217266e-05,10305,6809.889079054809,0.22230778075225355,857,6.278561186887557,-0.963331438587141,30633.20580575797,35,0.3,cornerthinned,335,2,368,2,14,16
826,51576.33253521898,48450.107620918716,0.9393864441182297,7755,1.8018783726222604e-05,10561,7754.540640283662,0.15035966341159457,857,11.344096781067769,-1.1441193291710328,51576.33253528625,35,0.3,cornerthinned,336,1,368,1,14,12
834,53037.00484396677,46590.73361577331,0.8784571027877951,13527,1.714607299996303e-05,19073,13527.172347412632,0.25504833916990627,857,10.822587238782955,-1.8961189588262841,53037.004844030525,35,0.3,cornerthinned,337,1,368,2,13,12
825,48675.96265233448,45116.41130144851,0.9268725022181918,8030,1.9372655211491383e-05,10433,8030.277162290324,0.16496848880737822,857,10.63326082098928,-1.1669725492887497,48675.96265239687,35,0.3,cornerthinned,338,2,368,2,15,15
834,46229.15622049594,42299.308402549395,0.9149920063606044,8777,2.011152389690764e-05,11649,8777.262536338274,0.18985853771885783,857,9.958777976250275,-1.1273506138089389,46229.15622054692,35,0.3,cornerthinned,339,1,368,1,17,13
807,30127.6462985801,26638.222742142054,0.8841786868494104,7199,3.0716886674439405e-05,10881,7198.512449423621,0.23894996405143287,857,6.265139256171482,-1.2014397521551066,30127.646298597785,35,0.3,cornerthinned,340,1,368,2,10,20
796,30054.345429406163,25584.021256097985,0.8512586413233187,9000,2.928067010312155e-05,14337,9000.467348456046,0.29945752840100465,857,6.0607471781261975,-1.490595894593326,30054.345429423705,35,0.3,cornerthinned,341,1,368,2,10,15
813,26971.586416638496,23138.17926939868,0.8578723888159939,7977,3.2444666775266385e-05,11905,7976.929163579242,0.29575568439975297,857,5.335650261910672,-1.299426347352362,26971.586416654234,35,0.3,cornerthinned,342,1,368,2,11,14
838,26448.57558262734,23240.304160953783,0.87869776156184,6933,3.3598099627205566e-05,10049,6933.047970803903,0.2621313188810787,857,5.290412517598511,-1.0218966906694469,26448.57558264274,35,0.3,cornerthinned,343,3,368,2,12,10
822,41240.87731387132,36579.45046110436,0.8869707155526709,10196,2.169107058078386e-05,15297,10196.057337947395,0.24723043407640086,857,8.602133194704281,-1.432143524007851,41240.87731390686,35,0.3,cornerthinned,344,1,368,2,13,9
806,28960.488073268807,25672.81801852119,0.8864773947721478,6807,3.173392522927626e-05,9345,6807.397715734031,0.23504438125416183,857,6.121680107636332,-1.0645452207225798,28960.488073286415,35,0.3,cornerthinned,345,1,368,2,14,13
843,46625.12225533453,42995.06374687747,0.9221437213917069,8326,1.9950172654929542e-05,11009,8326.057814027121,0.178573258304913,857,9.837809614914164,-1.2239038501832598,46625.122255385635,35,0.3,cornerthinned,346,3,368,2,13,12
775,25912.13380555621,21625.81452988197,0.8345825431499144,9575,3.5732203158460916e-05,16769,9574.985751787865,0.36951800541979607,857,5.028715328093227,-1.6582869443120507,25912.133805570455,35,0.3,cornerthinned,347,1,368,2,6,16
826,44334.83444498116,41036.69561113455,0.925608409839907,7802,2.099287050769748e-05,10561,7801.884316586658,0.17597900381656234,857,9.4510501935247,-1.2837765486140138,44334.834445032895,35,0.3,cornerthinned,348,1,368,2,14,9
826,35373.355800690835,28902.338159260085,0.8170652035986823,12019,2.3361433524002062e-05,22849,12018.85185037085,0.33977550978539817,857,5.926614408957118,-2.638362782499207,35373.35580071462,35,0.3,cornerthinned,349,1,368,2,10,11
834,36351.719880454184,31754.26508154299,0.8735285479193192,9225,2.557531938195068e-05,12353,9225.26796040741,0.25377066148004057,857,7.195591469361114,-1.521847350898774,36351.71988048373,35,0.3,cornerthinned,350,1,368,2,16,14
849,71653.85570142991,69972.01967152217,0.9765283247713049,8966,1.5290553016462587e-05,18817,8965.721382388338,0.1251293445723267,857,14.310453810707955,-2.5691352827092016,71653.85570155583,35,0.3,cornerthinned,351,1,368,2,12,15
843,28528.02134991259,23435.933078598882,0.8215057325968628,9448,3.166634213326378e-05,14785,9448.187882460168,0.33118315091379263,857,5.169273695608077,-1.598940147791098,28528.021349927527,35,0.3,cornerthinned,352,1,368,2,9,12
850,32673.69161394089,27698.293021950227,0.8477246265656799,9622,2.7037132242771948e-05,15105,9621.763232148149,0.29448769100503414,857,6.172913094864001,-1.5150143437154802,32673.691613962797,35,0.3,cornerthinned,353,1,368,1,11,14
827,26014.81183609117,22286.032797070286,0.8566670763365726,7309,3.5526181328915586e-05,9857,7308.52039794143,0.2809553282972431,857,5.1464890038360025,-1.1448802431060519,26014.811836105393,35,0.3,cornerthinned,354,2,368,2,13,13
816,28826.510310177557,25022.215134631082,0.8680278974245689,7892,3.107586053369314e-05,11201,7892.049077435613,0.27377576803716097,857,5.86605965984439,-1.1992614946151126,28826.510310194768,35,0.3,cornerthinned,355,1,368,2,14,11
845,30091.219761930384,26073.851160420592,0.8664936604998537,8155,3.013240975340221e-05,11457,8155.155321072265,0.2710092865799086,857,5.844372314376123,-1.2778098778006313,30091.21976194679,35,0.3,cornerthinned,356,1,368,1,12,15
804,26485.333833868157,22550.034365644904,0.8514159008563833,7744,3.38596592941132e-05,11393,7744.197492174015,0.2923882345065007,857,5.245327835059202,-1.3430636659070223,26485.333833884222,35,0.3,cornerthinned,357,1,368,2,11,14
841,25652.975194823477,22553.74002143548,0.879186131438922,6730,3.726591825223849e-05,10049,6730.27562894781,0.26234773740232864,857,5.075438449252162,-1.0251501821005704,25652.975194838236,35,0.3,cornerthinned,358,1,368,2,10,12
847,29512.178586530586,24342.823445226917,0.824839934261479,9858,2.9023475113269653e-05,16321,9858.28543548029,0.33403159211361,857,5.21200004107626,-1.7566371694429335,29512.178586548787,35,0.3,cornerthinned,359,1,368,2,7,10
839,47532.544090771604,39963.7441485918,0.8407659407473358,15268,1.792651490552534e-05,24321,15267.767278966096,0.32121150449769986,857,8.983127938676176,-2.347633465573229,47532.54409082625,35,0.3,cornerthinned,360,1,368,2,14,12
811,25268.692129032417,21775.322562307916,0.8617510732694076,6648,3.62530665793053e-05,10113,6648.345674583123,0.2630923660810206,857,5.0305395098174825,-1.2009505343369868,25268.692129046372,35,0.3,cornerthinned,361,1,368,2,7,17
790,48477.78316703079,44521.240712075196,0.9183844186661076,8604,1.9510524481124087e-05,11649,8604.243428728454,0.17748336326260655,857,10.62796366769355,-1.6448928303018067,48477.78316708166,35,0.3,cornerthinned,362,1,368,2,14,14
822,36011.65732606287,32265.100547366274,0.8959626671781894,8276,2.541948597085222e-05,12609,8275.788240222571,0.22981447160473714,857,7.37342978603254,-1.388530633941174,36011.65732609197,35,0.3,cornerthinned,363,1,368,1,12,9
826,56549.40878353615,53155.99973688956,0.9399921392699944,8268,1.6861877991451833e-05,11777,8267.790751143579,0.14620842512516513,857,12.302683037071965,-1.3896677579912864,56549.40878361123,35,0.3,cornerthinned,364,1,368,1,13,9
797,32159.714129776017,28896.54456982278,0.8985323828817268,6950,2.894212721587737e-05,9153,6949.50753987957,0.21610888616591084,857,6.990280132083555,-1.0799116194348815,32159.71412980097,35,0.3,cornerthinned,365,1,368,2,14,14
801,59755.81124071161,56148.962952345806,0.9396402088185782,9759,1.64996150962693e-05,13441,9759.292162185155,0.1633146600702694,857,13.463110869118037,-1.457191563042766,59755.81124080402,35,0.3,cornerthinned,366,2,368,1,15,16
766,56312.96643599672,52353.26437583319,0.9296840086614158,9014,1.6739881377148925e-05,11713,9014.231000895526,0.16006970633033488,857,12.948755543289773,-1.754368852551803,56312.966436073235,35,0.3,cornerthinned,367,1,368,2,11,11
837,60397.24361994094,57003.79407688311,0.9438144964957069,8333,1.5641717177631648e-05,11137,8332.927884167573,0.13796987247359663,857,12.882733119098189,-1.5491052608373994,60397.24362003044,35,0.3,cornerthinned,368,1,368,2,14,12
792,38722.3696305185,34468.18839000241,0.8901363402831831,8781,2.3310058575422757e-05,13505,8780.500119580252,0.22676814677889381,857,8.351921387810261,-1.4264547815210458,38722.36963055197,35,0.3,cornerthinned,369,1,368,2,16,16
840,40872.637447969224,37083.98456125516,0.9073058866940746,8732,2.1085590942716018e-05,15297,8731.864365436639,0.2136392595441343,857,8.226020270221685,-1.5055600745433955,40872.637448013345,35,0.3,cornerthinned,370,2,368,2,14,10
797,44409.7591125412,39792.8099146423,0.8960375086431152,10173,1.976028979611146e-05,20545,10172.742027503391,0.22907127179456307,857,8.097033898911473,-3.047196744146218,44409.7591125849,35,0.3,cornerthinned,371,1,368,2,13,10
822,40114.54695853688,35588.742935491486,0.8871779848910335,9504,2.2552005550858164e-05,13697,9503.624653874725,0.236921533971791,857,8.104813099589007,-1.6554173039570388,40114.546958574254,35,0.3,cornerthinned,372,1,368,2,9,14
840,52437.29285749086,45914.04449431122,0.8755990630388204,14080,1.575228281090228e-05,27841,14079.984728763024,0.26851119180132543,857,9.405730043418547,-3.0793396845698155,52437.29285755112,35,0.3,cornerthinned,373,1,368,2,8,8
841,42021.82241539211,38658.361428287164,0.9199591832582455,7424,2.2410317703495717e-05,9601,7423.771809849048,0.176670110273006,857,8.926111636200107,-1.0671873924417241,42021.822415438895,35,0.3,cornerthinned,374,1,368,2,14,9
803,70242.2746110295,66697.92858591405,0.949541126839322,8314,1.3701181892339396e-05,10945,8313.72206335764,0.11836177068637423,857,16.189438717532532,-1.3055238257210593,70242.27461116317,35,0.3,cornerthinned,375,1,368,2,14,17
823,26232.571167292215,22006.384929932075,0.83889546280429,7774,3.4039084397669657e-05,15425,7773.821162419733,0.2963491436055999,857,5.038392580605374,-1.3364728306479092,26232.571167307262,35,0.3,cornerthinned,376,1,368,2,9,13
772,28450.23089156421,25224.611010953562,0.8866223654597096,6816,3.20260937361223e-05,9473,6816.33026445921,0.2395762630531415,857,6.196255746253948,-1.174270391461867,28450.230891583047,35,0.3,cornerthinned,377,2,368,2,10,16
815,33359.41543656011,28459.14983574087,0.8531069703503013,9754,2.6980510436759913e-05,13889,9754.215643184933,0.29239121466469536,857,6.498420415266194,-1.6879392010727143,33359.415436581054,35,0.3,cornerthinned,378,1,368,2,11,10
809,59341.20303255885,53444.559605564515,0.9006315489802421,13694,1.4194608260489999e-05,24129,13693.916290544996,0.23076714492098327,857,12.50921947098244,-2.1610408584747596,59341.203032654375,35,0.3,cornerthinned,379,1,368,2,18,14
842,87347.8988594243,84120.64517994683,0.9630528756659467,8590,1.1776116484593754e-05,14145,8590.412587073468,0.09834237700238845,857,17.914430141293625,-2.8332893027927892,87347.8988596038,35,0.3,cornerthinned,380,1,368,2,13,15
838,37757.42204979888,34384.92518665813,0.9106798960296414,7336,2.4753242709333166e-05,9921,7336.284980367493,0.1942929257809082,857,7.755190020683992,-1.2561278909719111,37757.422049838235,35,0.3,cornerthinned,381,1,368,2,12,10
821,31060.25281788851,26138.173870410064,0.841531265816237,9360,2.900726722274907e-05,13761,9359.966489132868,0.3013497686216289,857,5.9380164511145885,-1.6284275970967994,31060.252817907745,35,0.3,cornerthinned,382,1,368,2,11,14
832,43492.82094525428,38970.537055467816,0.8960222907711873,9836,2.0822620422760698e-05,14081,9835.905475647674,0.22615226573555366,857,8.906908479084269,-1.548096555843233,43492.82094529841,35,0.3,cornerthinned,383,1,368,2,12,12
842,23247.089331397478,20430.61757389628,0.8788462625427573,5953,3.8917096982717084e-05,8321,5952.714242489327,0.25607506880269476,857,4.624083296085375,-0.8977906543682226,23247.089331409643,35,0.3,cornerthinned,384,1,368,2,9,20
838,55335.67025630986,47739.94449929094,0.8627336450098788,16551,1.4937695328871076e-05,28225,16551.153685849138,0.2991018257000819,857,10.914771868987085,-2.2918320108141437,55335.67025636715,35,0.3,cornerthinned,385,2,368,1,18,14
830,50865.183617779796,47632.71879866871,0.9364503460087543,7608,1.8533110162115172e-05,9793,7608.3304555393715,0.1495718575827699,857,11.201008665053976,-1.0556620862341324,50865.18361784565,35,0.3,cornerthinned,386,1,368,2,17,13
842,38167.221649725245,34148.06337934308,0.8946960743627748,8712,2.3918349376902114e-05,11969,8712.468278521612,0.22825868961469756,857,7.87424052959215,-1.1916078432732002,38167.22164976312,35,0.3,cornerthinned,387,1,368,2,14,16
841,56836.15480116066,51384.623568205934,0.9040833910733983,11894,1.6134169287409623e-05,17665,11893.597658032972,0.20926820334012305,857,11.380824784655989,-2.1355021597532713,56836.15480124093,35,0.3,cornerthinned,388,2,368,2,14,11
833,60857.081050768626,54175.20796505632,0.8902038518715988,14465,1.4861872853503944e-05,22913,14465.295578692576,0.23768803482265122,857,11.271863620434567,-3.3396804493980468,60857.08105085284,35,0.3,cornerthinned,389,1,368,1,11,14
851,72966.18525479826,67526.1153710898,0.9254439592160163,13187,1.2396805495630772e-05,19713,13186.814242515076,0.18072755145347033,857,15.204582254860632,-1.9437574055251086,72966.18525494133,35,0.3,cornerthinned,390,2,368,2,17,10
799,30567.470987250912,25938.70461854548,0.8485721514012068,9422,2.750896628771531e-05,15809,9421.53813013752,0.3082361639904633,857,6.020165854132775,-1.631266182731374,30567.470987272274,35,0.3,cornerthinned,391,1,368,2,9,11
831,35446.942303702475,30645.717978335088,0.864551805788171,9595,2.4444889119212227e-05,16065,9595.216441091812,0.2706862532116851,857,7.057097099870116,-1.4740562824946208,35446.94230372548,35,0.3,cornerthinned,392,1,368,2,13,16
834,35315.98024116091,31233.915360835377,0.8844130942295672,8716,2.5354039524876165e-05,13889,8716.476279779585,0.24680045521832827,857,6.889256041869663,-1.5798039680076492,35315.980241188394,35,0.3,cornerthinned,393,1,368,2,13,8
828,32069.78937042699,29079.41857496354,0.9067542739079849,6581,2.8725089942649913e-05,8961,6580.7160866372715,0.20520870667359725,857,6.844961144011215,-0.9013647908799988,32069.789370449627,35,0.3,cornerthinned,394,1,368,2,15,12
830,27970.386957916457,24256.991684632423,0.867238330350198,7514,3.2310658902435476e-05,11009,7514.192534450671,0.2686412601765351,857,5.5213732718160164,-1.218479007203855,27970.386957932464,35,0.3,cornerthinned,395,2,368,2,11,12
846,46384.888729969476,42771.90937826947,0.9221086985303978,8088,2.0540032041116034e-05,11201,8087.998214849371,0.17436713165540718,857,9.690300468957544,-1.2753942662715265,46384.88873001897,35,0.3,cornerthinned,396,1,368,2,14,14
760,26037.254201719654,22671.0254730224,0.8707149109265551,6888,3.501916169429781e-05,9473,6888.456547930344,0.2645440239833383,857,5.714996586719941,-1.1369124137368747,26037.2542017359,35,0.3,cornerthinned,397,1,368,2,13,9
811,42422.24942562431,38398.238556364086,0.9051438590894334,8926,2.094647663757062e-05,14273,8926.433165714252,0.21040845596010355,857,9.151064520964134,-1.3106492708160438,42422.24942566862,35,0.3,cornerthinned,398,2,368,2,14,10
832,86246.73050267235,80421.46857309129,0.9324581709285714,14568,1.0100530924953203e-05,29249,14567.750693972734,0.1689107507622983,857,18.43567410052484,-2.2967130395826385,86246.7305028471,35,0.3,cornerthinned,399,1,368,1,22,11
