scheme,p,K,acc,mfpt,mfpt_ci,mode,mode_ci,ratio,ratio_ci,rom,rom_lo,rom_hi,cv,mfpt_fac,mfpt_fac_ci,mode_fac,mode_fac_ci,theta,n_frac,res_fac,ident_maxrel,tr_mfpt,tr_mfpt_ci,tr_mode,tr_mode_ci,tr_ratio,tr_ratio_ci,tr_cv,tr_rom,z_mfpt,z_mode,z_ratio,pooled_ratio,pooled_ratio_ci,pooled_rom,pooled_rom_lo,pooled_rom_hi,pooled_mean_log_ratio,pooled_mean_log_ratio_ci,frac_ratio_below_clean,median_ratio
uniform,0.02,400,0.9975062344139651,14783.680773595088,121.63732272267157,2609.78,6.0172932046041625,0.17724139498914146,0.0008459551128954291,0.17653113862288541,0.17542745718515187,0.17752737682330064,0.9180366006973627,1.048427914291188,0.008626266118372259,1.0468431608503812,0.0024136755734473175,1.0450286377087359,0.9795918367346939,1.0702701625056885,2.757793993168889e-13,14710.83606664537,118.02249407649595,2605.68,5.943676638272886,0.17780029718361198,0.0008213707640705437,0.9177034573190852,0.17712657446492733,0.8424118181274498,0.9501240361430942,-0.9290502168042225,0.17752084608637675,0.000589502297208991,0.17682812124877245,0.17606962709795515,0.17756524688594047,0.002807906980751294,0.003587412507260568,0.27,0.18004996457882444
uniform,0.04,400,0.9975062344139651,15644.17131317844,210.46590361759067,2741.715,9.800323603429115,0.1770282207640669,0.0013095094010882153,0.17525472874938516,0.17347056129132332,0.17691043369178028,0.9181639639840077,1.1094521149282859,0.014925804455499023,1.099765342960289,0.003931136623918618,1.0956353639854517,0.9599877551020407,1.155693128048312,3.6060043839825084e-13,15540.047261982378,206.9307149377815,2735.6075,9.350912624501024,0.1777471516605308,0.0012779096223830967,0.9177498464063031,0.1760359832812394,0.6914449728810297,0.8837271290525116,-0.7701211743878638,0.17738768621229883,0.0009146259997937498,0.17564405171155562,0.17432149907766423,0.17679684524785128,0.0001722773600157207,0.005707266478279149,0.32125,0.18141134648243454
uniform,0.06,400,0.9925558312655087,16324.388941137851,236.02115324800002,2878.88,11.876523545685751,0.17858130189654062,0.0015258008463222594,0.1763545337213299,0.17451377712090035,0.1781988158545088,0.9173059696337026,1.1576917353494296,0.016738129645654305,1.1547853991175292,0.004763948474001505,1.1517415871708243,0.939561224489796,1.2321631327036149,4.600764214046649e-13,16484.47340664978,253.43692474786513,2889.37,12.670871652870169,0.17774815546009162,0.0015831474812710155,0.9178065666113207,0.1752782711781644,-0.906003783665356,-1.1838968772333036,0.7426856560105324,0.17816472867831615,0.0010990576617013626,0.17581377674282464,0.17450213733087597,0.17711095246567524,0.0033396240795443514,0.006640264581638315,0.32375,0.1822057629779461
uniform,0.08,400,0.9876543209876543,17360.49741132279,297.2949342258347,3043.95,14.863112009148395,0.17834822939668307,0.0017549121166399741,0.17533771803189738,0.17309536606926004,0.17745919880853087,0.9174716181051439,1.2311703946232164,0.021083538842129004,1.2209987966305655,0.005961938230705333,1.2138134421775357,0.9198795918367346,1.338407997896212,6.983302824892235e-13,17074.344184867674,283.88784913906443,3035.49,14.12347775440944,0.18060940022086425,0.0017056484205553162,0.9162096041353355,0.17778076669499474,1.364399178092461,0.8087289170359202,-1.8109813984534253,0.17947881480877365,0.0012253612073593208,0.17654909150714868,0.1749994472419418,0.17806810540699172,0.009647397651436067,0.00741853909715236,0.33375,0.1837018379625602
uniform,0.1,400,0.9779951100244498,18047.20109012625,313.5276161589018,3224.7175,17.14650215382288,0.18195121748449392,0.001892539679013298,0.17868241639775742,0.17636379679953518,0.18091697675862708,0.9155343443820396,1.2798699922897128,0.02223472690706848,1.2935088247091857,0.006877858866354946,1.2883447321600123,0.9001775510204082,1.4217990411651567,6.408207298136404e-13,18331.999325241482,371.2324391233501,3225.995,18.713263930089617,0.18014376678659288,0.002075578408867818,0.9165070496319416,0.17597616837995955,-1.1487706537637556,-0.09865302372841438,1.2612216027318304,0.18104749213554341,0.0014049523872633643,0.17731869932124766,0.1755260694678979,0.17905694860513174,0.01682062460429302,0.008390220158707929,0.34625,0.18602892161861778
uniform,0.12,400,0.966183574879227,19391.12126089712,392.5392090297616,3443.38,20.831329806235136,0.1819444428560014,0.0021793804016336997,0.1775750846828903,0.1748330808491743,0.18020641845698632,0.9155993432007554,1.375178017618003,0.02783806485700417,1.3812194143602086,0.008355928522356653,1.3736133733531006,0.8795530612244898,1.5634993204372256,1.0755840662568517e-12,19976.618780247823,465.4761530902756,3462.52,23.08157493960565,0.1788618423624977,0.00241365458983417,0.9172772855682467,0.1733286317414045,-1.8846797996497897,-1.2065668277655834,1.8579086237902194,0.1804031426092495,0.0016284869774886583,0.1754202804830133,0.1733328638901742,0.17744753676618485,0.010779534351631285,0.00978705611615313,0.36875,0.18542218743765104
uniform,0.14,400,0.9345794392523364,21008.675795660885,500.3706674886739,3703.4225,26.362389234881636,0.18237576604534497,0.0025870484637068813,0.17628062501516167,0.17307682734013563,0.17952699424794613,0.9154413305929893,1.4898916233232637,0.035485247775684174,1.4855284797432813,0.010574564474481202,1.4684654470496048,0.858712244897959,1.7350135029573976,1.1373124664260104e-12,20968.477206410247,477.02111099399707,3710.22,25.494255154074466,0.18256692877033942,0.0025247275924160035,0.915367845969405,0.17694274903595542,0.11396967389667134,-0.3632913231991903,-0.10365021064749982,0.18247134740784218,0.001806300818674377,0.1766113699905807,0.17443367015313122,0.17881904896741846,0.020322259919379006,0.010696449147981643,0.35125,0.1870775462631653
uniform,0.16,400,0.8830022075055187,22174.01498428501,519.8232125339762,3979.075,30.731628576515636,0.18534395619491342,0.002604482164038975,0.17944765541197738,0.1763905157921279,0.18253778434911164,0.9140074093793993,1.5725350565576426,0.036864781840429954,1.596099077416767,0.012327167499605149,1.5855053875099159,0.8385510204081632,1.8752979151650944,1.1877165917439925e-12,22065.57605893132,528.9936412943249,3991.97,31.26426920653907,0.18724008184215152,0.0027148945864569653,0.9128472712160217,0.1809139262595503,0.28657613177935837,-0.5765187469835226,-0.9878338313008113,0.18629201901853246,0.0018810603088646551,0.18017899379344,0.17780239197424574,0.18248336841610496,0.040678793919450174,0.010849707186064218,0.32625,0.19154863227268393
uniform,0.18,400,0.9009009009009009,23658.637058381824,602.0661598356197,4328.3075,35.3330486276671,0.19016261785138266,0.0030053702732960163,0.18294830295249656,0.17919980398730803,0.1865951553077593,0.9115155144267993,1.6778213684371615,0.04269728073060004,1.736184316085038,0.014172903581093901,1.7178387906333943,0.8180448979591837,2.051029246331691,1.390443316040546e-12,23955.64003333015,592.4293993059789,4343.065,37.36997586329375,0.1881225248413634,0.002951710768294837,0.912619056334504,0.18129613710831238,-0.6891808418221795,-0.5624203139099463,0.9492266229467126,0.18914257134637302,0.0021061011940691435,0.18211706718339302,0.17956672556249112,0.18462663477512936,0.05349754051609203,0.01189233524963333,0.3125,0.19032052904712715
uniform,0.2,400,0.8438818565400844,25519.656886309516,651.8772168917596,4749.2225,48.196307217311144,0.19341844523378462,0.0031394369090960673,0.18610056244713097,0.18241747332641667,0.18991625543645702,0.9098101236271137,1.8098010267191291,0.04622977737049526,1.9050230645808262,0.019332654319017706,1.883425511556126,0.7967816326530612,2.2714446078656367,1.5554224574998443e-12,25946.30342134208,672.1433756419767,4778.8025,46.91290299846444,0.19180097613610975,0.00319481103283036,0.9107416028872697,0.1841804754379464,-0.893086825618237,-0.8619997248157926,0.7077753087266483,0.1926097106849472,0.0022388808810513217,0.1851325602989563,0.18260620330525396,0.18791509127735284,0.07066315566680248,0.012256714867457393,0.28625,0.19501417454533476
uniform,0.25,400,0.6980802792321117,32251.07777390721,918.2874450909987,6311.79,105.56098063586569,0.20471917360451872,0.004046691522665897,0.1957078781753633,0.1912368245715335,0.20026063211378672,0.9047282955336674,2.287179405587085,0.06512303705151073,2.5318050541516244,0.04234295252140621,2.489543105179693,0.7407816326530612,3.08738288394637,2.0661250488274163e-12,32702.002132014186,929.7272805757553,6306.765,93.94870493720252,0.20221626929606493,0.004044188536915759,0.9061928150983334,0.1928556231676679,-0.6763336823354701,0.06969614570356912,0.8574711780267202,0.20346772145029185,0.002860084262378599,0.19427185005355904,0.1911561537001423,0.19744547419741013,0.11933262924481226,0.014460901130729622,0.2725,0.2017544590214062
uniform,0.3,400,0.5089058524173028,43744.19255069481,1300.646435511348,9042.47,191.88125254273754,0.21819777677586955,0.005502287307563454,0.20671246793550366,0.20081233388506145,0.2128743311568393,0.8990337164173701,3.1022472184458727,0.0922391419631434,3.627144003208985,0.07696801144915265,3.7906061628378556,0.6746734693877551,4.598295768627403,3.064659637175282e-12,42981.11580734913,1274.591037435524,9214.6325,231.55878244646647,0.22452977942489089,0.005608263049469743,0.894972141024089,0.2143879312324515,0.821296128981676,-1.122068663156507,-1.579635298858497,0.22136377810038022,0.003932025474972309,0.21051643223481967,0.20611841892952848,0.2148135023999477,0.1907535055082012,0.018443211550966714,0.21125,0.216885005584395
uniform,0.35,400,0.2484472049689441,58902.395359299575,1815.406266461408,13706.3925,446.1017587102574,0.24140925687790246,0.006341945093792228,0.23269669113441274,0.22577465410729122,0.23977159454709682,0.8871376598294635,4.177235457059175,0.12874483930529554,5.497951263537906,0.17894174035710284,7.247572749555305,0.5797,7.229481526156735,3.54694051907245e-12,59671.497626926044,1912.1548841019587,14430.315,511.0378613540159,0.24973108497858504,0.0066630955423543125,0.8818923170552406,0.2418292748444191,-0.5717210074809496,-2.0916579170675518,-1.773150987624878,0.24557017092824374,0.004605544872172079,0.23729260119062262,0.23231601736342414,0.2425631698089235,0.2894058268022311,0.019887074916109276,0.16125,0.2421315290939588
cornerthinned,0.02,400,1.0,14501.782648851606,67.39433196948092,2596.8325,3.5721316028732217,0.17931501132823144,0.0005243118042534796,0.17906988146768582,0.17842917768493521,0.1796541017017808,0.9168502102273842,1.028436285177058,0.0047794659519442674,1.0416496189330124,0.0014328646622034584,1.0450286377087359,0.9795877551020408,1.049866391648988,2.0228263508670352e-13,14474.566766791342,49.83747728347511,2596.555,2.606478419684441,0.17953840588690212,0.00043871172730013813,0.91672243884567,0.17938740701775024,0.6364019733334386,0.12299936671171414,-0.6404686139071423,0.1794267086075668,0.00034169644692649083,0.17922849512562608,0.17883275813177185,0.17960354146657814,0.014358258339784536,0.0019860356371388843,0.18375,0.1806121275190678
cornerthinned,0.04,400,1.0,14958.99224321628,99.9794642703196,2710.22,5.162730594790509,0.18170169040522538,0.000785070089558614,0.1811766431812311,0.18022321299942856,0.18207440945461373,0.9155148565459341,1.0608606393520914,0.0070903358102876,1.0871319695146409,0.002070890731965708,1.0956353639854517,0.9599897959183673,1.105075200427337,2.9110047705671604e-13,14944.243875950453,100.85002910144922,2708.0925,5.173658958931613,0.18174779877629288,0.00078833449416134,0.9154875600069202,0.18121308260755117,0.20355578062610805,0.5705208580928434,-0.08122870004787683,0.18172474459075916,0.0005559377994778544,0.18119485390837303,0.1805098522611723,0.18182517253279512,0.026437048852745382,0.0032318183065638446,0.16375,0.1835567021390232
cornerthinned,0.06,400,1.0,15387.943625087184,116.28212563345191,2831.945,6.312256643049244,0.18470008315894312,0.0008824551716975325,0.1840366113236235,0.1829307376464949,0.1850202812041674,0.9138338848211623,1.0912809798284957,0.008246486670963137,1.1359586843160852,0.002531992235479039,1.1517415871708243,0.939561224489796,1.1614807022401779,4.383160501220118e-13,15408.84725081224,124.68876200014844,2838.83,7.13271336338497,0.18501653391947223,0.0009738829937870862,0.9136511135419506,0.18423376867794947,-0.2403056544791364,-1.4167983914435003,-0.471947854835669,0.18485830853920768,0.0006567904962521808,0.18413525691203642,0.1833387220397491,0.1848824337991812,0.04317864615615222,0.003733866363594999,0.13875,0.18643622701980805
cornerthinned,0.08,400,0.9975062344139651,15910.059560879501,151.15214488032572,2975.6175,8.687498159161738,0.1881018833689029,0.0011518708511187908,0.18702742680590626,0.18563537164689364,0.18834203102115263,0.9119470866603185,1.1283083568372467,0.01071939596264579,1.1935890493381467,0.00348475658209456,1.2138134421775357,0.9199,1.226554428432236,4.769518113789672e-13,16054.125792567824,177.55861839826045,2984.405,9.445718747164046,0.18729621541329655,0.0012842219780011747,0.9124116070655677,0.18589645045522288,-1.21093962665098,-1.3420917954089127,0.915362936471866,0.18769904939109974,0.0008624715550806768,0.18645938991081512,0.18539878466084106,0.187518311818955,0.0574449473994584,0.004896844828695304,0.1475,0.1904662836514453
cornerthinned,0.1,400,1.0,16621.08902278305,197.7731855345444,3143.6375,12.283841544570056,0.19077138403671307,0.0014285697492541149,0.18913547094843888,0.1873816202289792,0.1908125674452299,0.9105278944789137,1.1787330884828722,0.014025663269397224,1.2609857601283594,0.0049273331506498414,1.2883447321600123,0.9002102040816325,1.3093964326539576,6.008527009271347e-13,16719.864687248297,206.78157365168667,3149.0275,11.3466694742276,0.19008983494712708,0.0014415430232946505,0.9108779010370549,0.18834048952571142,-0.6766063531343479,-0.631750282939375,0.6582105108730593,0.19043060949192006,0.001014388506090276,0.18873680263401452,0.1874793256503842,0.1899597167031591,0.07106828746771895,0.005684220802555979,0.1475,0.19343050350992025
cornerthinned,0.12,400,1.0,17477.849442044426,239.1576756661701,3348.5625,14.831045716908083,0.19358417902895314,0.0015299176480883091,0.19158893152751125,0.1894927264222738,0.1934789592001303,0.9089774671579985,1.2394927567393594,0.01696056529665152,1.3431859205776173,0.005949075698719648,1.3736133733531006,0.8795795918367346,1.4091715193579284,9.985345883478658e-13,17417.82310226817,240.6816561058568,3343.1475,15.531325199709226,0.19405257789959207,0.00159931725319171,0.9086403799784413,0.19193830827025976,0.3467487446093393,0.49421778253776866,-0.41480307211627815,0.1938183784642726,0.0011060501580668141,0.19176331940593697,0.19034914163578998,0.19314352603050824,0.08820853319030426,0.006116568382333107,0.12125,0.1965270198621298
cornerthinned,0.14,400,0.9975062344139651,18357.4643210748,282.9848218125925,3574.9575,19.489102403754643,0.19728258758436,0.0017616637970622143,0.1947413562937374,0.19246418738637458,0.19698933860214257,0.9070145655099285,1.3018732157823105,0.020068695411696928,1.4339981949458485,0.00781753004562962,1.4684654470496048,0.8587530612244899,1.516027522169496,8.484324354185446e-13,18314.584469705227,262.41039628703976,3583.9275,19.450597627299857,0.19822646248034567,0.0018943818250693489,0.906449127235208,0.19568707692649512,0.21777309029948286,-0.6385144032270913,-0.71513484299104,0.19775452503235283,0.0012930631888498421,0.19521366370454504,0.1936925258461932,0.19679994561397063,0.10723793493224006,0.00691915862463932,0.11,0.20007366617223385
cornerthinned,0.16,400,0.9975062344139651,19653.51681317,338.7752647149644,3847.7525,24.889630048976468,0.19927082198619295,0.0021777276898238655,0.19577933743754125,0.19314755851733695,0.1983678121052976,0.9059423047758396,1.3937865648263614,0.024025237668344378,1.5434225832330526,0.009983806678289799,1.5855053875099159,0.838704081632653,1.6618090727508934,9.441336601412331e-13,19534.229790320187,349.0586351344575,3830.2475,22.178997675044947,0.19993484392341174,0.002295302482653332,0.9055142289849275,0.19607875719256695,0.4806535593723442,1.0291594669509614,-0.4113407071224339,0.19960283295480236,0.0015811785200845012,0.19592859160001236,0.19400717522559097,0.1978151477180981,0.11422908662833307,0.008454586621924946,0.1625,0.2027412352638137
cornerthinned,0.18,400,0.9876543209876543,20623.676631608334,409.1746778917134,4157.05,27.696203493075085,0.20602892756677213,0.0024632305736288825,0.20156687259287256,0.19828156019889007,0.2048039027586166,0.9023550247467645,1.462588282784931,0.029017817733794055,1.667488969113518,0.011109588244314114,1.7178387906333943,0.818234693877551,1.7875139294392897,1.312727704316785e-12,20482.96530905981,399.6955895502625,4144.3125,30.135506474848135,0.20648038173391675,0.0024048448607714087,0.902016957545531,0.20232971337245448,0.4821602713409728,0.6099626603291403,-0.25703733067078877,0.20625465465034445,0.0017202421027514496,0.20194698735016814,0.19962621109959347,0.20417057028326596,0.14594628852865588,0.00917911854063903,0.11,0.21025165514739536
cornerthinned,0.2,400,0.9803921568627451,22565.312009959693,449.56016012915904,4566.4125,39.56454461289095,0.20728932725300261,0.002785328757660184,0.20236425261855517,0.19909340698545283,0.20556171078262894,0.9018803593688888,1.6002850283528391,0.03188187219751557,1.8316937424789412,0.015870254557918552,1.883425511556126,0.7968755102040816,2.0083455779975687,1.1668443988810395e-12,22722.081108424532,475.99382701762045,4554.3825,39.45262358899484,0.20595088314029086,0.0029453496788320065,0.902508872647976,0.2004386164395566,-0.46930234793082465,0.4220022819601864,0.6471366882417046,0.20662010519664675,0.0020261531969310506,0.2013981015899423,0.199001625698375,0.20369451146448958,0.14533635257637964,0.010233074572809912,0.14125,0.2092246578638337
cornerthinned,0.25,400,0.9259259259259259,29142.29796839657,920.226626986983,6077.935,89.6531948430563,0.21912758514289649,0.0041878673834116085,0.20856059486424955,0.2030103521107573,0.21407947358542614,0.8959841600879372,2.0667112030198647,0.06526055980120844,2.438000401123145,0.03596197145730297,2.489543105179693,0.7411204081632653,2.7883418478369495,2.7846613903648176e-12,28377.317314089836,777.9004819598251,6066.8725,94.72920046912024,0.22218726134056105,0.004059729729009157,0.8942259716758761,0.21379302464886954,1.2443176481845142,0.16624185995923804,-1.0281741739567922,0.22065742324172877,0.0029164221092903364,0.2111420154734216,0.20744914594095334,0.21474229179893348,0.2018881428556265,0.01417490950965246,0.14625,0.22303236057482728
cornerthinned,0.3,400,0.8179959100204499,39773.370250914304,1309.5690501867423,8961.045,244.60691752410335,0.23716471154105268,0.005865929150244907,0.2253026319738143,0.21877625784416932,0.2321980133239561,0.8871674784771144,2.820644753840745,0.0928719152512988,3.594482551143201,0.09811749599843697,3.7906061628378556,0.6724714285714286,4.200982583450158,2.8677060726067793e-12,40108.707885522854,1321.223933976831,9111.8575,251.05496042982267,0.23846198619992875,0.00574490334917527,0.8866905361722236,0.22717903369031003,-0.3533152873214872,-0.8433078540500216,-0.30968206352772104,0.2378133488704907,0.004102948909834909,0.22624477131318246,0.22141748887532284,0.23104304599563924,0.2638632098650533,0.018085260493631506,0.15,0.23707088420987643
cornerthinned,0.35,400,0.48484848484848486,55886.16042198122,1944.9506217610156,13454.1575,472.2719465266181,0.2525334703340395,0.0069845579762876225,0.24074220519733883,0.2335514114182779,0.24816702127641987,0.8793194781272817,3.9633303442003363,0.13793185574017058,5.396773967107902,0.18943920839415085,7.247572749555305,0.5780469387755102,6.862722107130136,3.0535574069290305e-12,57148.07117619884,2106.442746656106,14049.04,511.02596368293143,0.2575242214672048,0.007051016225031323,0.8779776569267105,0.2458357685718565,-0.8626816265592736,-1.67563763854508,-0.9856028038894495,0.25502884590062214,0.0049622917010381795,0.2433174190785831,0.23803480411602562,0.2488895171362815,0.3237440163653983,0.02081396819111909,0.15125,0.25295441951153846
