scheme,p,rep,att,tr_att,n,tr_n,mfpt,tr_mfpt,mode,tr_mode,sd,tr_sd,fmode,tr_fmode
uniform,0.02,0,1,1,1200,1200,14301.029084648928,14301.029084671662,2599,2599,13095.340855008657,13095.340855029172,6.596357654679786e-05,6.596357654682935e-05
uniform,0.02,1,1,1,1200,1200,14221.728827084855,14221.728827109057,2586,2586,13021.114696017714,13021.11469603957,6.635415905390489e-05,6.635415905399229e-05
uniform,0.02,2,1,1,1200,1200,14048.163476731786,14048.163476755612,2593,2593,12841.41950816469,12841.419508186227,6.711366485108138e-05,6.711366485111846e-05
uniform,0.02,3,1,1,1200,1200,14092.628943973006,14092.628943996331,2576,2576,12891.179376063765,12891.179376084854,6.699524271279494e-05,6.699524271284493e-05
uniform,0.02,4,1,1,1200,1200,14050.748818964777,14050.748818985528,2560,2560,12861.855018022245,12861.855018040987,6.713820479203136e-05,6.713820479213646e-05
uniform,0.02,5,1,1,1200,1200,14587.031955151962,14587.031955176262,2612,2612,13376.94797484443,13376.94797486649,6.472751315965727e-05,6.472751315969396e-05
uniform,0.02,6,1,1,1200,1200,14090.188812222306,14090.188812244569,2599,2599,12880.802613430586,12880.802613450707,6.690671914175134e-05,6.690671914175733e-05
uniform,0.02,7,1,1,1200,1200,14733.165329625768,14733.16532965033,2594,2594,13533.97572381786,13533.97572384009,6.415330266518001e-05,6.415330266522281e-05
uniform,0.02,8,1,1,1200,1200,15045.34671975937,15045.346719786,2632,2632,13838.27009966654,13838.27009969073,6.274704503206547e-05,6.27470450321249e-05
uniform,0.02,9,1,1,1200,1200,14903.701918046625,14903.7019180721,2601,2601,13702.861314839001,13702.861314862106,6.346127845482236e-05,6.346127845481211e-05
uniform,0.02,10,1,1,1200,1200,13951.383394523295,13951.383394545628,2589,2589,12744.242179609753,12744.24217962983,6.756839328238355e-05,6.75683932824061e-05
uniform,0.02,11,1,1,1200,1200,14481.30882607039,14481.308826093074,2575,2575,13289.405479259549,13289.405479280107,6.52487267484264e-05,6.524872674841314e-05
uniform,0.02,12,1,1,1200,1200,14709.340808110128,14709.340808134508,2603,2603,13503.76422758511,13503.764227607096,6.426384144394887e-05,6.426384144396427e-05
uniform,0.02,13,1,1,1200,1200,14218.982435825088,14218.982435849082,2580,2580,13019.974902737391,13019.974902759035,6.639835899581017e-05,6.639835899584986e-05
uniform,0.02,14,1,1,1200,1200,14876.342302363912,14876.342302388402,2580,2580,13686.98927606476,13686.989276086932,6.35957015698517e-05,6.359570156989506e-05
uniform,0.02,15,1,1,1200,1200,14200.651357532646,14200.651357555147,2599,2599,12986.503534584113,12986.503534604291,6.651982872628091e-05,6.651982872633409e-05
uniform,0.02,16,1,1,1200,1200,19356.235930915995,19356.235930960655,2852,2852,18100.168129682494,18100.168129723985,4.906782103779656e-05,4.9067821037828094e-05
uniform,0.02,17,1,1,1200,1200,14378.754542883524,14378.754542906752,2602,2602,13171.726476519983,13171.726476540996,6.564515269230895e-05,6.5645152692338e-05
uniform,0.02,18,1,1,1200,1200,14233.494544387102,14233.494544409914,2586,2586,13032.563339245318,13032.563339265893,6.630356780345834e-05,6.630356780351961e-05
uniform,0.02,19,1,1,1200,1200,14139.615791541362,14139.615791563843,2572,2572,12941.973399000244,12941.97339902046,6.678175028919393e-05,6.678175028920745e-05
uniform,0.02,20,1,1,1200,1200,14416.660772509238,14416.660772534016,2571,2571,13222.8511645721,13222.851164594498,6.5567529156456e-05,6.556752915647262e-05
uniform,0.02,21,1,1,1200,1200,14572.521350046809,14572.521350071833,2589,2589,13371.58918389067,13371.589183913273,6.486424858809383e-05,6.48642485881161e-05
uniform,0.02,22,1,1,1200,1200,14658.184981761644,14658.184981785542,2641,2641,13435.302153755998,13435.30215377753,6.438694883576047e-05,6.43869488358018e-05
uniform,0.02,23,1,1,1200,1200,14122.149213167897,14122.149213190269,2605,2605,12898.623399342836,12898.623399362892,6.692201942624053e-05,6.692201942626802e-05
uniform,0.02,24,1,1,1200,1200,14629.970743796921,14629.970743821988,2594,2594,13432.882073623658,13432.882073646371,6.45480946211053e-05,6.454809462115022e-05
uniform,0.02,25,1,1,1200,1200,14078.6431810046,14078.643181027455,2585,2585,12874.786938500547,12874.786938521083,6.701580828079067e-05,6.701580828084351e-05
uniform,0.02,26,1,1,1200,1200,15149.696451735017,15149.696451762244,2599,2599,13951.953968573791,13951.953968598396,6.250311998355241e-05,6.250311998358066e-05
uniform,0.02,27,1,1,1200,1200,16120.034590334335,16120.034590362897,2658,2658,14913.803085550164,14913.803085576368,5.874125564560884e-05,5.874125564565317e-05
uniform,0.02,28,1,1,1200,1200,14350.39986028723,14350.399860310596,2574,2574,13157.417954513148,13157.417954534243,6.581083090468148e-05,6.581083090471845e-05
uniform,0.02,29,1,1,1200,1200,13990.895409510005,13990.895409532804,2565,2565,12793.671200713274,12793.671200733796,6.747924372984404e-05,6.747924372992893e-05
uniform,0.02,30,1,1,1200,1200,14286.062618571163,14286.062618594253,2579,2579,13089.395362052941,13089.395362073752,6.60928643759211e-05,6.609286437591834e-05
uniform,0.02,31,1,1,1200,1200,14165.893218830199,14165.893218852423,2585,2585,12961.780327943774,12961.78032796377,6.665229549708894e-05,6.66522954971643e-05
uniform,0.02,32,1,1,1200,1200,14636.175591986177,14636.17559201124,2618,2618,13424.086257704943,13424.086257727551,6.452350230382151e-05,6.452350230384842e-05
uniform,0.02,33,1,1,1200,1200,14179.108800418144,14179.108800441134,2581,2581,12979.229723594759,12979.229723615488,6.655874549474881e-05,6.655874549477898e-05
uniform,0.02,34,1,1,1200,1200,14134.040748076231,14134.040748099123,2578,2578,12936.492949063804,12936.492949084392,6.674618674919774e-05,6.674618674924366e-05
uniform,0.02,35,1,1,1200,1200,14477.028989742827,14477.028989766375,2573,2573,13283.877560556464,13283.87756057779,6.529147260977107e-05,6.529147260982951e-05
uniform,0.02,36,2,2,1200,1200,14372.00054998879,14372.00055001212,2595,2595,13167.045590685573,13167.045590706555,6.568348109460337e-05,6.568348109463669e-05
uniform,0.02,37,1,1,1200,1200,14108.181525530868,14108.181525553717,2590,2590,12903.540457754352,12903.54045777496,6.685312303877874e-05,6.685312303881356e-05
uniform,0.02,38,1,1,1200,1200,14413.376275364915,14413.376275387807,2567,2567,13218.621306302652,13218.62130632331,6.562128276317534e-05,6.562128276320964e-05
uniform,0.02,39,1,1,1200,1200,14649.903972218824,14649.903972242955,2600,2600,13445.581160601398,13445.58116062323,6.450943211001781e-05,6.450943211006254e-05
uniform,0.1,0,1,1,1103,1103,17472.14835866582,17472.14835870867,3169,3169,15989.175505621804,15989.175505660398,5.4116640231636256e-05,5.4116640231681135e-05
uniform,0.1,1,1,1,1103,1103,22892.101175324715,22892.101175397456,3951,3951,21107.175545789563,21107.17554585619,4.1064998193857485e-05,4.106499819386161e-05
uniform,0.1,2,1,1,1103,1103,14744.991544817358,14744.991544846716,3048,3048,13280.092222141619,13280.092222167628,6.377398232662998e-05,6.377398232665322e-05
uniform,0.1,3,1,1,1103,1103,16383.762854775774,16383.76285481156,3092,3092,14937.787173320005,14937.787173352344,5.751439999116551e-05,5.751439999119343e-05
uniform,0.1,4,1,1,1103,1103,17338.807033786412,17338.807033828198,3085,3085,15885.509945116066,15885.509945153892,5.473284873609201e-05,5.473284873616736e-05
uniform,0.1,5,2,2,1103,1103,15643.506653114422,15643.506653146696,3045,3045,14210.299945542303,14210.299945571123,6.017050002638929e-05,6.017050002643335e-05
uniform,0.1,6,1,1,1103,1103,15702.834011034267,15702.834011068224,3113,3113,14219.035602856027,14219.035602886408,6.0005294287633046e-05,6.000529428764572e-05
uniform,0.1,7,1,1,1102,1102,20698.009951665692,20698.009951726475,3281,3281,19234.2036476807,19234.203647736907,4.574289896174963e-05,4.574289896179264e-05
uniform,0.1,8,1,1,1103,1103,17985.241834941182,17985.241834986027,3250,3250,16495.326096931105,16495.326096971665,5.240480435518837e-05,5.240480435523957e-05
uniform,0.1,9,1,1,1103,1103,14605.161534729004,14605.161534757222,3006,3006,13162.436191955996,13162.436191981064,6.441161963724842e-05,6.44116196372677e-05
uniform,0.1,10,1,1,1103,1103,17886.511577809095,17886.511577851124,3348,3348,16319.708037751478,16319.708037789453,5.272460981832622e-05,5.2724609818359714e-05
uniform,0.1,11,1,1,1103,1103,14990.895929255723,14990.89592928736,2968,2968,13588.775849195916,13588.77584922406,6.268074166900466e-05,6.268074166902272e-05
uniform,0.1,12,1,1,1103,1103,15047.855163576734,15047.855163607415,3027,3027,13605.721818895072,13605.721818922577,6.249567740796303e-05,6.2495677408014e-05
uniform,0.1,13,1,1,1103,1103,25664.93623173908,25664.93623183074,3634,3634,24093.909759557577,24093.909759643117,3.699364739700027e-05,3.699364739702964e-05
uniform,0.1,14,1,1,1103,1103,17612.203690032497,17612.203690075723,3358,3358,16036.08410231474,16036.084102353469,5.3511417366770725e-05,5.351141736678092e-05
uniform,0.1,15,1,1,1103,1103,18966.978190884252,18966.97819093404,3081,3081,17562.721219218714,17562.721219264364,5.004055758656087e-05,5.0040557586585704e-05
uniform,0.1,16,1,1,1103,1103,15747.976365302418,15747.976365336504,3041,3041,14307.850523407069,14307.850523437372,5.986355564726649e-05,5.9863555647321e-05
uniform,0.1,17,1,1,1103,1103,23432.566019709175,23432.566019788,3637,3637,21810.640553504596,21810.64055357729,4.046816884223266e-05,4.0468168842275006e-05
uniform,0.1,18,1,1,1103,1103,15456.587327782327,15456.58732781566,3086,3086,13984.720068026343,13984.720068055873,6.091317770972479e-05,6.0913177709724667e-05
uniform,0.1,19,1,1,1103,1103,20032.333620899386,20032.33362095303,3329,3329,18537.952024609887,18537.952024659277,4.711451129517929e-05,4.711451129520107e-05
uniform,0.1,20,1,1,1103,1103,16685.39035602434,16685.390356062784,3097,3097,15241.733689893124,15241.733689927907,5.6491192352898405e-05,5.6491192352968255e-05
uniform,0.1,21,1,1,1103,1103,26446.276794505604,26446.276794604993,3716,3716,24838.145446524657,24838.145446617487,3.594175684803157e-05,3.594175684803512e-05
uniform,0.1,22,1,1,1103,1103,19098.934215169033,19098.934215218535,3355,3355,17533.39489265743,17533.394892702298,4.96432472304525e-05,4.9643247230461e-05
uniform,0.1,23,1,1,1102,1102,17141.295930680426,17141.295930722365,3277,3277,15610.038046293015,15610.03804633061,5.4834274124267716e-05,5.4834274124284094e-05
uniform,0.1,24,1,1,1103,1103,16370.537618829023,16370.537618864808,3133,3133,14896.027647653835,14896.027647686038,5.755021927197304e-05,5.75502192720031e-05
uniform,0.1,25,1,1,1103,1103,16222.66079185728,16222.660791892276,3076,3076,14776.39020351687,14776.390203548432,5.809118572807613e-05,5.809118572811975e-05
uniform,0.1,26,1,1,1103,1103,14783.623413202688,14783.623413232295,3075,3075,13322.263237445843,13322.263237472003,6.334385898749609e-05,6.3343858987512e-05
uniform,0.1,27,1,1,1103,1103,15755.740458701392,15755.74045873638,3084,3084,14288.942155784885,14288.942155816068,5.985585539164728e-05,5.985585539168207e-05
uniform,0.1,28,1,1,1103,1103,17736.19799874742,17736.197998790558,3198,3198,16259.015713213188,16259.015713252254,5.316711243192755e-05,5.3167112431939993e-05
uniform,0.1,29,1,1,1103,1103,21778.421003911248,21778.421003973035,3496,3496,20196.545274267304,20196.54527432433,4.3512321852418834e-05,4.351232185243712e-05
uniform,0.1,30,2,2,1103,1103,17352.61472263949,17352.614722681592,3202,3202,15849.01876495825,15849.018764996335,5.445962316797591e-05,5.4459623168009174e-05
uniform,0.1,31,1,1,1103,1103,19147.111703906077,19147.11170395816,3269,3269,17667.475103019133,17667.4751030668,4.927502815531487e-05,4.927502815533419e-05
uniform,0.1,32,1,1,1102,1102,15327.17703629595,15327.17703633036,2993,2993,13900.900938730168,13900.900938760982,6.154917268208051e-05,6.154917268215138e-05
uniform,0.1,33,1,1,1103,1103,15333.775511123697,15333.775511156406,3054,3054,13876.868191372761,13876.868191401878,6.139546369684915e-05,6.139546369690499e-05
uniform,0.1,34,1,1,1103,1103,15780.045324653001,15780.045324686544,3165,3165,14277.578460767034,14277.57846079709,5.952145031678904e-05,5.952145031681873e-05
uniform,0.1,35,1,1,1102,1102,20942.224819271367,20942.224819330902,3216,3216,19508.302309231865,19508.30230928681,4.53233214251586e-05,4.532332142518448e-05
uniform,0.1,36,1,1,1100,1100,17231.038484282573,17231.03848432433,3177,3177,15756.810526210013,15756.810526247762,5.467731615563051e-05,5.467731615570717e-05
uniform,0.1,37,1,1,1103,1103,24827.575286863568,24827.57528694922,3524,3524,23310.737982860177,23310.73798294004,3.821533692579187e-05,3.821533692580333e-05
uniform,0.1,38,1,1,1103,1103,14945.395234664518,14945.395234695576,3131,3131,13444.00560174394,13444.00560177131,6.274839413730404e-05,6.274839413739086e-05
uniform,0.1,39,1,1,1103,1103,16087.999291681932,16087.99929171786,3078,3078,14647.659861788596,14647.659861820945,5.8494412006863135e-05,5.849441200695066e-05
uniform,0.2,0,1,1,973,973,24542.501523873565,24542.501523961244,4773,4773,22348.47553499201,22348.47553507063,3.809008141321391e-05,3.80900814132455e-05
uniform,0.2,1,3,3,979,979,30854.10433835928,30854.104338493817,5898,5898,28077.643195909553,28077.64319603049,3.060538471497522e-05,3.06053847149784e-05
uniform,0.2,2,1,1,977,977,19442.992619448163,19442.99261950276,4442,4442,17251.31299415839,17251.312994205902,4.8174000365771585e-05,4.8174000365790755e-05
uniform,0.2,3,1,1,970,970,23885.574272978847,23885.57427305916,5019,5019,21536.402318298613,21536.402318370045,3.894816643828362e-05,3.894816643832472e-05
uniform,0.2,4,1,1,980,980,21858.568341122707,21858.568341190385,4696,4696,19651.926644415387,19651.926644474963,4.2440206097080374e-05,4.2440206097112514e-05
uniform,0.2,5,1,1,978,978,19907.12914970738,19907.12914976431,4174,4174,17877.094337482034,17877.094337532588,4.7323798934743606e-05,4.732379893481447e-05
uniform,0.2,6,1,1,975,975,21052.86829659188,21052.868296656532,4844,4844,18805.29064050026,18805.290640556737,4.3159385991577674e-05,4.315938599160549e-05
uniform,0.2,7,1,1,968,968,37696.03105945856,37696.031059674795,5057,5057,35464.016090705125,35464.016090908044,2.5322596872073053e-05,2.5322596872121195e-05
uniform,0.2,8,1,1,979,979,20404.992756412543,20404.99275647165,4427,4427,18270.736222753712,18270.73622280555,4.5928521072285605e-05,4.592852107232293e-05
uniform,0.2,9,1,1,976,976,26182.006255788325,26182.006255890818,4626,4626,24086.923297899648,24086.923297992707,3.596366017049283e-05,3.5963660170518296e-05
uniform,0.2,10,1,1,977,977,27816.136191474656,27816.136191584337,5769,5769,25096.109047133563,25096.10904723133,3.354435914984586e-05,3.3544359149876955e-05
uniform,0.2,11,1,1,972,972,23827.398591369914,23827.39859145321,4530,4530,21723.083889594323,21723.0838896695,3.94612110613338e-05,3.9461211061334094e-05
uniform,0.2,12,1,1,980,980,17177.321260965306,17177.321261008437,4265,4265,15068.260157976854,15068.26015801392,5.3735596315100285e-05,5.373559631520075e-05
uniform,0.2,13,1,1,978,978,23830.656992248885,23830.656992331613,4604,4604,21694.216922414664,21694.216922489064,3.9361376742529166e-05,3.936137674257608e-05
uniform,0.2,14,1,1,976,976,30170.34438399194,30170.3443841271,5201,5201,27851.191507887288,27851.19150801067,3.113711150008515e-05,3.113711150012179e-05
uniform,0.2,15,2,2,976,976,35416.35948771494,35416.35948790635,5297,5297,33120.83514194978,33120.83514212779,2.6717621398162088e-05,2.6717621398184223e-05
uniform,0.2,16,1,1,975,975,21776.08516721919,21776.085167285317,4543,4543,19573.229207369804,19573.229207428292,4.332368305269201e-05,4.332368305273492e-05
uniform,0.2,17,1,1,979,979,18897.659048631725,18897.659048680773,4583,4583,16629.58022313835,16629.580223180554,4.9309080135956585e-05,4.930908013603442e-05
uniform,0.2,18,1,1,980,980,25856.81154333114,25856.811543432683,4646,4646,23762.670957355498,23762.670957447765,3.630002466054192e-05,3.6300024660569825e-05
uniform,0.2,19,1,1,975,975,25076.69318474976,25076.69318484304,4925,4925,22815.7055873684,22815.70558745208,3.7265880454987844e-05,3.72658804550283e-05
uniform,0.2,20,1,1,973,973,25638.835933753104,25638.835933850663,4306,4306,23675.96708611208,23675.9670862008,3.6875424339363156e-05,3.687542433943018e-05
uniform,0.2,21,1,1,978,978,21458.195077868964,21458.195077934102,4490,4490,19339.825881294866,19339.82588135271,4.348445808052575e-05,4.348445808054557e-05
uniform,0.2,22,1,1,976,976,30611.118784286322,30611.118784420247,5420,5420,28231.725654729526,28231.725654852053,3.0496610417281484e-05,3.0496610417297696e-05
uniform,0.2,23,1,1,979,979,25252.225419147868,25252.22541924251,4552,4552,23164.230204057134,23164.23020414303,3.72222007423427e-05,3.7222200742360936e-05
uniform,0.2,24,1,1,977,977,21092.589775297813,21092.58977535915,4375,4375,19053.55907032955,19053.55907038437,4.414356269708609e-05,4.414356269708664e-05
uniform,0.2,25,1,1,977,977,20413.859458790907,20413.85945885093,4602,4602,18207.882211855853,18207.882211908433,4.540333956932845e-05,4.54033395693548e-05
uniform,0.2,26,1,1,978,978,26767.583914794675,26767.583914901144,4806,4806,24543.14601120942,24543.146011306115,3.532046242388397e-05,3.5320462423910755e-05
uniform,0.2,27,1,1,968,968,20443.555936935245,20443.555936995344,4016,4016,18608.555675109583,18608.555675163578,4.5413474873929174e-05,4.5413474873979136e-05
uniform,0.2,28,1,1,970,970,18202.1809022685,18202.18090231503,4421,4421,16026.125698715234,16026.125698755108,5.060225749958977e-05,5.060225749959471e-05
uniform,0.2,29,1,1,979,979,20946.32898721686,20946.328987278535,4524,4524,18764.148002080376,18764.14800213468,4.4721203729829665e-05,4.472120372983938e-05
uniform,0.2,30,1,1,976,976,20771.05174687153,20771.051746930418,4830,4830,18475.223940356198,18475.22394040736,4.399585399812367e-05,4.3995853998216587e-05
uniform,0.2,31,1,1,978,978,22706.759955823276,22706.759955899168,4452,4452,20625.363625379043,20625.3636254471,4.133549358970245e-05,4.1335493589711736e-05
uniform,0.2,32,1,1,980,980,24743.281224450227,24743.28122454008,4588,4588,22647.262084362217,22647.26208444338,3.791915327236617e-05,3.79191532724202e-05
uniform,0.2,33,1,1,978,978,26619.2871663754,26619.287166476137,5101,5101,24244.638881164756,24244.63888125574,3.526024291728469e-05,3.526024291729137e-05
uniform,0.2,34,1,1,980,980,22978.85951897193,22978.859519049223,4451,4451,20843.494408374438,20843.494408443807,4.115441805349044e-05,4.1154418053545875e-05
uniform,0.2,35,1,1,978,978,21870.538985726034,21870.538985792205,5051,5051,19403.57469429939,19403.57469435724,4.27384344599123e-05,4.273843445998329e-05
uniform,0.2,36,1,1,973,973,39068.11613621332,39068.116136441546,5407,5407,36832.793384501536,36832.79338471537,2.4172036951867732e-05,2.417203695190861e-05
uniform,0.2,37,1,1,978,978,24881.472560728685,24881.472560823135,4651,4651,22706.60056794167,22706.600568026697,3.7935284613173004e-05,3.7935284613200854e-05
uniform,0.2,38,1,1,977,977,26179.52527509949,26179.52527520203,5109,5109,23848.744378901047,23848.74437899361,3.560154363604802e-05,3.5601543636081966e-05
uniform,0.2,39,1,1,979,979,19943.347661927513,19943.34766198474,4468,4468,17758.974657893054,17758.974657943036,4.7090584784118514e-05,4.709058478415712e-05
uniform,0.3,0,1,1,806,806,44992.5931250657,44992.593125337145,10744,10744,40058.25023294005,40058.2502331782,1.9720084512634115e-05,1.9720084512668152e-05
uniform,0.3,1,4,4,810,810,37357.06907313952,37357.06907332456,8540,8540,33490.59849328585,33490.598493448575,2.4366866748885585e-05,2.4366866748874737e-05
uniform,0.3,2,2,2,811,811,40901.437159686546,40901.43715992215,8845,8845,36810.32489885337,36810.32489906299,2.23969454618856e-05,2.239694546193433e-05
uniform,0.3,3,1,1,829,829,34506.43801061434,34506.438010781705,7839,7839,30803.503851929043,30803.503852075817,2.6769143463641046e-05,2.676914346371292e-05
uniform,0.3,4,2,2,845,845,43973.42209302477,43973.42209328464,10921,10921,38918.720825148455,38918.72082537371,2.0367432918259763e-05,2.036743291830212e-05
uniform,0.3,5,1,1,839,839,43697.8572470092,43697.857247239,17079,17079,34751.19313032397,34751.19313048879,1.8758924421200713e-05,1.8758924421224436e-05
uniform,0.3,6,6,6,840,840,52227.44759255518,52227.44759293189,10214,10214,47458.48309180012,47458.483092137925,1.7760650794948855e-05,1.7760650794959477e-05
uniform,0.3,7,2,2,837,837,91127.6039733683,91127.60397455149,10244,10244,86966.11894285987,86966.1189439853,1.0468136627107326e-05,1.0468136627142688e-05
uniform,0.3,8,2,2,840,840,27960.379559844063,27960.379559949382,6391,6391,24972.76402309999,24972.76402319219,3.327530615961958e-05,3.327530615970211e-05
uniform,0.3,9,2,2,759,759,46211.03779881622,46211.037799116086,8582,8582,42349.76491962787,42349.76491989997,2.0241676624641453e-05,2.024167662465088e-05
uniform,0.3,10,3,3,841,841,32820.724637878004,32820.724638024,7867,7867,29098.388553188848,29098.388553315413,2.7922907067325014e-05,2.7922907067373152e-05
uniform,0.3,11,2,2,849,849,27080.947753783654,27080.94775387783,9214,9214,22240.266102960348,22240.266103032547,3.282260501323175e-05,3.282260501325749e-05
uniform,0.3,12,1,1,838,838,51140.30783092646,51140.307831290665,8382,8382,47575.79168180687,47575.79168214345,1.8333086980194825e-05,1.8333086980214703e-05
uniform,0.3,13,9,9,804,804,42775.49864309827,42775.49864335214,9064,9064,38829.57568002769,38829.57568025463,2.1116112857239297e-05,2.111611285726109e-05
uniform,0.3,14,3,3,843,843,35278.951947456415,35278.95194762935,8988,8988,31063.05908852558,31063.05908867407,2.5453313797728726e-05,2.545331379775088e-05
uniform,0.3,15,1,1,834,834,38110.37895456586,38110.378954767824,7954,7954,34642.76243017201,34642.76243035299,2.3944646960737675e-05,2.3944646960750817e-05
uniform,0.3,16,1,1,806,806,42439.71824864417,42439.71824888668,11195,11195,37043.48312500914,37043.48312521625,2.127305584735165e-05,2.1273055847389397e-05
uniform,0.3,17,2,2,821,821,33849.76186646033,33849.761866609886,8370,8370,29690.3788209931,29690.37882112167,2.7507714335640792e-05,2.7507714335683903e-05
uniform,0.3,18,2,2,814,814,48684.3386585232,48684.338658840774,11349,11349,43728.96733038811,43728.96733066588,1.795713759908499e-05,1.795713759909487e-05
uniform,0.3,19,1,1,837,837,25825.42630013811,25825.426300221337,9452,9452,20818.09875221926,20818.09875228229,3.405024751602737e-05,3.4050247516102016e-05
uniform,0.3,20,1,1,807,807,49716.184689317175,49716.18468967767,7790,7790,46354.5420092993,46354.542009632656,1.8948322676311125e-05,1.8948322676355063e-05
uniform,0.3,21,1,1,840,840,35084.73985194104,35084.73985210946,7928,7928,31461.334917704866,31461.334917852717,2.6132569046729713e-05,2.6132569046718793e-05
uniform,0.3,22,1,1,839,839,28010.305739228737,28010.305739333413,8242,8242,23969.453877394193,23969.45387747948,3.164118575624275e-05,3.1641185756272225e-05
uniform,0.3,23,1,1,825,825,43534.71278439422,43534.71278466777,8139,8139,39797.67281173162,39797.67281197846,2.1571597804740006e-05,2.1571597804773396e-05
uniform,0.3,24,2,2,825,825,51678.49333429759,51678.49333467377,10271,10271,47279.24561405317,47279.24561439266,1.7672522762201948e-05,1.7672522762245987e-05
uniform,0.3,25,3,3,828,828,58069.28596201331,58069.28596248306,9394,9394,53878.607323179116,53878.60732361133,1.617323428083225e-05,1.617323428086323e-05
uniform,0.3,26,3,3,846,846,53585.24159996359,53585.24160034675,13265,13265,47307.607925773686,47307.607926104094,1.6969755645670317e-05,1.6969755645713553e-05
uniform,0.3,27,1,1,819,819,43977.64558015031,43977.645580427634,6730,6730,41045.94049803265,41045.9404982892,2.1173162079342157e-05,2.1173162079366247e-05
uniform,0.3,28,1,1,831,831,23604.94504616081,23604.945046236186,6489,6489,20500.335092160734,20500.33509222431,3.833368403506439e-05,3.8333684035137344e-05
uniform,0.3,29,7,7,841,841,31228.29489493806,31228.294895068615,8287,8287,27288.426201541788,27288.42620165248,2.8556392264898117e-05,2.855639226494336e-05
uniform,0.3,30,5,5,803,803,27268.893995476916,27268.893995575618,6752,6752,23988.816849497893,23988.816849583403,3.389771928239683e-05,3.389771928244621e-05
uniform,0.3,31,2,2,832,832,26714.3337899497,26714.333790042303,7346,7346,23056.89882645516,23056.898826532375,3.3602174339866655e-05,3.360217433989129e-05
uniform,0.3,32,2,2,841,841,23625.08256671016,23625.082566782872,6929,6929,20099.977479769535,20099.977479829307,3.8336113434003456e-05,3.833611343408867e-05
uniform,0.3,33,1,1,830,830,35384.07713284083,35384.077133010855,7988,7988,31566.758074803154,31566.758074952228,2.585604597957062e-05,2.585604597964786e-05
uniform,0.3,34,1,1,824,824,37932.850836568905,37932.85083676533,8493,8493,33913.60295974386,33913.60295991763,2.447621987156813e-05,2.4476219871620996e-05
uniform,0.3,35,1,1,836,836,25830.679671399626,25830.67967149044,6208,6208,22754.991027107757,22754.991027186665,3.608332181660146e-05,3.608332181665199e-05
uniform,0.3,36,1,1,806,806,36277.18579950479,36277.185799687664,7942,7942,32632.303143828474,32632.303143989633,2.519148076876392e-05,2.519148076880868e-05
uniform,0.3,37,1,1,818,818,34318.23100063432,34318.23100079105,8141,8141,30254.695845875107,30254.69584601127,2.7430017602718264e-05,2.743001760272572e-05
uniform,0.3,38,1,1,842,842,29518.015629245005,29518.015629362,9287,9287,24753.661644083055,24753.66164417583,3.0424537999511605e-05,3.0424537999522016e-05
uniform,0.3,39,3,3,836,836,27475.203771243214,27475.203771345183,7679,7679,23625.831662260676,23625.83166234526,3.3415683833990496e-05,3.341568383413108e-05
uniform,0.35,0,2,2,702,702,33046.55060109061,33046.55060121903,12138,12138,26802.450329177165,26802.45032927257,2.5060613640046607e-05,2.506061364008563e-05
uniform,0.35,1,11,11,772,772,50926.57031214734,50926.570312459015,17798,17798,41320.96903316472,41320.96903339901,1.6730574237686133e-05,1.6730574237738602e-05
uniform,0.35,2,5,5,638,638,70404.55602364539,70404.55602435561,7843,7843,68946.64009010395,68946.64009080453,1.5860852489792463e-05,1.5860852489799158e-05
uniform,0.35,3,2,2,780,780,86401.50636820924,86401.50636919205,23465,23465,74960.87845483424,74960.87845566185,1.0539846486280859e-05,1.0539846486335784e-05
uniform,0.35,4,1,1,636,636,57791.16522167403,57791.165222119664,12875,12875,51760.131186449114,51760.13118684114,1.5968789284490163e-05,1.5968789284563174e-05
uniform,0.35,5,2,2,743,743,51592.397469815085,51592.39747015676,15273,15273,43406.96701258785,43406.967012853514,1.6179704593473114e-05,1.6179704593527365e-05
uniform,0.35,6,4,4,760,760,58439.26658459316,58439.2665850517,14328,14328,51724.780135712615,51724.78013610881,1.552244461703231e-05,1.5522444617103427e-05
uniform,0.35,7,4,4,749,749,73220.09091780867,73220.09091852541,16144,16144,65994.90688340884,65994.90688404445,1.2431724631419944e-05,1.2431724631465114e-05
uniform,0.35,8,1,1,707,707,71028.75977150523,71028.75977213294,24427,24427,57831.86583843746,57831.86583891145,1.2207573115137767e-05,1.2207573115241036e-05
uniform,0.35,9,10,10,720,720,62619.93858748526,62619.93858805903,6494,6494,60592.50758297654,60592.507583531595,1.6651379747233523e-05,1.6651379747277264e-05
uniform,0.35,10,1,1,687,687,48184.20160494581,48184.20160526876,9245,9245,44084.951696204145,44084.951696494354,1.9400173030438692e-05,1.9400173030473596e-05
uniform,0.35,11,7,7,699,699,43876.08661047379,43876.08661072789,10686,10686,39556.322799756985,39556.32279998546,2.0824628170722893e-05,2.0824628170702967e-05
uniform,0.35,12,1,1,697,697,53965.36963330836,53965.3696336977,9390,9390,50010.9075662856,50010.90756664527,1.7150986144066553e-05,1.7150986144110985e-05
uniform,0.35,13,2,2,742,742,41363.56900585713,41363.56900608381,9808,9808,36692.435681880444,36692.43568207788,2.2098152502279065e-05,2.2098152502259015e-05
uniform,0.35,14,2,2,675,675,41346.06749821344,41346.06749844293,9976,9976,36581.21352344701,36581.21352364599,2.1928519205939084e-05,2.192851920598765e-05
uniform,0.35,15,1,1,755,755,126666.79707723841,126666.79707933232,15347,15347,119940.73015613265,119940.7301581083,7.663073448921596e-06,7.663073448935787e-06
uniform,0.35,16,7,7,682,682,45167.4905734512,45167.490573727126,14597,14597,37899.62125243217,37899.621252648474,1.8882829225384667e-05,1.888282922540542e-05
uniform,0.35,17,17,17,627,627,70520.14662293198,70520.14662348598,27071,27071,56110.674082244506,56110.674082647165,1.2387490419623624e-05,1.2387490419605166e-05
uniform,0.35,18,4,4,703,703,74867.90665207655,74867.90665287002,9372,9372,71084.66842599466,71084.66842674429,1.2696539173416324e-05,1.2696539173441147e-05
uniform,0.35,19,1,1,663,663,49149.09974243122,49149.09974273812,13836,13836,42390.69783069594,42390.69783095278,1.8257896482824544e-05,1.8257896482900824e-05
uniform,0.35,20,5,5,703,703,40966.50546229999,40966.50546250165,9772,9772,35935.02565384634,35935.02565401602,2.165783073765381e-05,2.1657830737729288e-05
uniform,0.35,21,1,1,723,723,57197.93418801937,57197.934188471714,10140,10140,54407.6634426374,54407.66344307394,1.740121005843586e-05,1.7401210058490586e-05
uniform,0.35,22,2,2,749,749,67464.33654967682,67464.33655027562,17069,17069,59611.21536826211,59611.21536878123,1.2910880965330984e-05,1.291088096535822e-05
uniform,0.35,23,2,2,752,752,34802.86268473543,34802.86268489987,8363,8363,30929.817637413416,30929.8176375559,2.5943579933706016e-05,2.5943579933756784e-05
uniform,0.35,24,5,5,735,735,38604.36412421491,38604.36412441209,10105,10105,33725.98754957018,33725.98754973797,2.3151590590602697e-05,2.315159059064732e-05
uniform,0.35,25,5,5,733,733,53616.06292622168,53616.0629266132,8262,8262,50163.52909427658,50163.52909464205,1.779528598950315e-05,1.7795285989508488e-05
uniform,0.35,26,1,1,611,611,33785.257470401,33785.25747055119,10282,10282,28548.961775841843,28548.96177596262,2.687139434097679e-05,2.687139434090604e-05
uniform,0.35,27,8,8,737,737,61281.16000167187,61281.16000220663,10304,10304,57621.63580332883,57621.63580382675,1.6008572956985438e-05,1.6008572957052747e-05
uniform,0.35,28,4,4,741,741,40367.74579443101,40367.74579463751,8956,8956,36018.408308523474,36018.408308704056,2.1685149653885455e-05,2.168514965390156e-05
uniform,0.35,29,3,3,671,671,44864.0197744567,44864.01977473273,6940,6940,43011.14314803032,43011.14314829714,2.31678635468746e-05,2.316786354691124e-05
uniform,0.35,30,5,5,755,755,49601.91267375048,49601.912674081774,11675,11675,44352.414330184874,44352.41433047702,1.8145356437702263e-05,1.8145356437759692e-05
uniform,0.35,31,1,1,614,614,44603.01594531865,44603.01594558794,12257,12257,38873.35098716559,38873.35098739226,1.9734679649166832e-05,1.9734679649217132e-05
uniform,0.35,32,5,5,680,680,40112.760196920965,40112.760197126096,9323,9323,35774.98842015708,35774.98842033649,2.2874531393047852e-05,2.287453139306598e-05
uniform,0.35,33,1,1,708,708,44264.00411046277,44264.00411071503,10823,10823,39137.11272818131,39137.11272839836,2.0585177220409494e-05,2.0585177220492103e-05
uniform,0.35,34,8,8,750,750,91195.73938795153,91195.73938908672,18467,18467,82908.11266654952,82908.11266756609,1.0081136355793639e-05,1.008113635580323e-05
uniform,0.35,35,2,2,653,653,65442.14726273997,65442.14726330987,14587,14587,58504.55723877387,58504.55723927342,1.41025010255544e-05,1.4102501025566075e-05
uniform,0.35,36,2,2,673,673,49763.72554493084,49763.72554523112,16582,16582,40989.1286528476,40989.128653076266,1.6836308563833202e-05,1.683630856384669e-05
uniform,0.35,37,8,8,745,745,48292.373274448575,48292.37327472669,14067,14067,41838.13197787037,41838.13197810604,1.853118690721334e-05,1.853118690724617e-05
uniform,0.35,38,3,3,777,777,94244.68547349672,94244.68547472046,20764,20764,85389.85428245633,85389.8542835473,9.48232825341862e-06,9.482328253430092e-06
uniform,0.35,39,6,6,717,717,93946.05953570326,93946.0595368762,16260,16260,86255.67164113816,86255.67164220342,9.923928999188608e-06,9.923928999203804e-06
smart,0.02,0,1,1,1200,1200,14082.462194343354,14082.462194366832,2593,2593,12869.271406348269,12869.271406369466,6.704530324699263e-05,6.704530324706161e-05
smart,0.02,1,1,1,1200,1200,14186.402200307915,14186.402200331664,2580,2580,12983.80484096777,12983.804840989207,6.658648307032226e-05,6.658648307036012e-05
smart,0.02,2,1,1,1200,1200,14419.110830819645,14419.110830844204,2600,2600,13209.694726914728,13209.694726936836,6.552363886345582e-05,6.55236388635063e-05
smart,0.02,3,1,1,1200,1200,14175.375091948592,14175.375091971337,2569,2569,12979.768473322976,12979.768473343564,6.662021468525237e-05,6.662021468529088e-05
smart,0.02,4,1,1,1200,1200,14332.599821732867,14332.599821757878,2586,2586,13131.521936977737,13131.521937000229,6.588173874169241e-05,6.588173874172513e-05
smart,0.02,5,1,1,1200,1200,14222.20274495967,14222.2027449837,2600,2600,13010.85481267103,13010.854812692603,6.636388407485906e-05,6.63638840748798e-05
smart,0.02,6,1,1,1200,1200,14677.257342973253,14677.257342997627,2605,2605,13475.311357687968,13475.311357710085,6.432137252708033e-05,6.432137252710969e-05
smart,0.02,7,1,1,1200,1200,14281.675715412148,14281.6757154346,2569,2569,13088.995036707895,13088.995036728193,6.613594704130874e-05,6.61359470413883e-05
smart,0.02,8,1,1,1200,1200,14684.66778962714,14684.6677896517,2613,2613,13481.69558733174,13481.695587353894,6.426160881458512e-05,6.426160881463082e-05
smart,0.02,9,1,1,1200,1200,14873.52449499548,14873.524495022077,2610,2610,13666.84386525696,13666.843865280978,6.358341197807804e-05,6.35834119781422e-05
smart,0.02,10,1,1,1200,1200,14240.38052577195,14240.38052579581,2577,2577,13044.53570463266,13044.535704654225,6.630137843087611e-05,6.630137843091943e-05
smart,0.02,11,1,1,1200,1200,14062.417279419142,14062.417279442188,2579,2579,12863.196962557417,12863.196962578131,6.706788569001936e-05,6.706788569001354e-05
smart,0.02,12,1,1,1200,1200,14275.085638593539,14275.085638618162,2590,2590,13071.94818521096,13071.948185233034,6.612485704474548e-05,6.612485704478862e-05
smart,0.02,13,1,1,1200,1200,14208.344635162865,14208.344635185656,2569,2569,13013.100049159159,13013.10004917984,6.647433151133925e-05,6.64743315113891e-05
smart,0.02,14,1,1,1200,1200,14152.43789169526,14152.437891717953,2557,2557,12964.17567420513,12964.175674225658,6.672121573787933e-05,6.6721215737933e-05
smart,0.02,15,1,1,1200,1200,14307.872972696103,14307.872972720324,2597,2597,13104.04320072505,13104.043200746888,6.593033279712296e-05,6.593033279713734e-05
smart,0.02,16,1,1,1200,1200,14422.064669221272,14422.06466924558,2624,2624,13201.115433532057,13201.115433553918,6.545821859023712e-05,6.54582185902942e-05
smart,0.02,17,1,1,1200,1200,14255.91026791387,14255.910267936675,2585,2585,13051.501575887934,13051.501575908522,6.625741087425844e-05,6.625741087429223e-05
smart,0.02,18,1,1,1200,1200,15079.314892840634,15079.314892865825,2637,2637,13863.348571847953,13863.348571870818,6.269706482518125e-05,6.26970648252067e-05
smart,0.02,19,1,1,1200,1200,14496.059520736928,14496.059520761091,2610,2610,13284.888954070184,13284.88895409196,6.51356986653539e-05,6.513569866538095e-05
smart,0.02,20,1,1,1200,1200,15215.072706730163,15215.072706756348,2608,2608,14008.681256838057,14008.681256861664,6.227722527687033e-05,6.227722527688962e-05
smart,0.02,21,1,1,1200,1200,14921.933291861616,14921.933291887935,2625,2625,13710.998118702335,13710.99811872626,6.332307194594014e-05,6.3323071946007e-05
smart,0.02,22,1,1,1200,1200,14362.136360799579,14362.1363608239,2570,2570,13171.246328082223,13171.246328104244,6.576739462743207e-05,6.576739462746257e-05
smart,0.02,23,1,1,1200,1200,14099.938899875078,14099.938899898658,2589,2589,12894.724569706797,12894.724569728009,6.690045557839562e-05,6.690045557845295e-05
smart,0.02,24,1,1,1200,1200,15763.737762649782,15763.737762678456,2668,2668,14550.307617358025,14550.307617384096,5.99716890127565e-05,5.9971689012763645e-05
smart,0.02,25,1,1,1200,1200,14891.670250085732,14891.67025011204,2627,2627,13681.253091272678,13681.253091296534,6.341733429677266e-05,6.341733429683287e-05
smart,0.02,26,1,1,1200,1200,15413.786499735645,15413.786499762256,2639,2639,14203.447697412195,14203.44769743641,6.136680528488926e-05,6.136680528492878e-05
smart,0.02,27,1,1,1200,1200,15001.516650245512,15001.516650271553,2635,2635,13786.685299730545,13786.685299754216,6.298133974978507e-05,6.298133974979381e-05
smart,0.02,28,1,1,1200,1200,14342.065399757801,14342.065399780451,2575,2575,13148.005487344277,13148.005487364657,6.58465365833602e-05,6.58465365834127e-05
smart,0.02,29,1,1,1200,1200,14667.09048098306,14667.090481008603,2600,2600,13464.108798008761,13464.1087980318,6.443479115575521e-05,6.443479115578842e-05
smart,0.02,30,1,1,1200,1200,15972.95657652793,15972.95657655718,2675,2675,14753.898073415561,14753.89807344222,5.925034007973714e-05,5.925034007977786e-05
smart,0.02,31,1,1,1200,1200,13958.035004170917,13958.035004194651,2554,2554,12769.897870878633,12769.897870900077,6.75845526661794e-05,6.758455266622002e-05
smart,0.02,32,1,1,1200,1200,14146.290249288275,14146.290249311116,2587,2587,12940.466595929332,12940.466595949962,6.67396202520969e-05,6.673962025215701e-05
smart,0.02,33,1,1,1200,1200,14836.682574080625,14836.682574105653,2572,2572,13651.497855325946,13651.4978553486,6.374898534168284e-05,6.374898534170893e-05
smart,0.02,34,1,1,1200,1200,14189.025385908373,14189.02538593161,2585,2585,12988.511003641674,12988.51100366258,6.649450576116734e-05,6.649450576118954e-05
smart,0.02,35,1,1,1200,1200,14621.534394530752,14621.534394556098,2591,2591,13424.30208990337,13424.302089926454,6.460813347356816e-05,6.460813347359675e-05
smart,0.02,36,1,1,1200,1200,14592.002373780742,14592.00237380538,2614,2614,13384.978823415897,13384.978823438209,6.467788939384925e-05,6.467788939387718e-05
smart,0.02,37,1,1,1200,1200,14557.725815494578,14557.72581551784,2585,2585,13357.209544955154,13357.209544976226,6.496909460250867e-05,6.496909460257521e-05
smart,0.02,38,1,1,1200,1200,14777.677116641245,14777.67711666641,2601,2601,13576.728000613028,13576.728000635829,6.395617321414008e-05,6.39561732141774e-05
smart,0.02,39,1,1,1200,1200,14530.47234236577,14530.472342391336,2620,2620,13317.770557689702,13317.770557712853,6.493083630057536e-05,6.493083630060321e-05
smart,0.1,0,1,1,1103,1103,18388.34552606699,18388.345526114237,3163,3163,16934.59665897386,16934.596659016945,5.143535468279793e-05,5.143535468284825e-05
smart,0.1,1,1,1,1102,1102,15804.269078661602,15804.269078696128,3137,3137,14329.812372426211,14329.812372457129,5.935978294348123e-05,5.935978294353187e-05
smart,0.1,2,1,1,1103,1103,15408.11684939021,15408.116849422271,3086,3086,13945.50815353143,13945.508153560071,6.0957501641853605e-05,6.095750164186215e-05
smart,0.1,3,1,1,1103,1103,15272.68413455689,15272.6841345903,2989,2989,13858.630865268482,13858.63086529846,6.166093674621611e-05,6.166093674625208e-05
smart,0.1,4,1,1,1103,1103,20266.77814441437,20266.778144473028,3292,3292,18776.080445714608,18776.08044576843,4.676678024366998e-05,4.676678024371835e-05
smart,0.1,5,1,1,1103,1103,16342.524219510035,16342.524219548435,3084,3084,14892.001133523481,14892.001133558024,5.774315925227317e-05,5.7743159252312854e-05
smart,0.1,6,1,1,1102,1102,16698.069895392444,16698.069895429326,3120,3120,15251.952977267387,15251.952977300532,5.64035395319193e-05,5.640353953193642e-05
smart,0.1,7,1,1,1103,1103,16121.439522395478,16121.439522431489,3125,3125,14652.200375943708,14652.20037597594,5.833757619346452e-05,5.833757619350221e-05
smart,0.1,8,1,1,1102,1102,15596.275671139412,15596.275671173102,3112,3112,14128.465503789632,14128.465503819636,6.02020862619778e-05,6.020208626203624e-05
smart,0.1,9,1,1,1103,1103,15561.435707164754,15561.435707196564,3098,3098,14077.051819427927,14077.051819456326,6.0621464352588446e-05,6.062146435261653e-05
smart,0.1,10,1,1,1103,1103,17893.432296309908,17893.432296352617,3270,3270,16394.90271162785,16394.902711666375,5.253684750790412e-05,5.253684750789768e-05
smart,0.1,11,1,1,1103,1103,15990.67648868922,15990.67648872396,3061,3061,14550.038094373534,14550.038094404685,5.8898700970565966e-05,5.889870097062798e-05
smart,0.1,12,1,1,1103,1103,14525.580115084464,14525.58011511275,3007,3007,13096.055503870382,13096.05550389542,6.451751027109398e-05,6.451751027113495e-05
smart,0.1,13,1,1,1103,1103,16591.443386174782,16591.44338621299,3144,3144,15116.10636472983,15116.106364764006,5.6846357821635383e-05,5.684635782166014e-05
smart,0.1,14,1,1,1103,1103,19725.624396989697,19725.624397043877,3280,3280,18226.575648635393,18226.575648685102,4.8053448668340215e-05,4.8053448668378765e-05
smart,0.1,15,1,1,1101,1101,16803.467641498286,16803.46764153783,3193,3193,15304.693893828895,15304.69389386438,5.612833956840627e-05,5.612833956845049e-05
smart,0.1,16,1,1,1103,1103,15871.054217727928,15871.0542177614,3119,3119,14401.867349565588,14401.867349595608,5.9215400813810766e-05,5.921540081387372e-05
smart,0.1,17,1,1,1103,1103,16733.781833275854,16733.781833314304,3141,3141,15287.945268246533,15287.945268281186,5.607788515387722e-05,5.607788515389958e-05
smart,0.1,18,1,1,1103,1103,16696.67967431603,16696.67967435516,3194,3194,15200.857599103498,15200.85759913869,5.6341843292443425e-05,5.634184329246515e-05
smart,0.1,19,1,1,1103,1103,16419.535251406724,16419.5352514436,3135,3135,14942.267710570139,14942.267710603122,5.742349941455183e-05,5.7423499414608025e-05
smart,0.1,20,1,1,1103,1103,14879.183420745001,14879.183420775433,3088,3088,13397.58922634502,13397.589226371983,6.312434478331545e-05,6.312434478333308e-05
smart,0.1,21,1,1,1101,1101,17234.626991032488,17234.626991072048,3142,3142,15760.068819212574,15760.068819248336,5.487654954066255e-05,5.487654954069701e-05
smart,0.1,22,1,1,1103,1103,17456.525479603435,17456.525479645137,3163,3163,15985.661012677738,15985.661012715396,5.40800876526287e-05,5.408008765266152e-05
smart,0.1,23,1,1,1103,1103,16484.697891937583,16484.69789197489,3205,3205,14978.147058366603,14978.147058399943,5.7030668659673876e-05,5.703066865974742e-05
smart,0.1,24,1,1,1103,1103,19011.798720642437,19011.798720693085,3398,3398,17449.843107717334,17449.843107763245,4.960561730633288e-05,4.9605617306337005e-05
smart,0.1,25,1,1,1103,1103,18732.5169304102,18732.516930457437,3200,3200,17274.095789209317,17274.095789252424,5.04693921655009e-05,5.046939216554575e-05
smart,0.1,26,1,1,1103,1103,20678.428021352916,20678.42802141363,3279,3279,19208.651568202888,19208.651568258752,4.581964659339745e-05,4.581964659343368e-05
smart,0.1,27,1,1,1102,1102,17163.748657048058,17163.74865709044,3176,3176,15674.626893798615,15674.626893836728,5.502173500483955e-05,5.502173500484728e-05
smart,0.1,28,1,1,1103,1103,20775.101779056236,20775.10177911724,3343,3343,19274.425358616914,19274.425358672735,4.556349963488e-05,4.556349963489944e-05
smart,0.1,29,1,1,1103,1103,16784.840132942685,16784.840132980156,3096,3096,15341.233617009235,15341.23361704298,5.618055210918593e-05,5.618055210923302e-05
smart,0.1,30,1,1,1103,1103,19817.380772612443,19817.380772668377,3237,3237,18355.406801118457,18355.40680116997,4.778030874150241e-05,4.7780308741521965e-05
smart,0.1,31,1,1,1103,1103,15072.262006619905,15072.2620066502,3024,3024,13636.497399320411,13636.497399347323,6.233417439924726e-05,6.23341743992871e-05
smart,0.1,32,1,1,1103,1103,16414.785872294786,16414.785872332213,3107,3107,14961.991602235848,14961.991602269514,5.734988871309491e-05,5.734988871311783e-05
smart,0.1,33,1,1,1103,1103,15931.37824920814,15931.378249244475,3094,3094,14480.30113851877,14480.301138551493,5.9002793097322755e-05,5.9002793097351006e-05
smart,0.1,34,1,1,1103,1103,15626.39515940068,15626.395159434043,3080,3080,14187.163103581008,14187.16310361088,5.99718999920203e-05,5.997189999206148e-05
smart,0.1,35,1,1,1103,1103,15173.818093003109,15173.818093034784,3099,3099,13685.331619818253,13685.331619846414,6.20230978680831e-05,6.202309786810788e-05
smart,0.1,36,1,1,1103,1103,16261.843899584963,16261.84389962176,3083,3083,14809.715919533619,14809.715919566574,5.801912471196172e-05,5.801912471199193e-05
smart,0.1,37,1,1,1103,1103,16250.937316464733,16250.937316501964,3234,3234,14728.101291996196,14728.101292029309,5.774669454291205e-05,5.7746694542948455e-05
smart,0.1,38,1,1,1103,1103,15306.12857622688,15306.128576258592,3094,3094,13830.202692672096,13830.20269270026,6.142453127273884e-05,6.142453127278455e-05
smart,0.1,39,1,1,1103,1103,21682.74108955083,21682.74108961634,3445,3445,20143.436179151515,20143.436179211752,4.3670839994608884e-05,4.367083999467469e-05
smart,0.2,0,1,1,974,974,21874.08612214648,21874.086122213717,4229,4229,19886.89395100116,19886.89395106157,4.304512566514627e-05,4.3045125665173456e-05
smart,0.2,1,1,1,965,965,18465.39074609609,18465.390746144694,4191,4191,16449.65244169224,16449.652441734805,5.038779093341711e-05,5.038779093347503e-05
smart,0.2,2,1,1,972,972,19374.966181549196,19374.966181598524,5211,5211,16758.22554138388,16758.225541425712,4.748195202119726e-05,4.7481952021285144e-05
smart,0.2,3,1,1,974,974,18969.244393615445,18969.2443936693,4152,4152,16972.683509551807,16972.683509599476,4.9189989141282925e-05,4.918998914129535e-05
smart,0.2,4,1,1,974,974,47752.802347095676,47752.80234743805,5511,5511,45537.42368912719,45537.42368945214,1.9955075009995097e-05,1.9955075010011333e-05
smart,0.2,5,2,2,976,976,23977.51480386152,23977.514803945574,4793,4793,21692.71870808941,21692.718708164277,3.9302836541670174e-05,3.930283654169419e-05
smart,0.2,6,1,1,979,979,20000.61278013174,20000.61278018845,4570,4570,17824.01660315691,17824.01660320658,4.624803304258632e-05,4.624803304258902e-05
smart,0.2,7,1,1,978,978,20348.998065928346,20348.998065988675,4414,4414,18261.713841943943,18261.71384199717,4.565672794004528e-05,4.565672794007549e-05
smart,0.2,8,1,1,979,979,17373.045862685372,17373.045862730116,4250,4250,15285.41330131954,15285.413301357905,5.338820365211817e-05,5.338820365215572e-05
smart,0.2,9,1,1,972,972,20666.544875640542,20666.544875702653,4220,4220,18671.741364323254,18671.741364378384,4.518239848049082e-05,4.518239848054987e-05
smart,0.2,10,1,1,979,979,21417.363251361196,21417.36325142649,4684,4684,19133.817460387258,19133.817460444738,4.3679634789980515e-05,4.367963479001206e-05
smart,0.2,11,1,1,976,976,23220.810940886484,23220.810940963693,4275,4275,21238.33371936804,21238.33371943807,4.0595790378482986e-05,4.059579037854407e-05
smart,0.2,12,1,1,979,979,16417.474487641924,16417.474487681506,4062,4062,14420.206236185188,14420.206236219088,5.6384704835815344e-05,5.638470483586625e-05
smart,0.2,13,1,1,975,975,20403.204278730005,20403.204278790123,4424,4424,18289.689326033254,18289.689326086096,4.577730294558578e-05,4.577730294560098e-05
smart,0.2,14,1,1,975,975,20596.997456494228,20596.997456555044,4682,4682,18333.489782774737,18333.48978282801,4.525344730003438e-05,4.525344730008609e-05
smart,0.2,15,1,1,976,976,17680.72820008688,17680.728200129244,5161,5161,15014.91180141408,15014.911801448949,5.199186711860053e-05,5.199186711864205e-05
smart,0.2,16,1,1,977,977,22173.49958443414,22173.499584504792,4678,4678,19939.926370926492,19939.926370989233,4.2263835812210504e-05,4.226383581225576e-05
smart,0.2,17,1,1,978,978,24565.041102830033,24565.041102922216,4512,4512,22467.090891930708,22467.090892013828,3.8379819425781074e-05,3.8379819425801775e-05
smart,0.2,18,1,1,975,975,20630.15052517946,20630.15052524097,4519,4519,18463.886949446754,18463.88694950116,4.5100578347352335e-05,4.510057834740882e-05
smart,0.2,19,1,1,980,980,19307.0227389154,19307.02273897091,4037,4037,17393.316391316577,17393.316391365785,4.846741268747463e-05,4.8467412687480504e-05
smart,0.2,20,1,1,979,979,33205.01200105275,33205.012001218754,4709,4709,31164.873497080716,31164.873497236116,2.8613961859677375e-05,2.861396185971154e-05
smart,0.2,21,1,1,975,975,22214.287322425687,22214.287322496653,4276,4276,20248.906283667726,20248.906283731627,4.2151920640362987e-05,4.215192064040758e-05
smart,0.2,22,1,1,977,977,20837.16313951438,20837.163139578493,4318,4318,18811.275296324315,18811.275296381344,4.478764741139772e-05,4.478764741143532e-05
smart,0.2,23,2,2,977,977,20921.433202160413,20921.4332022228,4193,4193,18921.76357059184,18921.763570647578,4.500976112322075e-05,4.500976112325988e-05
smart,0.2,24,1,1,975,975,20669.268112706246,20669.26811276794,4407,4407,18580.33620240809,18580.33620246246,4.500142002677162e-05,4.500142002677391e-05
smart,0.2,25,1,1,978,978,26527.539735816314,26527.539735922725,4849,4849,24275.05474887468,24275.05474897069,3.5546900541983515e-05,3.5546900542003085e-05
smart,0.2,26,1,1,972,972,23808.334027769524,23808.334027855075,4265,4265,21817.05645730013,21817.056457377796,3.9795714964001246e-05,3.9795714964029665e-05
smart,0.2,27,1,1,977,977,36665.18247964156,36665.182479840434,4859,4859,34590.04818140664,34590.04818159362,2.5978734652198658e-05,2.5978734652200515e-05
smart,0.2,28,1,1,978,978,19769.003076179393,19769.003076235396,4197,4197,17777.725675475245,17777.7256755249,4.72463342670176e-05,4.724633426708264e-05
smart,0.2,29,1,1,974,974,28313.404395809004,28313.40439592542,4960,4960,26041.112810783747,26041.112810889164,3.3338588415800776e-05,3.3338588415800945e-05
smart,0.2,30,1,1,978,978,21387.38776346862,21387.387763534443,4644,4644,19183.47572083351,19183.47572089156,4.3511592450073684e-05,4.351159245007169e-05
smart,0.2,31,1,1,976,976,20664.542230975123,20664.54223103878,4333,4333,18589.396615438032,18589.396615494392,4.5509137962399006e-05,4.55091379624037e-05
smart,0.2,32,1,1,971,971,17552.302866280275,17552.302866324906,4091,4091,15566.566611331615,15566.566611370352,5.297392066739665e-05,5.297392066744912e-05
smart,0.2,33,1,1,979,979,22288.27610170877,22288.27610178232,4251,4251,20299.0895069003,20299.089506966455,4.222447610325281e-05,4.222447610329539e-05
smart,0.2,34,1,1,979,979,18500.618498083502,18500.618498133477,4051,4051,16536.897483099183,16536.897483143217,5.0571902819946414e-05,5.057190282003485e-05
smart,0.2,35,1,1,972,972,25272.118185351934,25272.118185445175,4931,4931,23076.27642282339,23076.27642290802,3.663116367187036e-05,3.663116367190617e-05
smart,0.2,36,1,1,978,978,22245.56843824643,22245.568438321687,4718,4718,20024.62222037066,20024.622220437224,4.190985823286468e-05,4.190985823288749e-05
smart,0.2,37,1,1,979,979,23868.15102086096,23868.15102094207,4823,4823,21585.920101137366,21585.92010120959,3.9305128362571864e-05,3.930512836260342e-05
smart,0.2,38,1,1,978,978,22488.392629227175,22488.392629302005,4241,4241,20520.556647942667,20520.556648009704,4.180948637023395e-05,4.180948637026706e-05
smart,0.2,39,1,1,972,972,17234.950261289596,17234.950261330443,4248,4248,15118.217623967941,15118.217624002797,5.4028226229562405e-05,5.402822622962798e-05
smart,0.3,0,1,1,839,839,32405.82924180821,32405.829241957217,7389,7389,28987.076384838383,28987.07638496944,2.8453436309247236e-05,2.8453436309267416e-05
smart,0.3,1,2,2,843,843,75666.54267856563,75666.54267937085,12057,12057,70232.4533491653,70232.45334990634,1.2519584282116768e-05,1.2519584282186162e-05
smart,0.3,2,1,1,837,837,33840.39523743601,33840.395237594814,8837,8837,29580.55563755564,29580.555637689667,2.689614526155499e-05,2.689614526160516e-05
smart,0.3,3,1,1,824,824,26169.0430753541,26169.043075447073,7289,7289,22537.5458804929,22537.545880569975,3.478604578656907e-05,3.4786045786572974e-05
smart,0.3,4,3,3,792,792,29050.70872322959,29050.70872332791,11380,11380,22860.400162883117,22860.400162954393,2.9866017671760534e-05,2.9866017671890584e-05
smart,0.3,5,1,1,833,833,42186.33126167221,42186.33126192586,9174,9174,38112.62280277401,38112.62280299909,2.1637745341751544e-05,2.1637745341814495e-05
smart,0.3,6,1,1,836,836,29323.62626082878,29323.626260947367,6079,6079,26466.36205229881,26466.36205240331,3.1751368332617385e-05,3.175136833264473e-05
smart,0.3,7,1,1,841,841,31452.528323613384,31452.52832374395,7319,7319,27869.0599075001,27869.059907613228,2.935254368241188e-05,2.9352543682476707e-05
smart,0.3,8,1,1,847,847,36003.18917878767,36003.189178959256,9463,9463,31622.298908990106,31622.29890913793,2.465553488185339e-05,2.465553488182706e-05
smart,0.3,9,1,1,838,838,57732.126626887926,57732.126627351856,12171,12171,52187.72946159962,52187.72946201256,1.581234926356439e-05,1.581234926358434e-05
smart,0.3,10,3,3,827,827,40088.511454295156,40088.5114545205,7283,7283,36927.283610415514,36927.283610621365,2.310112994952208e-05,2.3101129949560977e-05
smart,0.3,11,2,2,791,791,57593.00144765884,57593.00144810978,12283,12283,52126.41174762003,52126.41174802366,1.5525675395024133e-05,1.5525675395030953e-05
smart,0.3,12,1,1,837,837,40878.85402296761,40878.85402320207,8201,8201,37161.13162663612,37161.13162684508,2.2809362207407674e-05,2.280936220749387e-05
smart,0.3,13,1,1,829,829,41479.71120881503,41479.711209056695,8105,8105,37876.44829918094,37876.4482993988,2.233407510888782e-05,2.2334075108944824e-05
smart,0.3,14,4,4,827,827,21873.934552897666,21873.934552961324,6459,6459,18567.881554138417,18567.881554189767,4.197759429043591e-05,4.19775942904017e-05
smart,0.3,15,2,2,809,809,46812.974937004044,46812.97493728992,13539,13539,40467.815951060606,40467.81595129992,1.8668064972757932e-05,1.8668064972796808e-05
smart,0.3,16,1,1,825,825,39572.11128419114,39572.11128440479,10585,10585,34609.248368611596,34609.248368792316,2.2274444371320116e-05,2.2274444371437668e-05
smart,0.3,17,1,1,791,791,32789.89083546966,32789.890835600774,12533,12533,25508.322714794114,25508.322714882263,2.6125000945504513e-05,2.6125000945567268e-05
smart,0.3,18,1,1,837,837,52353.780454999185,52353.78045539916,7106,7106,51825.49968008884,51825.49968049203,2.2542454692674376e-05,2.25424546926796e-05
smart,0.3,19,1,1,794,794,42386.36171030077,42386.36171055286,9263,9263,38120.91487913666,38120.91487936011,2.1456730251235017e-05,2.145673025127124e-05
smart,0.3,20,1,1,823,823,26802.066346747713,26802.066346840915,8488,8488,22706.708172753526,22706.708172829058,3.236314713965104e-05,3.236314713964823e-05
smart,0.3,21,1,1,835,835,54993.28031558536,54993.280316009994,9097,9097,51067.52725487157,51067.52725526072,1.679407260107787e-05,1.679407260109646e-05
smart,0.3,22,1,1,845,845,33156.69484867046,33156.694848817184,7869,7869,29398.841125466344,29398.84112559401,2.765255971749807e-05,2.765255971753893e-05
smart,0.3,23,1,1,838,838,26084.517737741357,26084.517737832342,7719,7719,22146.602454870605,22146.602454944492,3.442146965717375e-05,3.442146965718468e-05
smart,0.3,24,2,2,809,809,31221.98905543602,31221.989055559447,8797,8797,26984.05627364735,26984.056273750695,2.8395324805981148e-05,2.839532480605172e-05
smart,0.3,25,2,2,840,840,26635.05564911299,26635.05564921123,6518,6518,23395.14469248122,23395.144692565453,3.489548030135778e-05,3.489548030137044e-05
smart,0.3,26,1,1,841,841,60170.73892510528,60170.73892555406,21447,21447,49583.25691007662,49583.256910419186,1.3945806287167392e-05,1.3945806287266156e-05
smart,0.3,27,1,1,822,822,25184.932905822938,25184.93290590642,6603,6603,21873.60345848858,21873.6034585589,3.645481598596386e-05,3.6454815986038e-05
smart,0.3,28,1,1,812,812,27692.233533166793,27692.233533265357,8300,8300,23381.224308641926,23381.22430872207,3.361490261257403e-05,3.3614902612667e-05
smart,0.3,29,1,1,833,833,49777.390369312365,49777.39036969418,5522,5522,48285.02889491528,48285.02889528712,2.137296806911246e-05,2.1372968069119873e-05
smart,0.3,30,1,1,806,806,29052.71836658807,29052.718366709098,7362,7362,25465.52971271394,25465.52971281722,3.1520975227549245e-05,3.152097522754449e-05
smart,0.3,31,1,1,833,833,60114.64401094089,60114.64401146701,9080,9080,56390.695361076796,56390.695361566664,1.5548117754545143e-05,1.554811775456981e-05
smart,0.3,32,1,1,851,851,24556.13716847498,24556.137168554815,6321,6321,21474.390702114895,21474.390702183333,3.70314248448824e-05,3.703142484492404e-05
smart,0.3,33,2,2,833,833,49534.218407633256,49534.21840794457,11715,11715,44244.99438961739,44244.99438988913,1.876076458024354e-05,1.876076458024545e-05
smart,0.3,34,1,1,838,838,27323.251927134337,27323.251927233418,7779,7779,23379.738170096432,23379.738170177767,3.296722630219615e-05,3.2967226302205265e-05
smart,0.3,35,1,1,837,837,30581.6996523932,30581.69965250913,9966,9966,25343.437762545378,25343.437762636764,2.9219367459703845e-05,2.9219367459812123e-05
smart,0.3,36,1,1,833,833,34627.12494909335,34627.12494925135,9088,9088,30360.24854006803,30360.248540205037,2.5812750343288502e-05,2.581275034339824e-05
smart,0.3,37,1,1,791,791,26323.74493638499,26323.74493648178,6363,6363,23220.350829260435,23220.35082934325,3.481911850786853e-05,3.481911850796332e-05
smart,0.3,38,1,1,802,802,25063.607907659287,25063.607907736437,9154,9154,20272.289016202794,20272.28901626083,3.4439086978279885e-05,3.4439086978307464e-05
smart,0.3,39,1,1,819,819,48551.589567030904,48551.58956736143,8725,8725,44798.8104094318,44798.81040973363,1.9067576823367824e-05,1.9067576823402705e-05
smart,0.35,0,6,6,747,747,59681.06805361762,59681.06805409187,13217,13217,53803.96268284199,53803.96268326309,1.5287302514432674e-05,1.5287302514458085e-05
smart,0.35,1,2,2,731,731,71714.34885338975,71714.34885408543,14778,14778,64848.420808687995,64848.420809306255,1.2879928368547568e-05,1.2879928368557222e-05
smart,0.35,2,1,1,635,635,48509.35031442084,48509.3503147039,14713,14713,41605.685440007546,41605.68544023783,1.7242199388363488e-05,1.7242199388413795e-05
smart,0.35,3,1,1,458,458,53385.051226757765,53385.051227107506,17675,17675,44733.67372807855,44733.673728354355,1.6377267278995075e-05,1.6377267279128178e-05
smart,0.35,4,1,1,743,743,64686.721582422695,64686.72158297761,19127,19127,55870.116946876195,55870.116947336675,1.321156757888712e-05,1.3211567578941951e-05
smart,0.35,5,4,4,751,751,62277.39437732686,62277.39437780467,21951,21951,51243.171457189426,51243.17145755774,1.368755113327917e-05,1.368755113336683e-05
smart,0.35,6,2,2,727,727,33553.25287973786,33553.252879872736,11418,11418,27447.09126943208,27447.09126953496,2.6756661759794968e-05,2.6756661759883005e-05
smart,0.35,7,3,3,690,690,31896.976127660306,31896.976127788912,8568,8568,27627.12433404152,27627.124334149463,2.8739627388636862e-05,2.873962738871216e-05
smart,0.35,8,3,3,694,694,55595.2411810589,55595.24118147459,8248,8248,51997.40595114914,51997.40595153439,1.7434337393794384e-05,1.7434337393814052e-05
smart,0.35,9,2,2,721,721,37243.12955273315,37243.12955288893,15933,15933,27948.56826587569,27948.56826597477,2.2581645517821453e-05,2.2581645517925645e-05
smart,0.35,10,1,1,709,709,48215.69034584784,48215.69034614647,13583,13583,41297.056005293496,41297.056005536666,1.74526485921987e-05,1.7452648592215656e-05
smart,0.35,11,2,2,765,765,45225.13592290325,45225.135923155474,11574,11574,39786.466218800255,39786.466219016795,2.0617768079627945e-05,2.0617768079617404e-05
smart,0.35,12,1,1,728,728,47870.09841114155,47870.09841141939,15750,15750,39875.21601434798,39875.216014567304,1.8128621739541334e-05,1.812862173961655e-05
smart,0.35,13,6,6,735,735,50511.88226527532,50511.88226559752,16203,16203,42464.58575386924,42464.58575412829,1.724174820493651e-05,1.724174820501928e-05
smart,0.35,14,4,4,720,720,62620.26454988874,62620.264550419015,12380,12380,57498.5136565162,57498.5136570012,1.4928493915704214e-05,1.4928493915680545e-05
smart,0.35,15,1,1,717,717,52192.34623399912,52192.34623433516,14060,14060,45213.30855692495,45213.30855720789,1.7534739126320605e-05,1.7534739126319016e-05
smart,0.35,16,2,2,723,723,69771.73327978636,69771.73328044615,13341,13341,63926.5551988309,63926.55519942478,1.3010671689500236e-05,1.301067168950618e-05
smart,0.35,17,3,3,691,691,40660.908467423455,40660.90846764335,10269,10269,35639.22633336723,35639.226333553794,2.268125229414268e-05,2.2681252294154188e-05
smart,0.35,18,1,1,648,648,90130.83528502802,90130.83528609804,26827,26827,77933.25848352941,77933.25848441375,9.291418727395749e-06,9.291418727452485e-06
smart,0.35,19,2,2,703,703,37688.049152444524,37688.04915263428,9881,9881,33083.86150045938,33083.86150062151,2.3322118755776393e-05,2.33221187558468e-05
smart,0.35,20,3,3,649,649,39541.73056916691,39541.730569387,6974,6974,36378.39613338106,36378.3961335824,2.388930649041163e-05,2.388930649047678e-05
smart,0.35,21,2,2,739,739,67022.8913150425,67022.89131563639,15184,15184,60429.84353047829,60429.84353100054,1.3348990805359614e-05,1.3348990805428932e-05
smart,0.35,22,1,1,714,714,28757.860501374387,28757.86050148163,8986,8986,23774.088509622754,23774.08850970428,2.9095039688987125e-05,2.9095039689063917e-05
smart,0.35,23,3,3,694,694,30958.587403288275,30958.58740340449,10948,10948,25119.937376297003,25119.93737638479,2.7863481734192644e-05,2.7863481734200227e-05
smart,0.35,24,2,2,714,714,45568.14430677804,45568.14430706006,9831,9831,42138.15205082201,42138.15205108152,2.1001697399017097e-05,2.1001697399060377e-05
smart,0.35,25,4,4,737,737,31065.22538018936,31065.22538031415,8410,8410,26986.54307101567,26986.543071120905,2.9167312595554538e-05,2.9167312595570865e-05
smart,0.35,26,2,2,702,702,63536.376528723005,63536.37652921849,15418,15418,56942.09868380421,56942.098684239485,1.3866356417322377e-05,1.386635641733884e-05
smart,0.35,27,1,1,673,673,33168.500238389606,33168.50023851529,11624,11624,27543.530589269976,27543.53058937189,2.7010298814976507e-05,2.70102988150108e-05
smart,0.35,28,3,3,717,717,40780.39590838537,40780.39590859056,12938,12938,33271.82089521734,33271.82089536913,2.112088674063106e-05,2.112088674062459e-05
smart,0.35,29,3,3,711,711,37686.91253573555,37686.91253591531,10547,10547,32332.543958229027,32332.54395837775,2.3453208568681613e-05,2.3453208568677022e-05
smart,0.35,30,1,1,741,741,59379.315160071055,59379.31516052726,13940,13940,53244.848139725014,53244.84814012373,1.4991589108988723e-05,1.4991589109012883e-05
smart,0.35,31,1,1,744,744,44604.48382728636,44604.48382752673,17856,17856,34884.484708407865,34884.484708574615,1.9337324005177564e-05,1.9337324005133248e-05
smart,0.35,32,2,2,724,724,41371.97930312233,41371.97930335839,6210,6210,39158.18283925975,39158.1828394828,2.4034139188509284e-05,2.403413918858371e-05
smart,0.35,33,1,1,711,711,38674.003070223254,38674.003070412415,9546,9546,34384.41665511701,34384.41665528241,2.433739191583285e-05,2.433739191587268e-05
smart,0.35,34,1,1,717,717,66487.17370077802,66487.17370140062,11175,11175,61475.97209689611,61475.97209746826,1.416017718901112e-05,1.416017718900898e-05
smart,0.35,35,1,1,670,670,34826.344760466745,34826.34476061492,11503,11503,28924.777835429315,28924.777835545683,2.5029787092168094e-05,2.5029787092274865e-05
smart,0.35,36,1,1,726,726,57692.377452098364,57692.377452509034,17745,17745,47655.13386066371,47655.133860968395,1.4207021025608602e-05,1.4207021025634927e-05
smart,0.35,37,3,3,738,738,48485.52179448608,48485.52179479292,13239,13239,42112.70952832289,42112.70952858282,1.816159280588731e-05,1.816159280592564e-05
smart,0.35,38,1,1,720,720,56968.46893014056,56968.46893057531,10254,10254,52677.93018741806,52677.93018781685,1.6463152659078495e-05,1.6463152659117682e-05
smart,0.35,39,2,2,733,733,67457.7546604479,67457.75466103257,20877,20877,57345.91788887558,57345.917889351,1.3026938084327412e-05,1.302693808430788e-05
