i,j,mfpt,mode,peak_sub,n,chi_mfpt,chi_mode,chi_mode_int
0,1,1974.9880498744924,413,413.1738303565409,224,-0.004366299111697836,-0.001859917557002766,-0.0024154589371980784
0,2,1976.428458906175,416,416.0033861373361,224,-0.0036401581230988134,0.004975687296970843,0.004830917874396157
0,3,1977.2053677991885,418,417.98426029661897,224,-0.0032485017399357385,0.00976105788772097,0.009661835748792313
0,4,1977.6391580780569,419,419.25061912415407,224,-0.0030298187859875148,0.012820311431023912,0.012077294685990392
0,5,1977.8346747554608,420,419.8678816230209,224,-0.0029312546487910707,0.014311486322173606,0.01449275362318847
0,6,1977.835036491788,420,419.9122760526069,224,-0.0029310722897746277,0.014418733820324325,0.01449275362318847
0,7,1977.6677572376575,419,419.4819369213712,224,-0.003015401338187118,0.013379126022416532,0.012077294685990392
0,8,1977.360425592804,419,418.69782536570415,224,-0.003170333791061908,0.011484879302718243,0.012077294685990392
0,9,1976.9475680912751,418,417.68708014171546,224,-0.003378464084413779,0.009043133850615614,0.009661835748792313
0,10,1976.4733795656705,417,416.5832008034249,224,-0.003617512658250166,0.006376396190155287,0.007246376811594235
0,11,1975.990867476709,416,415.51242199555105,224,-0.0038607573183313537,0.0037896223699276366,0.004830917874396157
0,12,1975.557043050091,415,414.58520318474143,224,-0.004079457486890314,0.0015496589640517922,0.0024154589371980784
0,13,1975.222735635729,414,413.88870137172984,224,-0.004247989001912256,-0.00013294125402385504,0.0
0,14,1975.0101999562864,413,413.46634105989233,224,-0.0043551327819000285,-0.001153273921546183,-0.0024154589371980784
1,0,1974.9880498744628,413,413.1738303565472,224,-0.0043662991117127126,-0.0018599175569874449,-0.0024154589371980784
1,1,1974.5124951945113,413,412.85044504463104,224,-0.004606036393163593,-0.002641147678988043,-0.0024154589371980784
1,2,1975.6729738248953,415,414.9158988726902,224,-0.004021014304729009,0.0023485493994599427,0.0024154589371980784
1,3,1976.5425894262085,417,416.717506400082,224,-0.0035826224878565682,0.006700849941749798,0.007246376811594235
1,4,1977.085752021794,418,417.9578637013235,224,-0.0033088026106875557,0.009697289328657765,0.009661835748792313
1,5,1977.3853691485224,419,418.6327604103057,224,-0.0031577592113348762,0.011327696211307359,0.012077294685990392
1,6,1977.4949784740545,419,418.8010714695062,224,-0.0031025028069032734,0.011734299926652758,0.012077294685990392
1,7,1977.447689715316,419,418.5414041849504,224,-0.0031263420812097653,0.011106999004446116,0.012077294685990392
1,8,1977.270795555446,418,417.9558496740591,224,-0.0032155182091707646,0.009692423867217359,0.009661835748792313
1,9,1976.9942933271816,417,417.1514127201968,224,-0.0033549088940147964,0.007749075309165132,0.007246376811594235
1,10,1976.6547338727264,416,416.24401273427986,224,-0.003526088074735534,0.005556989968304338,0.004830917874396157
1,11,1976.295556391499,415,415.3447151387522,224,-0.003707157122182614,0.0033844782790568573,0.0024154589371980784
1,12,1975.965678188975,415,414.5555763489545,224,-0.0038734557768211886,0.001478086831108838,0.0024154589371980784
1,13,1975.725867744541,414,413.9761216186636,224,-0.003994349348971582,7.824746624529588e-05,0.0
1,14,1975.7485792978584,414,413.7424671877753,224,-0.00398289996937462,-0.00048621193504061466,0.0
2,0,1976.428458906144,416,416.0033861373268,224,-0.0036401581231144675,0.004975687296948195,0.004830917874396157
2,1,1975.6729738249164,415,414.9158988726902,224,-0.00402101430471824,0.0023485493994599427,0.0024154589371980784
2,2,1976.3755366363569,416,416.0562796757863,224,-0.003666837370784215,0.005103466834178505,0.004830917874396157
2,3,1977.1290792040952,417,417.3983311970103,224,-0.003286960451760912,0.008345577823834827,0.007246376811594235
2,4,1977.693512902091,418,418.4395279894042,224,-0.003002417357093945,0.010860887787446538,0.009661835748792313
2,5,1978.0519938049656,419,419.03876463956743,224,-0.0028216994696872444,0.01230851606264638,0.012077294685990392
2,6,1978.228031979078,419,419.1839780411483,224,-0.002732954862447512,0.012659320750592729,0.012077294685990392
2,7,1978.247277590058,419,418.9249616470366,224,-0.002723252738484283,0.012033592241239344,0.012077294685990392
2,8,1978.134800006893,418,418.34051590951265,224,-0.0027799550929115124,0.010621695664604358,0.009661835748792313
2,9,1977.9189886407285,418,417.5311126662863,224,-0.0028887502166095036,0.00866634960789403,0.009661835748792313
2,10,1977.6350224717717,417,416.6087137968129,224,-0.0030319036335344496,0.006438030154972685,0.007246376811594235
2,11,1977.326808726208,416,415.6874392511386,224,-0.0031872807722365115,0.004212426829180105,0.004830917874396157
2,12,1977.0497106906416,415,414.8823264442941,224,-0.0033269718162797224,0.0022674455540925287,0.0024154589371980784
2,13,1976.8869944189437,414,414.30927864814805,224,-0.003409000567692,0.0008830839792186573,0.0
2,14,1977.1540694083535,414,414.1529280070382,224,-0.0032743623555074874,0.0005053740897209558,0.0
3,0,1977.205367799208,418,417.9842602965997,224,-0.0032485017399258576,0.00976105788767434,0.009661835748792313
3,1,1976.5425894262703,417,416.7175064000633,224,-0.003582622487825482,0.006700849941704723,0.007246376811594235
3,2,1977.1290792041077,417,417.3983311970103,224,-0.0032869604517545836,0.008345577823834827,0.007246376811594235
3,3,1977.8704148160873,418,418.3866961624837,224,-0.002913237320112172,0.01073325733216679,0.009661835748792313
3,4,1978.5133955599783,419,419.22803768078774,224,-0.0025890969802854213,0.012765759467449733,0.012077294685990392
3,5,1978.9898908896416,420,419.73080220208806,224,-0.002348885497203801,0.013980331601185947,0.01449275362318847
3,6,1979.294130166379,420,419.8368353223029,224,-0.002195511973210662,0.014236485063910287,0.01449275362318847
3,7,1979.4396393383713,420,419.55849508338815,224,-0.00212215768864521,0.013564074256145142,0.01449275362318847
3,8,1979.446822144212,419,418.95729278516126,224,-0.0021185366826536045,0.012111697393362375,0.012077294685990392
3,9,1979.341920915008,418,418.1183321667965,224,-0.0021714196350678394,0.010084947005859934,0.009661835748792313
3,10,1979.1591854300848,417,417.15126531922374,224,-0.002263540499874761,0.0077487192197698285,0.007246376811594235
3,11,1978.9435100146084,416,416.17730770907656,224,-0.0023722670879242624,0.00539584481712585,0.004830917874396157
3,12,1978.7552329255232,415,415.3236538387585,224,-0.0024671815938678288,0.0033335986585012467,0.0024154589371980784
3,13,1978.6992158689352,415,414.7247798414299,224,-0.0024954209897301016,0.0018868464754049352,0.0024154589371980784
3,14,1979.3342498731693,415,414.6416247655717,224,-0.0021752867712644397,0.0016859615011532991,0.0024154589371980784
4,0,1977.6391580780476,419,419.2506191241824,224,-0.0030298187859921777,0.012820311431092302,0.012077294685990392
4,1,1977.0857520218124,418,417.95786370133374,224,-0.003308802610678341,0.009697289328682412,0.009661835748792313
4,2,1977.6935129021067,418,418.4395279894207,224,-0.0030024173570860624,0.010860887787486284,0.009661835748792313
4,3,1978.5133955599877,419,419.2280376807842,224,-0.0025890969802806474,0.012765759467441296,0.012077294685990392
4,4,1979.305999912064,420,419.93817767337544,224,-0.0021895281806375566,0.014481306626222823,0.01449275362318847
4,5,1979.97683110488,420,420.3772962802168,224,-0.0018513478340692613,0.015542123769594962,0.01449275362318847
4,6,1980.4952716585035,420,420.461984428479,224,-0.0015899908668068896,0.0157467123206545,0.01449275362318847
4,7,1980.859650198553,420,420.1810395631456,224,-0.0014062998544096539,0.01506800928952634,0.01449275362318847
4,8,1981.081962770664,420,419.5700933710464,224,-0.0012942273337992471,0.01359209325190136,0.01449275362318847
4,9,1981.1832627917036,419,418.708908907093,224,-0.0012431598274140754,0.011511654780986369,0.012077294685990392
4,10,1981.1939205898616,418,417.700858180649,224,-0.0012377870035004124,0.009076418661769114,0.009661835748792313
4,11,1981.1558651545524,417,416.6725818041417,224,-0.0012569715620592836,0.006592321674466106,0.007246376811594235
4,12,1981.1296753124025,416,415.7636713023073,224,-0.0012701744214219657,0.004396587248470585,0.004830917874396157
4,13,1981.2476455138292,415,415.12782416290656,224,-0.0012107031206975982,0.00286051581917679,0.0024154589371980784
4,14,1982.4295203253273,415,415.1257633204299,224,-0.0006148947599162735,0.0028555372621421604,0.0024154589371980784
5,0,1977.834674755452,420,419.8678816230088,224,-0.0029312546487955116,0.014311486322144518,0.01449275362318847
5,1,1977.3853691485133,419,418.63276041032225,224,-0.003157759211339428,0.011327696211347327,0.012077294685990392
5,2,1978.0519938049936,419,419.0387646395659,224,-0.0028216994696731446,0.012308516062642827,0.012077294685990392
5,3,1978.989890889659,420,419.730802202094,224,-0.002348885497195141,0.01398033160120038,0.01449275362318847
5,4,1979.976831104876,420,420.3772962802168,224,-0.0018513478340712597,0.015542123769594962,0.01449275362318847
5,5,1980.904212055143,421,420.79614169581106,224,-0.001383835269776812,0.016553965195494014,0.01690821256038655
5,6,1981.7209423760576,421,420.88887670840654,224,-0.0009721040534327319,0.01677799325902729,0.01690821256038655
5,7,1982.408486370598,421,420.6245821621396,224,-0.0006254984261980789,0.01613951385685275,0.01690821256038655
5,8,1982.9665521601655,420,420.0281608679002,224,-0.00034416553031468844,0.014698686882673284,0.01449275362318847
5,9,1983.406438911163,419,419.1629728595803,224,-0.00012240921442452368,0.012608576700215757,0.012077294685990392
5,10,1983.7491308530507,418,418.13134739498554,224,5.034912018309079e-05,0.010116389028522299,0.009661835748792313
5,11,1984.0263639480304,417,417.062522702378,224,0.00019010825056420266,0.00753433593509234,0.007246376811594235
5,12,1984.291081677748,416,416.1061622556358,224,0.000323558117739875,0.005223972535908228,0.004830917874396157
5,13,1984.7061529797404,415,415.4377615209728,224,0.0005328044352361783,0.0036092585453688653,0.0024154589371980784
5,14,1986.6839012931152,416,415.51767723868664,224,0.0015298296439689718,0.0038023179194306422,0.004830917874396157
6,0,1977.835036491755,420,419.91227605260354,224,-0.002931072289791281,0.01441873382031611,0.01449275362318847
6,1,1977.494978474071,419,418.8010714695005,224,-0.0031025028068948357,0.011734299926638991,0.012077294685990392
6,2,1978.2280319790857,419,419.1839780411544,224,-0.002732954862443626,0.012659320750607383,0.012077294685990392
6,3,1979.2941301664016,420,419.8368353223029,224,-0.0021955119731993378,0.014236485063910287,0.01449275362318847
6,4,1980.4952716585356,420,420.46198442847975,224,-0.0015899908667906804,0.015746712320656275,0.01449275362318847
6,5,1981.7209423760728,421,420.88887670839904,224,-0.0009721040534250713,0.016777993259009083,0.01690821256038655
6,6,1982.9078877179977,421,421.010737146111,224,-0.00037373952984842695,0.017072382153967336,0.01690821256038655
6,7,1984.0239783133884,421,420.7849269927104,224,0.00018890560113660193,0.016526872858431352,0.01690821256038655
6,8,1985.0565881402404,420,420.2215911665429,224,0.0007094662918949446,0.015165973337063487,0.01449275362318847
6,9,1986.0050076974865,419,419.37602088797456,224,0.0011875848677698198,0.013123255416537916,0.012077294685990392
6,10,1986.8760694200264,418,418.34598783322826,224,0.0016267057052703482,0.01063491466829558,0.009661835748792313
6,11,1987.6826795189145,417,417.26198258193074,224,0.002033335101322198,0.008016188574329064,0.007246376811594235
6,12,1988.4568992866168,416,416.2816664275717,224,0.0024236358389226886,0.005647953281479712,0.004830917874396157
6,13,1989.3851017866957,416,415.60010374198583,224,0.002891562564041994,0.0040014428173642536,0.004830917874396157
6,14,1992.533647793749,416,415.75929400945984,224,0.004478811921636128,0.004386012640103187,0.004830917874396157
7,0,1977.6677572376627,419,419.4819369213705,224,-0.0030154013381844536,0.013379126022414756,0.012077294685990392
7,1,1977.4476897153263,419,418.5414041849311,224,-0.0031263420812046583,0.011106999004399487,0.012077294685990392
7,2,1978.2472775900824,419,418.9249616470476,224,-0.0027232527384719596,0.012033592241265989,0.012077294685990392
7,3,1979.4396393383945,420,419.5584950833688,224,-0.0021221576886335525,0.01356407425609829,0.01449275362318847
7,4,1980.859650198552,420,420.1810395631386,224,-0.001406299854410209,0.015068009289509465,0.01449275362318847
7,5,1982.4084863706016,421,420.6245821621541,224,-0.0006254984261961916,0.016139513856888055,0.01690821256038655
7,6,1984.0239783133668,421,420.7849269927104,224,0.00018890560112572174,0.016526872858431352,0.01690821256038655
7,7,1985.67106801747,421,420.6076480252189,224,0.0010192387354934773,0.016098604584337872,0.01690821256038655
7,8,1987.3329856645944,420,420.0949260195519,224,0.0018570469529575195,0.014859977286560744,0.01449275362318847
7,9,1989.0029812231396,419,419.2923055692617,224,0.002698927418273378,0.012921017014726033,0.012077294685990392
7,10,1990.6765155183575,418,418.2937921847772,224,0.003542591836403375,0.01050882108486828,0.009661835748792313
7,11,1992.3440671938736,417,417.2302034820584,224,0.004383240288034385,0.00793941702919243,0.007246376811594235
7,12,1994.0010635391525,416,416.2637688807157,224,0.0052185675720213265,0.005604716615500882,0.004830917874396157
7,13,1995.8353229090565,416,415.6001523238498,224,0.006143256936578467,0.004001560180812991,0.004830917874396157
7,14,2000.77707300747,416,415.8386023969627,224,0.008634498815060399,0.004577604833568616,0.004830917874396157
8,0,1977.3604255927935,419,418.69782536570415,224,-0.003170333791067237,0.011484879302718243,0.012077294685990392
8,1,1977.2707955554845,418,417.9558496740487,224,-0.0032155182091513357,0.009692423867192268,0.009661835748792313
8,2,1978.1348000068983,418,418.34051590949355,224,-0.002779955092908848,0.010621695664558173,0.009661835748792313
8,3,1979.4468221442264,419,418.95729278517007,224,-0.002118536682646388,0.012111697393383691,0.012077294685990392
8,4,1981.0819627706576,420,419.5700933710464,224,-0.0012942273338024668,0.01359209325190136,0.01449275362318847
8,5,1982.96655216016,420,420.02816086790824,224,-0.000344165530317464,0.014698686882692602,0.01449275362318847
8,6,1985.0565881402424,420,420.2215911665429,224,0.0007094662918960548,0.015165973337063487,0.01449275362318847
8,7,1987.332985664597,420,420.094926019529,224,0.0018570469529588518,0.014859977286505233,0.01449275362318847
8,8,1989.7952391090223,420,419.640328110595,224,0.0030983215569009293,0.013761765442085627,0.01449275362318847
8,9,1992.4525134812736,419,418.9033249696473,224,0.004437910380078014,0.011981322631292146,0.012077294685990392
8,10,1995.3113812935972,418,417.9722789474414,224,0.005879126766432874,0.009732113496820016,0.009661835748792313
8,11,1998.3584201055908,417,416.97915747186414,224,0.007415204176788981,0.007332943271897374,0.007246376811594235
8,12,2001.553486299928,416,416.0874130101118,224,0.009025905355387609,0.005178678347123489,0.004830917874396157
8,13,2005.056081711666,416,415.5005565932571,224,0.01079163858740606,0.003760958082033028,0.004830917874396157
8,14,2012.9453313607191,416,415.8487612033324,224,0.01476877800646137,0.004602146348743119,0.004830917874396157
9,0,1976.9475680912788,418,417.6870801417191,224,-0.003378464084411892,0.009043133850624496,0.009661835748792313
9,1,1976.9942933272036,417,417.1514127201786,224,-0.003354908894003694,0.007749075309121167,0.007246376811594235
9,2,1977.9189886407016,418,417.5311126662863,224,-0.0028887502166230483,0.00866634960789403,0.009661835748792313
9,3,1979.3419209150024,418,418.1183321667992,224,-0.002171419635070615,0.010084947005866374,0.009661835748792313
9,4,1981.1832627916904,419,418.7089089071043,224,-0.0012431598274207367,0.01151165478101368,0.012077294685990392
9,5,1983.4064389111595,419,419.1629728595995,224,-0.00012240921442618902,0.012608576700262164,0.012077294685990392
9,6,1986.005007697453,419,419.37602088795774,224,0.0011875848677529444,0.013123255416497281,0.012077294685990392
9,7,1989.002981223166,419,419.2923055692545,224,0.0026989274182867007,0.012921017014708491,0.012077294685990392
9,8,1992.452513481258,419,418.90332496963583,224,0.00443791038007002,0.011981322631264613,0.012077294685990392
9,9,1996.4267937421912,418,418.2523611873444,224,0.0064414300291189,0.0104087326084088,0.009661835748792313
9,10,2001.0059275951464,417,417.4340434361418,224,0.008749869305584745,0.008431850996751367,0.007246376811594235
9,11,2006.2506468834792,417,416.5869108223849,224,0.011393844430140465,0.006385358806755059,0.007246376811594235
9,12,2012.1680204465904,416,415.87662949055766,224,0.014376918955858908,0.004669470202445458,0.004830917874396157
9,13,2018.9288512697983,415,415.4935856364928,224,0.01778519831938108,0.0037441177333754627,0.0024154589371980784
9,14,2032.2085659147003,416,416.07561492909775,224,0.02447978639017201,0.005150176693120345,0.004830917874396157
10,0,1976.4733795657,417,416.58320080340735,224,-0.003617512658235289,0.006376396190112876,0.007246376811594235
10,1,1976.6547338727576,416,416.2440127342939,224,-0.0035260880747198797,0.005556989968338311,0.004830917874396157
10,2,1977.6350224717603,417,416.6087137967958,224,-0.0030319036335402227,0.0064380301549313845,0.007246376811594235
10,3,1979.1591854300673,417,417.1512653192246,224,-0.002263540499883532,0.007748719219772049,0.007246376811594235
10,4,1981.193920589865,418,417.7008581806605,224,-0.001237787003498747,0.00907641866179687,0.009661835748792313
10,5,1983.74913085304,418,418.1313473949977,224,5.034912017776172e-05,0.010116389028551831,0.009661835748792313
10,6,1986.876069420021,418,418.3459878332312,224,0.0016267057052676837,0.010634914668302686,0.009661835748792313
10,7,1990.6765155183532,418,418.2937921847733,224,0.0035425918364011544,0.010508821084858733,0.009661835748792313
10,8,1995.3113812935944,418,417.9722789474392,224,0.00587912676643132,0.009732113496814687,0.009661835748792313
10,9,2001.0059275951187,417,417.4340434361431,224,0.008749869305570757,0.008431850996754475,0.007246376811594235
10,10,2008.048695302818,417,416.79440097158624,224,0.012300279080333043,0.006886610869237364,0.007246376811594235
10,11,2016.7828370038133,416,416.21225928042134,224,0.0167033466464368,0.005480280378481472,0.004830917874396157
10,12,2027.597299920239,416,415.8777066146143,224,0.022155148614192655,0.004672072305036856,0.004830917874396157
10,13,2041.1602859238203,416,415.9886676493017,224,0.02899253983319272,0.0049401305608447466,0.004830917874396157
10,14,2065.9170667893377,417,417.20822177044346,224,0.04147296236374043,0.007886313889952756,0.007246376811594235
11,0,1975.9908674767448,416,415.5124219955694,224,-0.003860757318313257,0.0037896223699720455,0.004830917874396157
11,1,1976.295556391506,415,415.3447151387233,224,-0.003707157122179172,0.0033844782789869132,0.0024154589371980784
11,2,1977.326808726202,416,415.6874392511541,224,-0.003187280772239509,0.004212426829217408,0.004830917874396157
11,3,1978.943510014624,416,416.17730770908327,224,-0.002372267087916269,0.005395844817142059,0.004830917874396157
11,4,1981.155865154553,417,416.6725818041417,224,-0.0012569715620589506,0.006592321674466106,0.007246376811594235
11,5,1984.0263639480104,417,417.0625227023803,224,0.0001901082505539886,0.007534335935098113,0.007246376811594235
11,6,1987.682679518932,417,417.2619825819552,224,0.0020333351013310796,0.008016188574388128,0.007246376811594235
11,7,1992.344067193899,417,417.2302034820636,224,0.004383240288047263,0.007939417029204865,0.007246376811594235
11,8,1998.3584201055648,417,416.9791574718833,224,0.00741520417677588,0.0073329432719437815,0.007246376811594235
11,9,2006.2506468834804,417,416.58691082238823,224,0.01139384443014091,0.006385358806763275,0.007246376811594235
11,10,2016.782837003805,416,416.21225928042134,224,0.016703346646432582,0.005480280378481472,0.004830917874396157
11,11,2031.0481567399688,416,416.0830313035669,224,0.023894799315816728,0.00516809307620214,0.004830917874396157
11,12,2050.752312328329,416,416.4842167982647,224,0.033828085419783216,0.006137271889891771,0.004830917874396157
11,13,2079.3700666284976,418,417.7660641003489,224,0.04825490720576786,0.009233942292946162,0.009661835748792313
11,14,2134.1302958014444,421,420.9482405793821,224,0.0758607094972894,0.016921403743225927,0.01690821256038655
12,0,1975.5570430501048,415,414.5852031847446,224,-0.00407945748688332,0.0015496589640595637,0.0024154589371980784
12,1,1975.965678188977,415,414.5555763489733,224,-0.0038734557768201894,0.001478086831154135,0.0024154589371980784
12,2,1977.0497106906396,415,414.8823264442868,224,-0.0033269718162807216,0.002267445554074765,0.0024154589371980784
12,3,1978.7552329255288,415,415.3236538387707,224,-0.002467181593864942,0.0033335986585307786,0.0024154589371980784
12,4,1981.1296753123952,416,415.7636713023123,224,-0.0012701744214256294,0.004396587248482575,0.004830917874396157
12,5,1984.2910816777576,416,416.1061622556358,224,0.00032355811774475995,0.005223972535908228,0.004830917874396157
12,6,1988.4568992865975,416,416.2816664275824,224,0.0024236358389129187,0.005647953281505691,0.004830917874396157
12,7,1994.0010635391804,416,416.2637688807011,224,0.005218567572035315,0.005604716615465577,0.004830917874396157
12,8,2001.5534862998895,416,416.0874130101343,224,0.009025905355368069,0.00517867834717789,0.004830917874396157
12,9,2012.1680204465772,416,415.87662949055766,224,0.014376918955852247,0.004669470202445458,0.004830917874396157
12,10,2027.597299920212,416,415.87770661461906,224,0.02215514861417911,0.0046720723050484025,0.004830917874396157
12,11,2050.7523123283236,416,416.4842167982455,224,0.03382808541978033,0.006137271889845364,0.004830917874396157
12,12,2086.8855982820783,418,418.271692042553,224,0.05204364739327105,0.010455431842469665,0.009661835748792313
12,13,2149.93766403501,422,422.26137731118206,224,0.08382954178297797,0.02009366275248281,0.019323671497584627
12,14,2306.595475228151,432,432.2514403600453,224,0.16280409372581106,0.04422752995941215,0.04347826086956519
13,0,1975.222735635736,414,413.88870137174854,224,-0.004247989001908703,-0.00013294125397866896,0.0
13,1,1975.72586774456,414,413.9761216186627,224,-0.003994349348961923,7.824746624307544e-05,0.0
13,2,1976.8869944189569,414,414.30927864814447,224,-0.0034090005676853385,0.0008830839792099976,0.0
13,3,1978.6992158689393,415,414.7247798414299,224,-0.002495420989727992,0.0018868464754049352,0.0024154589371980784
13,4,1981.247645513832,415,415.12782416290435,224,-0.001210703120696266,0.0028605158191712388,0.0024154589371980784
13,5,1984.7061529797109,415,415.43776152095506,224,0.0005328044352213013,0.0036092585453260106,0.0024154589371980784
13,6,1989.385101786728,416,415.6001037419533,224,0.0028915625640582032,0.00400144281728565,0.004830917874396157
13,7,1995.8353229090485,416,415.6001523238364,224,0.0061432569365744705,0.004001560180780794,0.004830917874396157
13,8,2005.0560817116811,416,415.5005565932378,224,0.010791638587413832,0.0037609580819863986,0.004830917874396157
13,9,2018.928851269793,415,415.493585636512,224,0.017785198319378415,0.00374411773342187,0.0024154589371980784
13,10,2041.1602859238192,416,415.98866764928266,224,0.028992539833192277,0.004940130560798783,0.004830917874396157
13,11,2079.3700666285067,418,417.76606410036413,224,0.048254907205772524,0.009233942292983022,0.009661835748792313
13,12,2149.9376640350138,422,422.26137731118206,224,0.08382954178297997,0.02009366275248281,0.019323671497584627
13,13,2299.4978139284353,433,432.6170048223189,224,0.15922601091769661,0.04511065593618846,0.04589371980676327
13,14,2961.454318946505,471,470.62823819377263,224,0.4929324376275237,0.13693770988682896,0.1376811594202898
14,0,1975.0101999562808,413,413.46634105985646,224,-0.004355132781902915,-0.0011532739216328913,-0.0024154589371980784
14,1,1975.7485792978505,414,413.7424671877707,224,-0.003982899969378617,-0.00048621193505160587,0.0
14,2,1977.1540694083687,414,414.1529280070497,224,-0.003274362355499827,0.0005053740897484893,0.0
14,3,1979.3342498731895,415,414.6416247655744,224,-0.0021752867712542256,0.0016859615011597384,0.0024154589371980784
14,4,1982.4295203253232,415,415.1257633204417,224,-0.0006148947599182719,0.002855537262170804,0.0024154589371980784
14,5,1986.683901293094,416,415.51767723868664,224,0.0015298296439583137,0.0038023179194306422,0.004830917874396157
14,6,1992.5336477937435,416,415.75929400945057,224,0.004478811921633463,0.004386012640080761,0.004830917874396157
14,7,2000.7770730074603,416,415.83860239695,224,0.008634498815055514,0.004577604833537974,0.004830917874396157
14,8,2012.9453313607069,416,415.8487612033189,224,0.014768778006455152,0.0046021463487104786,0.004830917874396157
14,9,2032.2085659146944,416,416.0756149291007,224,0.024479786390169123,0.005150176693127451,0.004830917874396157
14,10,2065.917066789331,417,417.2082217704231,224,0.041472962363736876,0.007886313889903684,0.007246376811594235
14,11,2134.130295801402,421,420.9482405793821,224,0.07586070949726809,0.016921403743225927,0.01690821256038655
14,12,2306.595475228164,432,432.251440360078,224,0.16280409372581772,0.044227529959491196,0.04347826086956519
14,13,2961.4543189464734,471,470.6282381937326,224,0.4929324376275077,0.13693770988673215,0.1376811594202898
