n,mfpt,sd,cv,mode,fmode,t_cert,peak_sub,ratio,n_open,a,oi,oj,blocked,p,mfpt_fac,mode_fac,tgt_nbr_blocked
903,21155.449972390517,19405.168353287805,0.9172656870268907,3773,4.4674975406786346e-05,4865,3773.246191898191,0.17834647832705303,903,2,0,0,322,0.26285714285714284,1.5003005428837632,1.5134376253509827,0
919,21711.08956359022,19967.77353422483,0.9197038902971985,3787,4.352992968497341e-05,4865,3787.015210312048,0.1744269898987865,919,2,0,1,306,0.24979591836734694,1.5397053478589622,1.5190533493782592,1
919,21711.089563590936,19967.7735342254,0.9197038902971945,3787,4.3529929684973424e-05,4865,3787.015210311972,0.17442698989878072,919,2,1,0,306,0.24979591836734694,1.5397053478590128,1.5190533493782592,1
936,17588.706679147304,15925.607871830049,0.9054450769089816,3494,5.351885645155774e-05,4545,3493.5200867163485,0.19865019433989378,936,2,1,1,289,0.23591836734693877,1.2473545215907382,1.4015242679502606,0
1082,16823.067213622857,15377.269227953057,0.9140585977984423,3096,5.6103361774848415e-05,3969,3096.148244906081,0.1840330280255282,1082,3,0,0,143,0.11673469387755102,1.1930569619889009,1.2418772563176896,0
1081,20710.151852102626,19230.88042349843,0.928572642095137,3288,4.578345579547453e-05,4225,3288.3053790243966,0.15876271808534234,1081,3,0,1,144,0.11755102040816326,1.468720925693633,1.3188929001203369,1
1093,15781.88813782347,14368.189298625348,0.9104227056450871,3002,5.9729591288722036e-05,3905,3002.344827823307,0.19021805083038787,1093,3,0,2,132,0.10775510204081633,1.1192187059036052,1.2041716807059768,0
1081,20710.15185210338,19230.880423499257,0.9285726420951431,3288,4.578345579547455e-05,4225,3288.3053790235954,0.15876271808533657,1081,3,1,0,144,0.11755102040816326,1.4687209256936864,1.3188929001203369,1
1082,17182.79100538988,15757.208050962638,0.9170342609660986,3075,5.498067359282043e-05,3969,3074.7485888259357,0.17895812147371384,1082,3,1,1,143,0.11673469387755102,1.2185678256566845,1.2334536702767749,0
1093,17018.065082421155,15595.917617751009,0.9164330693423451,3065,5.548313509656315e-05,3969,3064.876254863142,0.18010273113633804,1093,3,1,2,132,0.10775510204081633,1.2068858055635387,1.2294424388287204,0
1093,15781.888137822263,14368.18929862434,0.9104227056450928,3002,5.972959128872201e-05,3905,3002.344827823142,0.1902180508304024,1093,3,2,0,132,0.10775510204081633,1.1192187059035195,1.2041716807059768,0
1093,17018.06508242189,15595.91761775162,0.9164330693423415,3065,5.548313509656315e-05,3969,3064.8762548633026,0.18010273113633027,1093,3,2,1,132,0.10775510204081633,1.206885805563591,1.2294424388287204,0
1104,15272.725197297821,13881.376824870431,0.9088997965684894,2945,6.16947105469485e-05,3841,2945.033952767436,0.1928274071559314,1104,3,2,2,121,0.09877551020408164,1.0831099283978622,1.181307661452066,0
1145,14944.950326825745,13630.294738203598,0.91203345880231,2803,6.310834361678794e-05,3649,2802.9112145586464,0.18755498939121248,1145,4,0,0,80,0.0653061224489796,1.0598648158261752,1.124348174889691,0
1144,15425.417031258483,14114.288355385028,0.9150020597033748,2814,6.120400623886123e-05,3649,2813.766598292845,0.18242618622871812,1144,4,0,1,81,0.06612244897959184,1.0939385159100197,1.1287605294825511,0
1144,16492.61961168181,15169.820854273945,0.9197945027198153,2873,5.732235740745035e-05,3713,2873.427724172525,0.1741991307411855,1144,4,0,2,81,0.06612244897959184,1.169622304856398,1.152426795026073,0
1153,14704.673046469332,13406.416222194297,0.9117112757167523,2765,6.413132516759569e-05,3585,2765.331642796456,0.1880354626901338,1153,4,0,3,72,0.05877551020408163,1.0428248504918607,1.1091054953870838,0
1144,15425.417031258501,14114.28835538503,0.9150020597033738,2814,6.120400623886119e-05,3649,2813.766598291966,0.1824261862287179,1144,4,1,0,81,0.06612244897959184,1.093938515910021,1.1287605294825511,0
1144,16422.811775549373,15104.550064158617,0.9197298410645239,2863,5.7564561129144214e-05,3649,2863.0307232822183,0.17433068338897328,1144,4,1,1,81,0.06612244897959184,1.1646716782054065,1.1484155635780184,0
1144,20179.18379878619,18820.970887422875,0.9326923762176638,3056,4.70526570078282e-05,3905,3056.0871823971574,0.15144319168071718,1144,4,1,2,81,0.06612244897959184,1.4310657749081748,1.2258323305254712,1
1153,14990.790133599137,13695.565221202936,0.9135986228308813,2771,6.294179452272634e-05,3585,2771.3196285124145,0.1848468276391453,1153,4,1,3,72,0.05877551020408163,1.0631156796498027,1.1115122342559165,0
1144,16492.619611681595,15169.820854273705,0.9197945027198128,2873,5.732235740745033e-05,3713,2873.4277241724462,0.17419913074118779,1144,4,2,0,81,0.06612244897959184,1.1696223048563827,1.152426795026073,0
1144,20179.1837987849,18820.970887421598,0.9326923762176601,3056,4.70526570078282e-05,3905,3056.087182398147,0.1514431916807269,1144,4,2,1,81,0.06612244897959184,1.4310657749080833,1.2258323305254712,1
1145,15690.594088369546,14387.494933247519,0.9169502985175091,2810,6.0209694379150166e-05,3585,2809.6733005871706,0.1790881839256091,1145,4,2,2,80,0.0653061224489796,1.1127443216604653,1.1271560369033293,0
1153,15474.517380189152,14175.923281853538,0.9160817706665214,2796,6.101665318536607e-05,3585,2795.687180283124,0.18068414873988292,1153,4,2,3,72,0.05877551020408163,1.0974206106067812,1.121540312876053,0
1153,14704.67304646994,13406.416222194865,0.9117112757167533,2765,6.413132516759569e-05,3585,2765.331642797865,0.18803546269012603,1153,4,3,0,72,0.05877551020408163,1.0428248504919038,1.1091054953870838,0
1153,14990.790133598664,13695.56522120242,0.9135986228308758,2771,6.294179452272636e-05,3585,2771.319628510974,0.18484682763915114,1153,4,3,1,72,0.05877551020408163,1.0631156796497692,1.1115122342559165,0
1153,15474.51738018957,14175.923281853868,0.9160817706665179,2796,6.101665318536608e-05,3585,2795.6871802850665,0.18068414873987804,1153,4,3,2,72,0.05877551020408163,1.097420610606811,1.121540312876053,0
1161,14573.57844600322,13289.530340883312,0.9118920510924992,2737,6.471017377494189e-05,3521,2736.559441661196,0.18780562441413406,1161,4,3,3,64,0.052244897959183675,1.0335278938917825,1.097874047332531,0
