n,mfpt,sd,cv,mode,fmode,t_cert,peak_sub,ratio,n_open,name,blocked,mfpt_fac,mode_fac
1225,14100.808049917203,12948.447496039435,0.9182769845672402,2493,6.701765395220815e-05,3201,2492.9153431764894,0.17679837858757594,1225,clean,0,1.0,1.0
1191,24822.487566365944,21231.059924723613,0.8553155628725682,7826,3.35678747681485e-05,13633,7825.714286692122,0.31527863511165977,1191,wall_mid_gap_centre_g1,34,1.7603592275346018,3.139189731247493
1193,19366.799192969964,16763.66296472192,0.8655876894105987,5711,4.3837062279584695e-05,9153,5710.582713684385,0.29488610601554954,1193,wall_mid_gap_centre_g3,32,1.373453147111217,2.2908142799839553
1199,16363.710034068274,14576.783269804222,0.8907994115916393,3996,5.3972976918348386e-05,5953,3995.647083057524,0.2441989005965374,1199,wall_mid_gap_centre_g9,26,1.1604803055357071,1.6028880866425992
1193,24599.16783876946,21858.68827723006,0.8885946232205354,6166,3.4581357262062896e-05,11777,6165.807257781298,0.25065888571572287,1193,wall_mid_gap_startedge_g3,32,1.7445218565977076,2.4733253108704374
1193,21117.20012960134,17724.304002865265,0.8393302092174599,6921,3.844419707971836e-05,12929,6921.221508643486,0.327742312310541,1193,wall_mid_gap_targetedge_g3,32,1.497587943531033,2.776173285198556
1193,15306.913600808923,13016.450158157168,0.8503641228803492,4665,5.717806993229997e-05,7169,4664.669439310649,0.30476424716694483,1193,wall_nearstart_gap_centre_g3,32,1.0855344989182234,1.8712394705174489
1193,32212.409033080166,30553.50858892978,0.9485011989495478,4341,2.8897375468514784e-05,6273,4340.604005677196,0.13476173096964153,1193,wall_neartarget_gap_centre_g3,32,2.2844370988561407,1.7412755716004813
1193,21343.114076729245,18080.132446205193,0.8471178283172025,6750,3.813969426638674e-05,12737,6750.087390451841,0.31626125296118984,1193,serpentine_k1_g3,32,1.5136092911253103,2.707581227436823
1161,43869.911843001406,36223.93716855283,0.8257125589444662,14302,2.085006819692881e-05,20609,14302.000037114127,0.326009317073237,1161,serpentine_k2_g3,64,3.1111629693632348,5.736863217007621
1129,49880.885575327186,40899.064913385664,0.8199346190761247,16886,1.823370702292053e-05,24961,16885.76700776779,0.33852646770875294,1129,serpentine_k3_g3,96,3.537448733345468,6.773365423184917
1097,93318.31219911051,76757.55979598257,0.8225348057325259,30424,9.885143423329595e-06,43009,30424.378016338535,0.32602389909373003,1097,serpentine_k4_g3,128,6.617940749832309,12.203770557561171
1033,165747.8819573257,136242.31199206808,0.8219852367534067,54165,5.564574085448354e-06,76545,54164.66766584098,0.32679150623442416,1033,serpentine_k6_g3,192,11.754495300593709,21.726835138387486
1219,30307.871285529003,29087.732163689994,0.9597418403178456,3029,3.170701942761253e-05,3777,3028.911685362144,0.09994103417768725,1219,target_box_R3_g1,6,2.1493712401614435,1.215002005615724
1219,14124.994472593271,12873.667325903358,0.9114104328240366,2610,6.728436150032642e-05,3329,2609.7998211713293,0.18477883336975343,1219,start_box_R3_g1,6,1.001715250827502,1.0469314079422383
1215,32882.25755734562,31654.779140325012,0.9626704944184589,3040,2.9339233752047532e-05,3777,3039.948887685443,0.09245107318736664,1215,target_box_R5_g1,10,2.3319413639942925,1.219414360208584
1215,14354.905266744048,12842.064655948365,0.8946115921572485,3112,6.558632807144449e-05,4161,3111.7186093729333,0.21679000607615,1215,start_box_R5_g1,10,1.0180200465056566,1.2482952266345768
1209,35239.28359095934,33911.49024247175,0.9623206486289569,3188,2.751022274038314e-05,3969,3188.3276521126895,0.09046721939653402,1209,target_box_R8_g1,16,2.4990967514919302,1.2787805856397914
1209,15101.652202474372,12908.710000062294,0.8547879283001386,4444,5.900964492327257e-05,6913,4443.99431159522,0.29427243724179136,1209,start_box_R8_g1,16,1.070977787160435,1.7825912555154433
1217,22256.465679978006,21061.852779303452,0.9463251300610037,2782,4.297200977787385e-05,3521,2782.252196808519,0.12499738458036924,1217,target_box_R5_g3,8,1.5783822885319463,1.1159245888487765
1217,14166.524660097191,12855.208539405596,0.9074355812625537,2740,6.683870437127783e-05,3521,2740.3203694363,0.19341370348351913,1217,start_box_R5_g3,8,1.0046604854095844,1.0990774167669475
1205,33014.32457731757,31386.121082645175,0.9506819080651114,3799,2.9128439395971813e-05,4801,3798.8983649879797,0.11507126220628773,1205,both_box_R5_g1,20,2.3413072825646633,1.5238668271159246
1189,17302.60769038365,16164.399568277848,0.9342175386234763,2536,5.5072207181812454e-05,3201,2536.443257126496,0.1465675027359861,1189,block6_near_target,36,1.2270649759313084,1.0172482952266346
1189,13950.983095867385,12701.104723027962,0.9104092977354645,2674,6.738016266842301e-05,3457,2673.560757880789,0.1916710802116951,1189,block6_centre,36,0.9893747256526411,1.0726032892097874
1189,13689.853827285833,12502.23177378814,0.9132480106448915,2498,6.935380340624122e-05,3201,2497.7952021635906,0.18247090374486902,1189,block6_near_start,36,0.9708559806518476,1.0020056157240274
1081,13458.851179062165,11973.638214539533,0.8896478648316457,3074,6.901530364926028e-05,4097,3074.3866046577814,0.22839988042829384,1081,block12_centre,144,0.9544737529521362,1.2330525471319695
1144,16422.811775549373,15104.550064158617,0.9197298410645239,2863,5.7564561129144214e-05,3649,2863.0307232822183,0.17433068338897328,1144,periodic_a4,81,1.1646716782054065,1.1484155635780184
1104,15272.725197297821,13881.376824870431,0.9088997965684894,2945,6.16947105469485e-05,3841,2945.033952767436,0.1928274071559314,1104,periodic_a3,121,1.0831099283978622,1.181307661452066
936,17588.706679147304,15925.607871830049,0.9054450769089816,3494,5.351885645155774e-05,4545,3493.5200867163485,0.19865019433989378,936,periodic_a2,289,1.2473545215907382,1.4015242679502606
