n,mfpt,sd,cv,mode,fmode,t_cert,peak_sub,ratio,n_open,N
100,752.9173912241208,667.7557714901035,0.8868911507070405,172,0.0012455641690779897,257,171.8458792754307,0.22844471651844311,100,10
225,1983.6492558582663,1783.7504938788425,0.899226760280797,414,0.00047395838481769346,577,413.9437315705001,0.20870625125754627,225,15
400,3892.2655409039135,3528.5637736962904,0.9065578225880345,765,0.00024198457576281955,1025,765.3661354707086,0.19654363042824194,400,20
625,6525.223799861334,5948.3239082175505,0.9115892558878911,1228,0.0001445394509560811,1601,1228.0914264553371,0.18819277892447092,625,25
1225,14100.808049917203,12948.447496039435,0.9182769845672402,2493,6.701765395220815e-05,3201,2492.9153431764894,0.17679837858757594,1225,35
2500,31614.79766886348,29224.374857755476,0.924389115624097,5253,2.9949379933832185e-05,6721,5252.786366627176,0.16615636940082432,2500,50
4900,67212.38516430919,62467.365426371594,0.9294025985487973,10570,1.4111503135067633e-05,13377,10570.034164661354,0.1572626826761213,4900,70
10000,148520.75716631816,138727.51383687838,0.9340614502895848,22110,6.396942472166774e-06,27905,22110.45613303385,0.14886808027271592,10000,100
19600,312092.1237827113,292724.02546252345,0.9379410858388963,44248,3.0487871799979303e-06,55681,44247.655603414765,0.1417786500463142,19600,140
40000,682335.2737054317,642484.1976542848,0.941596048765389,92116,1.396555098405067e-06,115585,92116.12788354777,0.13500108165266425,40000,200
