N,p,K,mfpt_fac,ci,over_theta,over_theta_ci,n_frac,res_fac,s0s,Gaa_fac,Gaa_clean,Gsa_clean,dGaa_minus_hom,dGsa_minus_hom,frac_deg1
35,0.1,800,1.2970835792891564,0.018467805609460968,1.0072710953018014,0.014341471190512675,0.9001428571428571,1.4409876851868777,1.4309475598756884,1.4397812072187826,2.081608920467689,-0.2205638223760005,0.018388199109650394,-0.004725903716505386,0.17
35,0.2,800,1.852088848820141,0.03329129517710105,0.9860258135993255,0.017723812998327787,0.7966295918367348,2.3249296823942136,2.3527886832356617,2.3058669593635615,2.081608920467689,-0.2205638223760005,-0.0976726789758855,-0.03353644659584376,0.33375
50,0.1,800,1.2981864129050855,0.015871628510624805,1.0081275184668077,0.012325368148505707,0.8998014999999999,1.4427487460692887,1.4309475598756884,1.4422453304963285,2.308583342851287,-0.2206004706573076,0.02608184506616462,-0.0037655240348898333,0.18625
50,0.2,800,1.8358526197733778,0.030679218955303185,0.9773818757203094,0.016333180695011214,0.79709,2.303177400298134,2.3527886832356617,2.2881079920090075,2.308583342851287,-0.2206004706573076,-0.1493207663699616,-0.02384471259697052,0.34
70,0.1,800,1.2996943042137896,0.014946705268163349,1.0092984956916884,0.011607104142716027,0.8998323979591837,1.4443770345665574,1.4309475598756884,1.4444409786368095,2.5227449728190523,-0.2206176869469845,0.03404045434576064,-0.002801465061442965,0.17
70,0.2,800,1.8558068027052865,0.028870778531417066,0.9880051994732056,0.015370392683278316,0.7974545918367347,2.3272213913962148,2.3527886832356617,2.31811250227236,2.5227449728190523,-0.2206176869469845,-0.08747916120173382,-0.01733880745805383,0.32375
100,0.1,600,1.2746769486588756,0.013178870930511618,0.9898708662515232,0.010234263981888097,0.8998593333333335,1.4165283562782864,1.4309475598756884,1.4146752505690647,2.7497883180326017,-0.2206268252884128,-0.044745406038766866,-0.001914385318415035,0.17666666666666667
100,0.2,600,1.8576471421850753,0.02989392985434788,0.9889849700895093,0.01591510392446459,0.7977676666666667,2.3285636196223884,2.3527886832356617,2.322335853238393,2.7497883180326017,-0.2206268252884128,-0.0837388361775222,-0.011780340372740228,0.33666666666666667
140,0.1,400,1.2981680867981613,0.01852459525874709,1.008113287034008,0.014385572105173538,0.899869387755102,1.442619020431485,1.4309475598756884,1.4430106022350264,2.963982384166259,-0.2206311238070022,0.035754645052529455,-0.0014144458912379032,0.16
140,0.2,400,1.8398428641417126,0.03248492624950285,0.9795062251824067,0.017294513627294512,0.7979198979591836,2.3057922688616843,2.3527886832356617,2.2992753169466664,2.963982384166259,-0.2206311238070022,-0.158612674998019,-0.008947258956342852,0.3975
200,0.1,300,1.3091921384948957,0.02281184604929714,1.0166741915158293,0.01771490559499961,0.8998792499999999,1.4548522280740117,1.4309475598756884,1.4561647483796782,3.1910429615846865,-0.2206334069061192,0.08046913188661087,-0.001085859702221803,0.16666666666666666
200,0.2,300,1.8803713516533829,0.03876544592496577,1.0010830166511866,0.020638173153547774,0.7980760833333334,2.356127096358298,2.3527886832356617,2.35432090062228,3.1910429615846865,-0.2206334069061192,0.0048893715071853805,-0.006500213651573938,0.36333333333333334
280,0.1,200,1.2960696208808633,0.023630771431940666,1.0064836896073497,0.01835085525955234,0.8998920280612245,1.4402491858082251,1.4309475598756884,1.440613891994971,3.4052451371091803,-0.2206344811882696,0.0329162304428694,-0.0008103454429426726,0.205
280,0.2,200,1.8669839495761253,0.04114578791525136,0.9939557538130035,0.02190543344136343,0.7981413903061225,2.3391665546521616,2.3527886832356617,2.3369099821665076,3.4052451371091803,-0.2206344811882696,-0.05407086959934748,-0.004678671210606056,0.32
