N,rel_err_1term,rel_err_2terms,rel_err_3terms,rel_err_4terms,rel_err_5terms
2,1.174576e-01,4.013871e-02,2.637890e-02,7.044812e-03,1.035766e-02
3,6.746893e-02,1.592300e-02,3.785924e-03,6.155528e-04,4.029732e-04
4,4.956972e-02,7.936472e-03,1.017822e-03,1.070148e-04,3.940024e-05
8,2.980955e-02,1.476989e-03,4.642151e-05,1.421109e-06,1.357568e-07
9,2.797806e-02,1.113665e-03,2.764339e-05,6.767975e-07,5.136336e-08
10,2.653916e-02,8.660563e-04,1.740860e-05,3.483119e-07,2.150229e-08
16,2.171254e-02,2.857799e-04,2.243381e-06,1.795829e-08,4.384970e-10
27,1.817537e-02,8.515920e-05,2.347718e-07,6.668626e-10,5.752182e-12
32,1.727688e-02,5.775249e-05,1.133500e-07,2.295912e-10,1.411243e-12
35,1.683969e-02,4.709564e-05,7.726796e-08,1.309146e-10,6.729321e-13
64,1.440332e-02,1.208470e-05,5.929891e-09,3.012003e-12,4.637031e-15
81,1.363752e-02,7.146865e-06,2.189369e-09,6.945211e-13,6.676693e-16
100,1.301931e-02,4.477774e-06,8.999890e-10,1.873570e-13,1.181882e-16
128,1.236347e-02,2.595894e-06,3.184514e-10,4.046946e-14,1.558313e-17
200,1.133249e-02,9.748033e-07,4.898175e-11,2.550026e-15,4.022277e-19
243,1.093481e-02,6.371910e-07,2.168876e-11,7.649045e-16,8.173179e-20
256,1.083309e-02,5.687840e-07,1.744396e-11,5.543108e-16,5.336685e-20
403,1.002158e-02,2.123354e-07,2.627788e-12,3.369652e-17,1.309132e-21
512,9.640644e-03,1.265517e-07,9.703003e-13,7.708598e-18,1.855438e-22
729,9.128511e-03,5.910870e-08,2.235499e-13,8.760564e-19,1.040136e-23
1000,8.714427e-03,2.998800e-08,6.027338e-14,1.255278e-19,7.920525e-25
1024,8.684868e-03,2.850178e-08,5.463239e-14,1.085087e-19,6.529485e-25
2048,7.901554e-03,6.482806e-09,3.106570e-15,1.542542e-21,2.320556e-27
2187,7.834610e-03,5.636770e-09,2.368704e-15,1.031405e-21,1.360650e-27
4001,7.268216e-03,1.562434e-09,1.961745e-16,2.552240e-23,1.006004e-29
4096,7.247859e-03,1.486622e-09,1.780979e-16,2.210828e-23,8.314771e-30
6561,6.862000e-03,5.485568e-10,2.561295e-17,1.239184e-24,1.816397e-31
8192,6.694062e-03,3.432581e-10,1.028061e-17,3.190475e-25,2.999788e-32
10000,6.550068e-03,2.254015e-10,4.530383e-18,9.435199e-26,5.953416e-33
16384,6.218888e-03,7.972304e-11,5.969282e-19,4.631252e-27,1.088614e-34
19683,6.104209e-03,5.421979e-11,2.812894e-19,1.512122e-27,2.462744e-35
32768,5.806703e-03,1.860976e-11,3.483525e-20,6.756710e-29,3.972180e-37
59049,5.497144e-03,5.425291e-12,3.127347e-21,1.867958e-30,3.351118e-39
65536,5.445761e-03,4.363246e-12,2.041869e-21,9.901118e-31,1.329118e-39
100000,5.246928e-03,1.805577e-12,3.629060e-22,7.558061e-32,8.278158e-41
131072,5.127064e-03,1.026975e-12,1.201484e-22,1.456513e-32,2.493940e-41
177147,4.999902e-03,5.482831e-13,3.511684e-23,2.330580e-33,2.707560e-41
262144,4.843607e-03,2.425493e-13,7.094116e-24,2.149982e-34,1.219138e-40
524288,4.589850e-03,5.746054e-14,4.201535e-25,3.183323e-36,2.653739e-41
