law,p,M,p_realised,theta_L192,K_A,accept_A,mfpt_A,mfpt_ci_A,mode_A,mode_ci_A,ratio_A,ratio_ci_A,cv_A,cv_ci_A,mfpt_fac_A,mfpt_fac_ci_A,mode_fac_A,mode_fac_ci_A,n_frac_A,n_frac_ci_A,mfpt_relsd_A,mode_relsd_A,rom_A,rom_lo_A,rom_hi_A,frac_ratio_below_clean_A,K_B,accept_B,mfpt_B,mfpt_ci_B,mode_B,mode_ci_B,ratio_B,ratio_ci_B,cv_B,cv_ci_B,mfpt_fac_B,mfpt_fac_ci_B,mode_fac_B,mode_fac_ci_B,n_frac_B,n_frac_ci_B,mfpt_relsd_B,mode_relsd_B,rom_B,rom_lo_B,rom_hi_B,frac_ratio_below_clean_B,K_P,accept_P,mfpt_P,mfpt_ci_P,mode_P,mode_ci_P,ratio_P,ratio_ci_P,cv_P,cv_ci_P,mfpt_fac_P,mfpt_fac_ci_P,mode_fac_P,mode_fac_ci_P,n_frac_P,n_frac_ci_P,mfpt_relsd_P,mode_relsd_P,rom_P,rom_lo_P,rom_hi_P,frac_ratio_below_clean_P,z_ratio_A_vs_B,ratio_excess_P_pct,rom_excess_P_pct,mfpt_fac_over_theta_P_pct,mode_fac_over_theta_P_pct,mfpt_fac_over_theta_A_pct,mode_fac_over_theta_A_pct,alpha_implied_P
uniform,0.02,25,0.02040816326530612,1.0449957783411286,400,0.9950248756218906,14710.83606664537,118.02032538547137,2605.68,5.9435674218198775,0.17780029718361198,0.0008213556711900057,0.9177034573190852,0.0004666314485102718,1.0432619190736199,0.008369756184729028,1.0451985559566788,0.0023841024556036407,0.9795918367346936,2.1787222501428574e-17,0.08186558252637137,0.023275982321324745,0.17712657446492733,0.1760139384565022,0.17815262476449872,0.245,400,0.9975062344139651,14783.680773595088,121.63508760832238,2609.78,6.017182635429473,0.1772413949891415,0.0008459395682717124,0.9180366006973627,0.00048064567739546424,1.0484279142911879,0.00862610760870804,1.046843160850381,0.0024136312215922474,0.9795918367346936,2.1787222501428574e-17,0.08395724918901047,0.023527251748189277,0.17653113862288541,0.17547989442278022,0.17751514322568948,0.295,800,0.9962640099626401,14747.258420120228,84.72522350570853,2607.73,4.2285864285185495,0.17752084608637675,0.0005894914649659432,0.9178700290082239,0.00033493921553839456,1.045844916682404,0.0060085367594381245,1.04602085840353,0.0016961838862890291,0.9795918367346936,1.539624902169005e-17,0.0829083620199111,0.02340073458636315,0.17682812124877245,0.17609060150959063,0.17756251238463258,0.27,-0.9290502168041764,0.40863921070573017,0.01682292645108774,0.08125758580799225,0.09809418216297772,-0.16592021742528607,0.019404634904085505,2.147929278619774
uniform,0.04,49,0.04,1.0957807834779127,400,0.9975062344139651,15540.047261982378,206.92691253733489,2735.6075,9.350740799287205,0.17774715166053082,0.0012778861404939032,0.9177498464063031,0.000719084870989212,1.1020678536272697,0.014674826563471296,1.0973154833533894,0.00375079855567076,0.9599836734693881,1.121382024444263e-05,0.1358771869821857,0.03487981216611467,0.1760359832812394,0.17414728430483,0.17775169718123857,0.3125,400,0.9975062344139651,15644.17131317844,210.46203625722245,2741.715,9.800143520183095,0.17702822076406696,0.0013094853385456724,0.9181639639840077,0.0007398430870629834,1.1094521149282857,0.014925530190339573,1.0997653429602887,0.003931064388360648,0.9599877551020412,9.736195801197118e-06,0.13727868471977597,0.036474725518811146,0.17525472874938516,0.17350173946278227,0.1769409545318748,0.33,800,0.9975062344139651,15592.10928758041,147.5263653872701,2738.66125,6.771795739931755,0.17738768621229886,0.0009146091933263718,0.9179569051951555,0.0005157380943480772,1.1057599842777777,0.010462263216761986,1.098540413156839,0.0027163240031816104,0.9599857142857147,7.422050697310544e-06,0.13654055856036215,0.035683088364227226,0.17564405171155562,0.17436303906354925,0.17686915374196577,0.32125,-0.7701211743878342,0.33332184912036045,-0.652905804477466,0.9106931742489444,0.251841401175823,0.5737525465086435,0.14005537408727786,2.3911152913273113
uniform,0.06,74,0.060408163265306125,1.152007090972205,400,0.9900990099009901,16484.47340664978,253.43226778489975,2889.37,12.67063882263012,0.17774815546009165,0.0015831183905645363,0.9178065666113207,0.0009009364795564865,1.1690445929264721,0.017972889701621593,1.1589931809065381,0.005082486491227485,0.9395530612244898,1.965991126369798e-05,0.15688041741221445,0.044748373764092804,0.1752782711781644,0.1733113170630908,0.17720142630796545,0.325,400,0.9925558312655087,16324.388941137851,236.0168163039229,2878.88,11.87630531177858,0.17858130189654062,0.0015257728093736544,0.9173059696337026,0.0008650438935546437,1.1576917353494296,0.016737822078594193,1.154785399117529,0.004763860935330358,0.9395612244897958,1.719675783137443e-05,0.14753257371284126,0.04209588998926791,0.1763545337213299,0.17445440643255225,0.17821820139198458,0.3225,800,0.9913258983890955,16404.431173893816,173.1364779645304,2884.125,8.685380086951927,0.17816472867831615,0.0010990374662589173,0.9175562681225117,0.0006243476361981635,1.163368164137951,0.012278479173081648,1.1568892900120336,0.003483906974308836,0.9395571428571428,1.30547607356443e-05,0.1523085576248975,0.04345819177344826,0.17581377674282464,0.17441233602422593,0.17718615125051457,0.32375,0.7426856560105076,0.7728295370443172,-0.5569066032263259,0.986198197457111,0.423799391348223,1.4789407190096915,0.606427685131461,2.324634198542956
uniform,0.08,98,0.08,1.2155419003151602,400,0.970873786407767,17074.344184867674,283.88263263321755,3035.49,14.123218232191396,0.18060940022086427,0.0017056170788653305,0.9162096041353355,0.000967847415819873,1.2108770025394349,0.02013236628909961,1.2176052948255114,0.005665149712070356,0.9198673469387755,3.680130692040369e-05,0.1696589195912218,0.047477382545471555,0.17778076669499474,0.1755211065993418,0.1799956033468835,0.2925,400,0.9876543209876543,17360.49741132279,297.2894713616532,3043.95,14.862838895977356,0.1783482293966831,0.001754879869718012,0.9174716181051439,0.0010007807371564985,1.2311703946232162,0.021083151427155188,1.2209987966305655,0.005961828678691277,0.9198795918367346,3.4982489524655497e-05,0.17474279140389515,0.04982486842971017,0.17533771803189738,0.17310657106349606,0.17752641800531774,0.375,800,0.9791921664626683,17217.42079809523,205.6408183003927,3039.72,10.24923482954088,0.1794788148087737,0.0012253386910595844,0.9168406111202397,0.0006970513153335819,1.2210236985813256,0.01458361943318562,1.2193020457280386,0.004111205306675042,0.9198734693877552,2.5375209197316717e-05,0.17236065348148408,0.04865805727602185,0.17654909150714868,0.17499084472501278,0.17815343198058436,0.33375,-1.8109813984534253,1.5160977394767405,-0.14100077298151437,0.45097567305119046,0.30933902088472465,-0.3837710386220161,0.16975099828449025,2.26268846008197
uniform,0.1,122,0.09959183673469388,1.2891328823540231,400,0.9828009828009828,18331.999325241482,371.22561764016547,3225.995,18.712920069473526,0.18014376678659297,0.002075540269627487,0.9165070496319416,0.0011807768213325078,1.3000672912038629,0.026326549253490844,1.2940212595266747,0.007506185346760339,0.9001693877551018,6.614542803838592e-05,0.20663791473566798,0.0591915588077528,0.17597616837995955,0.17331521426076532,0.17854787723086563,0.35,400,0.9779951100244498,18047.20109012625,313.52185501538054,3224.7175,17.1461870828221,0.18195121748449394,0.0018925049031525809,0.9155343443820396,0.0010785760583213126,1.2798699922897128,0.02223431833874382,1.2935088247091855,0.0068777324840842745,0.9001775510204081,4.5500988473198985e-05,0.17727188683717207,0.054257251276141304,0.17868241639775742,0.17639677056853045,0.18093192958141163,0.3425,800,0.9803921568627451,18189.600207683867,243.00147962570244,3225.35625,12.682337533610614,0.18104749213554347,0.0014049265709335534,0.9160206970069906,0.0007998293914756544,1.289968641746788,0.01723315988455919,1.29376504211793,0.00508717911496615,0.9001734693877549,4.011798524463133e-05,0.1927891847118628,0.056743813478673695,0.17731869932124766,0.17555222848493174,0.17913049494328898,0.34625,1.2612216027317915,2.4033668079499693,0.29430175651412593,0.06483112828823412,0.35932368395168446,0.8481987388199164,0.37919885836168454,2.2570861678099057
uniform,0.12,147,0.12,1.372160994945902,400,0.9523809523809523,19976.618780247823,465.46759985673106,3462.52,23.08115081024967,0.17886184236249775,0.0024136102383646788,0.9172772855682467,0.001369976596967334,1.4167002848014179,0.033009994761219665,1.388896911351785,0.009258383798736329,0.8795326530612246,8.475881533663388e-05,0.2377657959255286,0.06802163594547764,0.1733286317414045,0.17034457073723697,0.1763375700287177,0.385,400,0.966183574879227,19391.12126089712,392.53199602968,3443.38,20.830947025661537,0.18194444285600142,0.0021793403550073925,0.9155993432007554,0.0012474140654911271,1.375178017618003,0.027837553326029774,1.3812194143602086,0.008355774980209198,0.8795530612244898,7.04114527738432e-05,0.20656371950156321,0.061731377268713354,0.1775750846828903,0.1748962290411226,0.18024993389001145,0.3525,800,0.9592326139088729,19683.87002057247,304.92851956337444,3452.95,15.550074994119626,0.18040314260924958,0.0016284570536582957,0.9164383143845011,0.0009276472482491615,1.3959391512097106,0.02162489684874229,1.3850581628559968,0.0062374949836019366,0.8795428571428573,5.506504246423711e-05,0.22355503679242641,0.0649888872074971,0.1754202804830133,0.17330250834292926,0.17743936310692218,0.36875,1.857908623790203,2.03891237604763,-0.7794744021818012,1.7328984245573942,0.9399165227403472,3.2459230381542747,1.2196758592852186,2.363636641244908
uniform,0.14,172,0.1404081632653061,1.4688541894916083,400,0.9433962264150944,20968.477206410247,477.0123456191418,3710.22,25.493786691153367,0.18256692877033942,0.0025246811999540242,0.915367845969405,0.0014345236808036878,1.487040822921731,0.03382872413626982,1.4882551143200962,0.010226147890554902,0.8587959183673469,0.00010714606776305222,0.2321371413463228,0.07011591246768707,0.17694274903595542,0.17390884797449077,0.18013701566964077,0.355,400,0.9345794392523364,21008.675795660885,500.36147306023867,3703.4225,26.361904819793086,0.182375766045345,0.0025870009260842678,0.9154413305929893,0.0014675088324367978,1.4898916233232637,0.03548459572592911,1.4855284797432813,0.010574370164377492,0.858712244897959,0.0001223045692107598,0.24303402971709823,0.07263658731470862,0.17628062501516167,0.17316439970515915,0.17934656738042923,0.3475,800,0.9389671361502347,20988.576501035568,345.43886038910307,3706.82125,18.32636167087053,0.18247134740784218,0.0018062676274729563,0.9154045882811971,0.0010254505640511797,1.4884662231224974,0.02449780602404069,1.4868917970316886,0.007351127826261744,0.8587540816326529,8.130076661064578e-05,0.23751175575606095,0.07134630918816258,0.1766113699905807,0.1743522417643842,0.17878277691591274,0.35125,-0.10365021064748478,3.208722198465286,-0.10577506337401399,1.3351926808798709,1.228005316601477,1.238151040466251,1.3208203351486425,2.3372393849145148
uniform,0.16,196,0.16,1.5830337323440615,400,0.9049773755656109,22065.57605893132,528.9839209120291,3991.97,31.26369471825573,0.18724008184215157,0.002714844699631845,0.9128472712160217,0.0015576846822041956,1.564844793349335,0.03751444023912766,1.6012715603690333,0.01254059154362444,0.8386836734693877,0.00014610813246316892,0.24462965682406543,0.07991622060505617,0.1809139262595503,0.1776906293705962,0.18409108097809673,0.3225,400,0.8830022075055187,22174.01498428501,519.813660660461,3979.075,30.73106387562886,0.18534395619491345,0.002604434306068027,0.9140074093793993,0.001489330483135707,1.5725350565576428,0.03686410444141271,1.596099077416767,0.012326940985009572,0.8385510204081633,0.00014887106506343328,0.23921326376859983,0.07880928273509273,0.17944765541197738,0.17629867582775388,0.18264619887822722,0.33,800,0.8938547486033519,22119.79552160817,370.6070585611472,3985.5225,21.910106504198236,0.1862920190185325,0.0018810257439400586,0.9134273402977106,0.001077629916089948,1.568689924953489,0.026282682329210435,1.5986853188929002,0.008788650823986456,0.8386173469387755,0.00010433159545134733,0.2417850705753958,0.07933341070227475,0.18017899379344,0.17793394142745778,0.1824681504975399,0.32625,-0.9878338313008257,5.369755371514318,1.9121302089257997,-0.906096130329026,0.9887083407668529,-1.148992508693636,1.1520808212953426,2.2657836800122815
uniform,0.18,220,0.17959183673469387,1.7190139707082497,400,0.87527352297593,23955.64003333015,592.4185132767436,4343.065,37.369289181217795,0.18812252484136344,0.0029516565299168027,0.912619056334504,0.0016863046974496146,1.6988842021341333,0.04201308968816309,1.7421038908945048,0.014989686795514559,0.8182959183673469,0.00021256128382956402,0.25234967396784114,0.08780119208884142,0.18129613710831238,0.17777191995165356,0.1847117779704557,0.3275,400,0.9009009009009009,23658.637058381824,602.0550967286481,4328.3075,35.332399374607085,0.1901626178513827,0.0030053150489119853,0.9115155144267993,0.0017076013964147415,1.6778213684371617,0.042696496158047006,1.736184316085038,0.014172643150664696,0.8180448979591836,0.00023719196360476883,0.25967397141519055,0.08329845153728456,0.18294830295249656,0.1791115016401778,0.1866361057709328,0.2975,800,0.8879023307436182,23807.138545855985,422.18515883513066,4335.68625,25.703010996785157,0.18914257134637308,0.0021060624939654715,0.9120672853806516,0.001199809635503857,1.6883527852856475,0.02994049400151998,1.7391441034897712,0.010310072601999662,0.8181704081632653,0.00015938813705528593,0.25591318713341193,0.08555059952806698,0.18211706718339302,0.17958903872513374,0.18456547228404271,0.3125,0.9492266229467125,6.982073510749154,3.0083356184075427,-1.7836495773195793,1.1710278755458603,-1.171006688550802,1.3432072443682275,2.2701851751166346
uniform,0.2,245,0.2,1.8769407861911231,400,0.8492569002123143,25946.30342134208,672.13102484972,4778.8025,46.91204096286297,0.1918009761361098,0.0031947523274279176,0.9107416028872697,0.0018270115163830183,1.8400579122481162,0.04766613533567436,1.9168882872041717,0.01881750540026593,0.7966102040816326,0.00027583797266472504,0.26433845941446094,0.10017218577688987,0.1841804754379464,0.1805262744903295,0.18798338950550386,0.2975,400,0.8438818565400844,25519.656886309516,651.8652384949257,4749.2225,48.19542159885599,0.19341844523378462,0.0031393792212061435,0.9098101236271137,0.001812038783387964,1.8098010267191287,0.04622892788748751,1.9050230645808262,0.019332299076957875,0.7967816326530612,0.00025416918904303014,0.2606543013201202,0.10355359287501667,0.18610056244713097,0.18252456157809546,0.1897085574044881,0.275,800,0.8465608465608465,25732.980153825796,468.0989020581938,4764.0125,33.62321925170597,0.1926097106849472,0.0022388397410897424,0.9102758632571917,0.001286209546392773,1.8249294694836227,0.03319660124448984,1.910955675892499,0.013487051444727626,0.796695918367347,0.00018751918198206972,0.262509146463154,0.10185053221343718,0.1851325602989563,0.18254588703609162,0.1877502787512245,0.28625,0.7077753087266239,8.943143157582313,4.713946913971312,-2.771068596844073,1.8122516145222756,-1.9650526119075584,2.1283303824471744,2.260168086707051
uniform,0.25,306,0.24979591836734694,2.4892524618572947,400,0.6944444444444444,32702.002132014186,929.710196618799,6306.765,93.9469786077027,0.20221626929606498,0.004044114224002358,0.9061928150983334,0.00236011069175449,2.319158023869859,0.06593311484899322,2.529789410348977,0.037684307504092546,0.7411387755102041,0.0006443043082850962,0.29010496142718034,0.15200506986723783,0.1928556231676679,0.18838038797113282,0.1972920702062252,0.2775,400,0.6980802792321117,32251.07777390721,918.2705713437041,6311.79,105.55904092807491,0.20471917360451874,0.0040466171637595465,0.9047282955336674,0.0023364856922479032,2.287179405587085,0.06512184040042272,2.5318050541516244,0.04234217445971718,0.7407816326530613,0.0006380967261969799,0.2905416097297067,0.1706572721258601,0.1957078781753633,0.191133011194055,0.20024317701623526,0.2675,800,0.6962576153176675,32476.5399529607,653.1505058542243,6309.2775,70.61139274111966,0.20346772145029185,0.002860031707659112,0.9054605553160004,0.0016602556977804827,2.303168714728472,0.04632007637732928,2.530797232250301,0.02832386391541102,0.7409602040816327,0.00045328786712111414,0.29022874018564176,0.16150726053758466,0.19427185005355904,0.19111402019513554,0.19740566934287548,0.2725,0.8574711780267108,15.084608284179168,9.883275856700081,-7.4754871183287275,1.6689657248348588,-6.833153350003074,1.628478794852195,2.2651113428392025
uniform,0.3,368,0.3004081632653061,3.7387385370204074,400,0.49566294919454773,42981.11580734913,1274.5676165261077,9214.6325,231.5545274995,0.2245297794248909,0.005608159996320138,0.894972141024089,0.0034107624838144285,3.048131401774632,0.0903896863225219,3.6962023666265544,0.09288188026454072,0.6763755102040815,0.0012408617402702965,0.3025987285331528,0.2564231095316601,0.2143879312324515,0.20825470846491934,0.22091028997983903,0.19,400,0.5089058524173028,43744.19255069481,1300.6225358278775,9042.47,191.877726679694,0.21819777677586963,0.005502186201742974,0.8990337164173701,0.0033511470665301877,3.102247218445873,0.0922374470472644,3.627144003208985,0.07696659714388047,0.6746734693877551,0.001626032295271793,0.30339804278696686,0.21653065641598057,0.20671246793550366,0.20081943672021416,0.21267516517145021,0.2325,800,0.5021971123666039,43362.65417902198,910.3283417875816,9128.55125,150.38607012006977,0.22136377810038027,0.003931953223081492,0.8970029287207295,0.0023934381217356744,3.0751893101102525,0.06455859398730891,3.66167318491777,0.0603233333814961,0.6755244897959183,0.001023768859249306,0.3029556871259635,0.2377402170438297,0.21051643223481967,0.20625638036753166,0.21484231003064028,0.21125,-1.579635298858483,25.20690510220327,19.071472214063157,-17.747944135161998,-2.061266155403707,-18.471661722463097,-1.1377144984241694,2.2463329900849462
uniform,0.35,429,0.35020408163265304,7.564393791869834,400,0.24067388688327315,59671.497626926044,1912.119747807245,14430.315,511.02847091339015,0.2497310849785851,0.006662973106410117,0.8818923170552406,0.004502338941641946,4.231778591389053,0.13560355839454696,5.788333333333334,0.2049853473379022,0.5861612244897959,0.003956690300572793,0.32698667383283814,0.3613692462453394,0.2418292748444191,0.23477277064292776,0.2488743508181351,0.16,400,0.2484472049689441,58902.395359299575,1815.372907945247,13706.3925,446.0935614857561,0.24140925687790246,0.00634182855906289,0.8871376598294635,0.004069575363227178,4.177235457059174,0.12874247358866123,5.497951263537907,0.1789384522606322,0.5797,0.004010474757402903,0.3144957624626966,0.33211209750118903,0.23269669113441274,0.22585375976434677,0.2397119736018969,0.1625,800,0.24449877750611246,59286.94649311281,1317.7560514544464,14068.35375,339.88721223952945,0.24557017092824376,0.004605460244204285,0.884514988442352,0.003038037287377473,4.204507024224114,0.09345252036546826,5.643142298435621,0.1363366274526793,0.582930612244898,0.00282401738544813,0.320754559591932,0.3486490189631907,0.23729260119062262,0.23235597129895183,0.24245331952539168,0.16125,-1.7731509876248899,38.898429323887804,34.21650305072297,-44.41713189570996,-25.398618135126206,-44.056606413889455,-23.479217335900714,2.1763309688093058
corner_thinned,0.02,25,0.02040816326530612,1.0449957783411286,400,1.0,14474.566766791342,49.83656150813485,2596.555,2.6064305250318265,0.1795384058869022,0.00043870366586919814,0.91672243884567,0.0002493738109982123,1.0265061913864102,0.0035343053626226383,1.041538307260329,0.0010454996089177002,0.9795918367346936,2.1787222501428574e-17,0.03513374146249523,0.010243079221587289,0.17938740701775024,0.17888889491686075,0.17983658874747946,0.1975,400,1.0,14501.782648851606,67.3930935828158,2596.8325,3.57206596411676,0.17931501132823144,0.0005243021699010383,0.9168502102273842,0.00029883746273086473,1.028436285177058,0.004779378128135821,1.0416496189330124,0.001432838332979045,0.9795877551020407,5.6496571968494475e-06,0.04742156751667781,0.014036454980557346,0.17906988146768582,0.17843704940028232,0.17965846221508405,0.17,800,1.0,14488.174707821472,41.893556267980486,2596.69375,2.209583306748964,0.17942670860756682,0.00034169016817409397,0.9167863245365271,0.000194537924478355,1.0274712382817341,0.0029710039396094383,1.0415939630966706,0.0008863150047127811,0.979589795918367,2.8266046506831197e-06,0.04172827737258092,0.012279665876147615,0.17922849512562608,0.1788186348920349,0.17960331989453387,0.18375,-0.640468613907381,1.4866256359296726,1.3745129098264863,-1.6769962542062755,-0.32553387439115955,-1.7693456124836748,-0.33085981326049785,1.3101005903153766
corner_thinned,0.04,49,0.04,1.0957807834779127,400,1.0,14944.243875950453,100.84817595849839,2708.0925,5.173563891734159,0.18174779877629293,0.0007883200083300144,0.9154875600069202,0.00044940485029316653,1.059814715798376,0.007151943037696377,1.0862785800240673,0.002075236218104355,0.9599897959183675,8.899162008342455e-06,0.06886142505093287,0.01949432611937924,0.18121308260755117,0.18027950069986373,0.18207372651345322,0.15,400,1.0,14958.99224321628,99.9776271242018,2710.22,5.162635728404312,0.1817016904052254,0.0007850556637114887,0.9155148565459341,0.0004464356181854219,1.0608606393520916,0.007090205523703222,1.087131969514641,0.0020708526788625397,0.9599897959183675,8.899162008342455e-06,0.06819968875015017,0.019437877528996856,0.1811766431812311,0.1802489872408195,0.18208064191610482,0.1775,800,1.0,14951.618059583367,70.96070636793502,2709.15625,3.652857638442678,0.18172474459075919,0.0005559275839903292,0.9155012082764271,0.000316532323923699,1.0603376775752338,0.005032385811985553,1.0867052747693542,0.0014652457434587555,0.9599897959183675,6.288718736673288e-06,0.06848991670243974,0.019457883365411887,0.18119485390837303,0.18053021151042462,0.18183105256907842,0.16375,-0.08122870004792572,2.7864316644414355,2.4867169913661336,-3.2345069777721114,-0.8282230210091557,-3.282232014088038,-0.8671628118615327,1.4226052429168883
corner_thinned,0.06,74,0.060408163265306125,1.152007090972205,400,1.0,15408.84725081224,124.68647081488646,2838.83,7.1325822981031095,0.18501653391947223,0.0009738650984585375,0.9136511135419506,0.000560930221628979,1.0927634215191462,0.008842505363770169,1.1387204171680705,0.0028610438419988406,0.9395448979591836,2.3241571033803952e-05,0.08257167362450789,0.025638305013789345,0.18423376867794947,0.18305304613721424,0.18534286916037135,0.14,400,1.0,15387.943625087184,116.27998892210591,2831.945,6.312140653852153,0.18470008315894312,0.0008824389563766702,0.9138338848211623,0.0005065169281527696,1.0912809798284957,0.008246335139835385,1.135958684316085,0.002531945709527538,0.9395612244897958,1.6237286052825355e-05,0.0771092181834946,0.02274436193920823,0.1840366113236235,0.18295798984628978,0.18502646563134784,0.1375,800,1.0,15398.395437949712,85.19605698239891,2835.3875,4.765270682052516,0.18485830853920768,0.0006567784275726855,0.9137424991815564,0.0003777061765085186,1.092022200673821,0.006041927291032032,1.1373395507420776,0.001911460361834142,0.9395530612244898,1.4178289783505159e-05,0.07984375061653157,0.024253368031881304,0.18413525691203642,0.1833652867374775,0.18490363035163324,0.13875,-0.4719478548356691,4.5588257177592295,4.149856114673689,-5.206989676405682,-1.273216141208755,-5.142647985184001,-1.1533500017714027,1.394972083156807
corner_thinned,0.08,98,0.08,1.2155419003151602,400,0.9975062344139651,16054.125792567824,177.55535571698036,2984.405,9.445545179865475,0.18729621541329664,0.0012841983801209654,0.9124116070655677,0.0007339618128591279,1.1385252345635675,0.01259185679915861,1.1971139189731248,0.0037888267869496486,0.9198632653061225,3.7947162984699495e-05,0.1128571346784711,0.03229618137455986,0.18589645045522288,0.18430100436794955,0.1874973388269198,0.145,400,0.9975062344139651,15910.059560879501,151.14936742419326,2975.6175,8.687338524344401,0.18810188336890296,0.0011518496852215962,0.9119470866603185,0.000658263214615769,1.1283083568372467,0.010719198991229497,1.193589049338147,0.00348469254887461,0.9199,3.178756171897094e-05,0.09694299505338777,0.029791443422956608,0.18702742680590626,0.18562444282405116,0.18839731226877518,0.15,800,0.9975062344139651,15982.092676723661,116.6230814099734,2980.01125,6.419760863072164,0.18769904939109977,0.0008624557069634592,0.9121793468629431,0.0004929075215600076,1.133416795700407,0.008270666545996858,1.1953514841556359,0.00257511466629449,0.9198816326530612,2.476821174106828e-05,0.10530470356123077,0.031088362673089436,0.18645938991081512,0.18534769091359396,0.18750346893197808,0.1475,0.9153629364718344,6.165594328753565,5.4644230339780275,-6.756254522650352,-1.6610218170422186,-6.335994319210569,-1.516030120990275,1.471400417376477
corner_thinned,0.1,122,0.09959183673469388,1.2891328823540231,400,0.9975062344139651,16719.864687248297,206.7777739917462,3149.0275,11.34646097651333,0.19008983494712708,0.0014415165346033162,0.9108779010370549,0.0008238143440888361,1.185738053312943,0.014664249967785379,1.2631478138788608,0.004551328109311405,0.9001673469387754,5.178460974501899e-05,0.12619815394077405,0.036767650194782675,0.18834048952571142,0.18658945765991186,0.19012270803029346,0.1525,400,1.0,16621.08902278305,197.76955140584954,3143.6375,12.28361582609907,0.19077138403671307,0.0014285434989497346,0.9105278944789137,0.0008189886133515319,1.1787330884828722,0.014025405544543299,1.2609857601283594,0.00492724260974692,0.9002102040816325,4.729852919591078e-05,0.12141765964781648,0.039872702206716876,0.18913547094843888,0.1873311605235563,0.19086096414916864,0.1425,800,0.9987515605493134,16670.476855015673,143.01598350734272,3146.3325,8.357916874111384,0.19043060949192006,0.001014369866463434,0.9107028977579843,0.0005805843020947115,1.1822355708979075,0.010142396308145086,1.2620667870036102,0.0033525539005661393,0.9001887755102039,3.507659901458513e-05,0.12380365222859144,0.03833454682458992,0.18873680263401452,0.18747219470510176,0.18996910579358237,0.1475,0.6582105108730594,7.710608554926024,6.752564215697809,-8.292187168549725,-2.099558216294106,-8.020494276142887,-2.0157013160437165,1.5477663039082505
corner_thinned,0.12,147,0.12,1.372160994945902,400,1.0,17417.82310226817,240.67723352394597,3343.1475,15.531039807964003,0.19405257789959215,0.0015992878653618768,0.9086403799784413,0.0009269773575787683,1.2352358134802381,0.017068329181699565,1.3410138387484958,0.006229859529869234,0.8794918367346941,8.919393054204385e-05,0.1410012750713078,0.04740530000579231,0.19193830827025976,0.18993665883874142,0.1938636303661174,0.125,400,1.0,17477.849442044426,239.15328108775748,3348.5625,14.830773192962686,0.1935841790289532,0.0015298895354925054,0.9089774671579985,0.0008843815828695466,1.2394927567393594,0.01696025364228412,1.3431859205776175,0.005948966383057636,0.879579591836735,6.865983259395875e-05,0.13962727243219156,0.045194677176531604,0.19158893152751125,0.18957128713940696,0.1934850672032693,0.1175,800,1.0,17447.836272156295,169.55313777208733,3345.855,10.732297396491914,0.19381837846427266,0.001106029834135607,0.9088089235682199,0.0006402948088112449,1.237364285109799,0.012024356134192105,1.3420998796630568,0.004304972882668237,0.8795357142857145,5.632694247860216e-05,0.1402365298262498,0.04628949951622045,0.19176331940593697,0.1903248961338152,0.19316424965062046,0.12125,-0.4148030721163027,9.62678504897372,8.464410668194123,-9.823680335806174,-2.1907863139653205,-9.978798549878775,-2.269934527517603,1.5985880092480624
corner_thinned,0.14,172,0.1404081632653061,1.4688541894916083,400,0.9900990099009901,18314.584469705227,262.40557443442907,3583.9275,19.450240218004055,0.19822646248034567,0.0018943470153587653,0.906449127235208,0.0010892220541787083,1.2988322658439966,0.018609257959225238,1.437596269554753,0.00780194152346733,0.8587306122448979,0.00011654225555144502,0.146203541194123,0.05537932505410773,0.19568707692649512,0.19354664578635536,0.19781321226765516,0.125,400,0.9975062344139651,18357.4643210748,282.9796219000847,3574.9575,19.48874428692454,0.19728258758436,0.0017616314260765404,0.9070145655099285,0.0010209971873391247,1.3018732157823107,0.020068326644709294,1.4339981949458485,0.00781738639668052,0.8587530612244898,0.00011626029258165628,0.1572984248844456,0.05562818351688024,0.1947413562937374,0.19245289878809904,0.19690631272718845,0.095,800,0.9937888198757764,18336.024395390014,192.8448802076081,3579.4425,13.761913032144207,0.19775452503235283,0.0012930394285103088,0.9067318463725684,0.0007462552454779857,1.3003527408131539,0.013676158098524033,1.4357972322503008,0.005520221833992863,0.8587418367346938,8.226034937053158e-05,0.15177485888420594,0.0554830492568171,0.19521366370454504,0.19364770486842914,0.1967472648857341,0.11,-0.71513484299104,11.853132710940795,10.415980770913702,-11.471625290238997,-2.250526803667896,-11.575139647214316,-2.1280478457616048,1.6450460653648868
corner_thinned,0.16,196,0.16,1.5830337323440615,400,0.9876543209876543,19534.229790320187,349.05222110012465,3830.2475,22.178590130758003,0.19993484392341174,0.0022952603059315834,0.9055142289849275,0.0013288183302324365,1.3853269770901455,0.024754058055713637,1.5364009225832331,0.008896345820600884,0.838661224489796,0.00015563491764934034,0.18233750937339016,0.05908660022794378,0.19607875719256695,0.19324279537755282,0.19890051376205023,0.1625,400,0.9975062344139651,19653.51681317,338.7690396399761,3847.7525,24.88917269618356,0.199270821986193,0.002177687673566525,0.9059423047758396,0.0012531992902147752,1.3937865648263612,0.024024796198964304,1.5434225832330526,0.009983623223499221,0.838704081632653,0.00014533765245464564,0.1758916986276295,0.06600627686585624,0.19577933743754125,0.1931423597753982,0.19835421900529443,0.1625,800,0.9925558312655087,19593.873301745094,243.0916520985159,3839.0,16.66915623604305,0.19960283295480238,0.0015811494655581454,0.9057282668803837,0.0009128214629830289,1.3895567709582535,0.017239554728918055,1.5399117529081428,0.006686384370655054,0.8386826530612246,0.00010641585761804867,0.17903859133060945,0.06266029100748431,0.19592859160001236,0.19401898600112472,0.19783534420808194,0.1625,-0.4113407071223996,12.898565331542567,10.82035546098654,-12.221910211560616,-2.7240088795875694,-12.489105646609545,-2.9457874970091336,1.7521628978210573
corner_thinned,0.18,220,0.17959183673469387,1.7190139707082497,400,0.9925558312655087,20482.96530905981,399.68824505000947,4144.3125,30.13495272784487,0.20648038173391675,0.002404800671182756,0.902016957545531,0.0013993252757780457,1.452609328242014,0.02834505963311489,1.6623796630565584,0.012087827006756868,0.8181591836734694,0.0002122234338159074,0.19911796765960932,0.07419931969673987,0.20232971337245448,0.19892992705932694,0.2055075053405612,0.1,400,0.9876543209876543,20623.676631608334,409.1671592109876,4157.05,27.695694568836537,0.20602892756677213,0.0024631853111890547,0.9023550247467645,0.0014110573283861974,1.4625882827849308,0.029017284524583693,1.6674889691135177,0.01110938410302308,0.818234693877551,0.00019535867889419295,0.20244944147458538,0.06798434499414466,0.20156687259287256,0.19816602538573913,0.20477686247046062,0.12,800,0.9900990099009901,20553.32097033407,285.8558109165484,4150.68125,20.456358033027676,0.20625465465034445,0.0017202104928991284,0.9021859911461477,0.000993076133173145,1.4575988055134723,0.02027229999193039,1.664934316085038,0.0082055186654744,0.8181969387755101,0.0001441588339493187,0.20070672435871736,0.07112230701521034,0.20194698735016814,0.1996697087793675,0.2041718702948052,0.11,-0.2570373306707888,16.660942423845547,14.224456674038443,-15.20727403321056,-3.1459694653284465,-15.497526314837017,-3.2945809991501984,1.7480759034954383
corner_thinned,0.2,245,0.2,1.8769407861911231,400,0.9803921568627451,22722.081108424532,475.98508051934925,4554.3825,39.45189863777819,0.20595088314029092,0.0029452955573404838,0.902508872647976,0.001711891058844205,1.6114027669895095,0.03375587263044433,1.8268682310469313,0.015825069650131647,0.7969306122448981,0.0002486597523857451,0.21376034370927,0.0883934960940231,0.2004386164395566,0.19706371483268406,0.2038285697493426,0.155,400,0.9803921568627451,22565.312009959693,449.5518993557201,4566.4125,39.563817605099224,0.20728932725300267,0.0027852775765906394,0.9018803593688888,0.0016151704777700644,1.6002850283528391,0.03188128636063235,1.831693742478941,0.015869962938266837,0.7968755102040816,0.0002371753109824685,0.20329205156666103,0.08841072570397071,0.20236425261855517,0.19906771499188308,0.20557279058466738,0.1275,800,0.9803921568627451,22643.69655919211,327.2003870134566,4560.3975,27.921929977984274,0.2066201051966468,0.002026115965890587,0.9021946160084323,0.0011762560364904219,1.6058438976711744,0.023204371398799224,1.829280986762936,0.011200132361806772,0.7969030612244898,0.00017171969078988016,0.20852752312805,0.0883567305155663,0.2013981015899423,0.19901606823401286,0.2037136806614709,0.14125,0.6471366882417046,16.867647117192796,13.91399808012439,-14.443550404703275,-2.5392276505911027,-14.14738393215218,-2.667774897992603,1.886372325945818
corner_thinned,0.25,306,0.24979591836734694,2.4892524618572947,400,0.9523809523809523,28377.317314089836,777.8861878559221,6066.8725,94.72745979783187,0.22218726134056108,0.004059655130522704,0.8942259716758761,0.0024048944804783675,2.012460364940324,0.05516607169618835,2.4335629763337345,0.03799737657353865,0.7399938775510205,0.0007950173587437974,0.2797220023351883,0.1593283021165946,0.21379302464886954,0.20898545560244816,0.2189375477356619,0.13,400,0.9259259259259259,29142.29796839657,920.209717606766,6077.935,89.65154744456247,0.21912758514289654,0.004187790430365688,0.8959841600879372,0.0024461995097395496,2.0667112030198647,0.06525936062310764,2.438000401123145,0.035961310647638384,0.7411204081632653,0.0006709253386491254,0.32221438516959894,0.15051633800076783,0.20856059486424955,0.20307368984440793,0.21381325014655453,0.1625,800,0.9389671361502347,28759.807641243202,602.6792741799869,6072.40375,65.17282792576869,0.2206574232417288,0.002916368519349692,0.8951050658819066,0.0017151926957297014,2.0395857839800944,0.04274076152561524,2.4357816887284396,0.02614232969344913,0.7405571428571429,0.0005212821833790801,0.3024107199324578,0.15488267066623734,0.2111420154734216,0.20728480350297285,0.2149061913499256,0.14625,-1.028174173956783,24.807379459324363,19.425312132505645,-18.064325927860793,-2.1480654914752706,-19.154027332415446,-2.2371971656908074,2.0404831744622167
corner_thinned,0.3,368,0.3004081632653061,3.7387385370204074,400,0.8016032064128257,40108.707885522854,1321.1996561769975,9111.8575,251.05034723601062,0.23846198619992875,0.005744797785228094,0.8866905361722236,0.00359781776890286,2.8444262019266597,0.0936967336552571,3.6549769354191732,0.10070210478781014,0.6753244897959183,0.001516286346878248,0.336133413118024,0.2811485265774179,0.22717903369031003,0.22077236014347892,0.23387977869796467,0.1375,400,0.8179959100204499,39773.370250914304,1309.5449865481332,8961.045,244.60242281459287,0.2371647115410527,0.0058658213624202355,0.8871674784771144,0.0036635709801753507,2.820644753840745,0.09287020870806215,3.594482551143201,0.09811569306642312,0.6724714285714286,0.0018882038399931685,0.33597729856433944,0.2785377100915781,0.2253026319738143,0.21870600734828805,0.2319065910114027,0.1625,800,0.8097165991902834,39941.03906821858,929.6082832309843,9036.45125,175.2228655496212,0.23781334887049074,0.004102873517185867,0.8869290073246691,0.0025658400124093463,2.832535477883703,0.06592588736334459,3.624729743281187,0.07028594687108752,0.6738979591836736,0.0012141080952564874,0.3358748832067002,0.2798270994908989,0.22624477131318246,0.22152094030073993,0.2307976405249116,0.15,-0.30968206352771444,34.51104629485695,27.96767318831126,-24.238203612358088,-3.0493919970686068,-23.920162542483403,-2.2403706697282977,2.153601292536144
corner_thinned,0.35,429,0.35020408163265304,7.564393791869834,400,0.4884004884004884,57148.07117619884,2106.4040402763253,14049.04,511.01657346092816,0.25752422146720483,0.007050886660953551,0.8779776569267105,0.004858228835312868,4.052822432153766,0.14938179661900258,5.635395106297633,0.20498057499435549,0.5768224489795918,0.004212715379687838,0.37611617153477683,0.37116775593391654,0.2458357685718565,0.23824016857310182,0.2536525345123761,0.1475,400,0.48484848484848486,55886.16042198122,1944.9148828369264,13454.1575,472.2632684187744,0.2525334703340395,0.0069844296333957685,0.8793194781272817,0.004728515122199547,3.9633303442003363,0.13792932120995338,5.396773967107903,0.18943572740424164,0.5780469387755102,0.004208431775676761,0.3551225342029885,0.3581867906013121,0.24074220519733883,0.23309207538361332,0.2485357708665346,0.155,800,0.48661800486618007,56517.11579909003,1433.2655517384576,13751.59875,348.3051763256795,0.25502884590062214,0.004962200517763691,0.878648567526996,0.00338793357546585,4.0080763881770505,0.1016442140524616,5.516084536702767,0.13971326767977515,0.577434693877551,0.002975764600012694,0.365968389297356,0.365513682994704,0.2433174190785831,0.23805075619856736,0.24877104964702534,0.15125,-0.9856028038894608,44.24840767094209,37.624236727972814,-47.01391151152248,-27.078300145724533,-46.42237641686878,-25.50103469818662,2.143046858927767
