n,mfpt,sd,cv,mode,fmode,t_cert,peak_sub,ratio,n_open,N,p,rep,attempts
35995,812709.716974916,761800.6231173446,0.937358822228598,115951,1.1708736345285942e-06,145857,115951.0788482531,0.14267209752529486,36000,200,0.1,1000,1
35993,803553.1720484374,752975.3719671828,0.9370573076672445,115372,1.1833623505711547e-06,145281,115372.34926470589,0.14357730641009217,36000,200,0.1,1001,1
35999,758668.2282929436,708096.4470870058,0.9333413746352239,114072,1.251586469500524e-06,144001,114072.33129344381,0.15035821423110068,36000,200,0.1,1002,1
35998,856802.0712254335,805505.6706211178,0.940130396124102,117930,1.1116864018216029e-06,148097,117930.49929675502,0.13763972329260557,36000,200,0.1,1003,1
35993,805043.3743251237,754135.2516871141,0.9367635033569633,115951,1.181193433171578e-06,146049,115951.39935532682,0.14403074877450292,36000,200,0.1,1004,1
35997,879940.8026037562,828819.0813356154,0.9419032267660836,118371,1.0828683231344055e-06,148545,118371.27745417817,0.13452154923346965,36000,200,0.1,1005,1
35998,848758.6929293764,797564.1805396639,0.9396830773973913,117487,1.122142774975441e-06,147521,117487.21463431737,0.13842214633997965,36000,200,0.1,1006,1
35996,892979.3728148298,841351.1387155527,0.94218429263765,119642,1.0672700827218657e-06,150081,119641.67681744367,0.13398069837029622,36000,200,0.1,1007,1
35993,1077428.2041057034,1025186.3181268942,0.9515124202431925,125045,8.884936406100583e-07,155649,125045.12375106139,0.1160587773027447,36000,200,0.1,1008,1
35993,1061873.0197769748,1009572.1779162566,0.9507466138731889,124872,9.01076935229922e-07,155649,124871.82924071723,0.11759598151031925,36000,200,0.1,1009,1
35994,877716.9791937281,826104.9512178241,0.9411974142014266,119055,1.0856866144912537e-06,149377,119054.51967056541,0.1356416735943334,36000,200,0.1,1010,1
35995,783133.4981478592,732317.1820414729,0.9351115534879189,115159,1.213536777070572e-06,145153,115159.08633803151,0.1470490028486273,36000,200,0.1,1011,1
35992,1018533.9428519272,966139.5314152795,0.9485589932428351,124089,9.384233207731142e-07,154945,124088.65195403018,0.12183099136838471,36000,200,0.1,1012,1
35997,937744.2611009685,885738.2066616149,0.9445413247549015,121444,1.017359419536544e-06,152129,121443.5409588963,0.12950652436669396,36000,200,0.1,1013,1
35996,993594.8307147007,941268.6690924986,0.9473365198724277,123290,9.616102201013668e-07,153985,123289.54798533712,0.12408478404755438,36000,200,0.1,1014,1
35993,997047.1209651891,944956.6657517883,0.9477552724258662,122997,9.58378957814536e-07,153537,122996.83877332487,0.12336127091057948,36000,200,0.1,1015,1
35994,826342.5909032386,775688.9275745549,0.9387013765400662,115966,1.1519176202053944e-06,145793,115965.98426798156,0.14033646731586555,36000,200,0.1,1016,1
35996,953473.9373762186,901596.40273587,0.945591030224585,121514,1.0011922222768483e-06,152001,121513.66993145303,0.12744344154218176,36000,200,0.1,1017,1
35993,1160845.4969324402,1107619.265108061,0.9541487373082544,128980,8.254089859078041e-07,160385,128979.70814000702,0.11110867065499457,36000,200,0.1,1018,1
35995,787737.1482457833,737218.2934690531,0.9358683859340252,114797,1.20662601354411e-06,144705,114796.5438277099,0.1457300830050254,36000,200,0.1,1019,1
35998,842623.2192765155,791500.309371442,0.9393288616601757,117161,1.130216606847531e-06,147137,117161.09761659353,0.13904316581804566,36000,200,0.1,1020,1
35996,918423.8195297563,866205.869306992,0.9431439504155059,121622,1.0376481862065821e-06,152641,121622.28195808358,0.13242470133480627,36000,200,0.1,1021,1
35996,932737.4124292355,881113.8668850443,0.9446537204830863,120718,1.022681406991814e-06,151233,120717.72415908483,0.12942334937075184,36000,200,0.1,1022,1
35998,800375.0043235696,749299.723959569,0.9361858127901352,116149,1.1877751252765094e-06,146369,116148.65974126261,0.14511822504772295,36000,200,0.1,1023,1
35994,911687.9034494451,859736.7914983785,0.9430165610901434,120624,1.0459186165965486e-06,151169,120624.09921103234,0.13230843531389339,36000,200,0.1,1024,1
35998,970975.361978545,918722.2914491495,0.9461849676361304,122892,9.82978703628446e-07,153857,122891.94973819004,0.12656551835628913,36000,200,0.1,1025,1
35995,820096.3981185458,769486.8184368989,0.9382882551395729,115812,1.1602018340133027e-06,145729,115811.67415913295,0.1412175449931183,36000,200,0.1,1026,1
35996,842068.9090572216,790853.3231559794,0.9391788660638438,117708,1.1300089425539924e-06,148033,117707.6497933632,0.13978428455669453,36000,200,0.1,1027,1
35998,835150.6626718636,783618.7328890355,0.9382962475082471,117957,1.1392419604866825e-06,148417,117956.50129332732,0.14124038364841257,36000,200,0.1,1028,1
35996,852782.5858260866,801270.0181072975,0.9395947237021859,118509,1.1160456109596143e-06,149057,118508.7931878031,0.13896742495650385,36000,200,0.1,1029,1
35995,819599.1300585708,768475.4241073229,0.9376235234076025,116752,1.1606516322549515e-06,146945,116751.8274792609,0.1424501267975438,36000,200,0.1,1030,1
35997,838289.4093639184,787318.8714876767,0.9391969678885514,117020,1.1354024793699107e-06,147137,117019.67062654236,0.1395937950460248,36000,200,0.1,1031,1
35997,828962.6441873673,778130.4123476993,0.9386797074680019,116423,1.1480627298340334e-06,146433,116423.02378757823,0.14044420555781445,36000,200,0.1,1032,1
35997,970756.9025599803,918860.3823614483,0.9465401481445295,121870,9.839518884244404e-07,152321,121869.98293904398,0.12554121395234685,36000,200,0.1,1033,1
35993,837191.3284506357,786308.3999625674,0.9392218639170143,116611,1.1373829223733302e-06,146497,116610.67801642236,0.1392883514641849,36000,200,0.1,1034,1
35995,755049.7380104528,704289.8006386943,0.9327727236810778,114160,1.2576915926307376e-06,144129,114160.11015665659,0.15119533754267667,36000,200,0.1,1035,1
35996,872359.3196754694,820971.2573013566,0.9410930092507869,118451,1.0924307617591643e-06,148609,118450.77623002054,0.13578235175393727,36000,200,0.1,1036,1
35998,794368.9717990551,742927.6996253765,0.9352425963250094,116396,1.1969390244046768e-06,146625,116396.2566892,0.14652636763542135,36000,200,0.1,1037,1
35995,862448.1096778119,811101.6838647572,0.9404643302746222,118439,1.1039724601154302e-06,148865,118438.75159955389,0.13732884178300966,36000,200,0.1,1038,1
35995,798895.5363097081,748316.1703127779,0.9366883857799875,114983,1.1907896955589605e-06,144641,114983.04082511051,0.14392745330776827,36000,200,0.1,1039,1
35995,855845.0862900044,804915.2419272782,0.9404917488239588,117163,1.113205752125188e-06,147073,117163.43615207872,0.1368974384229848,36000,200,0.1,1040,1
35994,867417.1906429923,815872.3911036277,0.9405766912445489,118710,1.0981934921784254e-06,149057,118709.99821603055,0.13685456234963891,36000,200,0.1,1041,1
35996,772797.4855992007,721913.2861010622,0.9341558423178814,115072,1.2290035818789171e-06,145217,115072.4377598186,0.14890317598636738,36000,200,0.1,1042,1
35997,1114345.310018729,1061483.5196166763,0.9525624688085561,127152,8.593400089538447e-07,158273,127152.43690808857,0.1141046665309364,36000,200,0.1,1043,1
35997,1108975.6461917367,1056151.6462848934,0.9523668530609821,126960,8.634219170956121e-07,158017,126959.90040226343,0.1144840289649149,36000,200,0.1,1044,1
35992,816924.3230808043,765621.5292900224,0.9372000657327627,116669,1.165094834751122e-06,146625,116668.92832779416,0.14281494222134936,36000,200,0.1,1045,1
35989,823665.6454807413,772613.5979839886,0.938018481434957,116574,1.155400720527934e-06,146625,116573.84757375091,0.14153072990188917,36000,200,0.1,1046,1
36000,771650.7870042966,720999.6142281062,0.9343599804092362,114473,1.2313467604175849e-06,144385,114473.19279215632,0.1483481931566573,36000,200,0.1,1047,1
35998,807182.122608498,756441.8804735161,0.9371390412228046,115659,1.178386658682287e-06,145601,115659.42050226353,0.14328736571399178,36000,200,0.1,1048,1
35996,834171.7183031316,783077.059244016,0.938748032403865,117097,1.1408773879155037e-06,147265,117096.71393804257,0.14037517387690654,36000,200,0.1,1049,1
35998,855715.1044550602,804565.3745601957,0.9402257484663218,117844,1.1126374086342192e-06,148097,117843.53322456138,0.13771405855345498,36000,200,0.1,1050,1
35996,907657.7954178152,855517.9426270665,0.9425556051477004,120823,1.0504586301288468e-06,151425,120822.94915896658,0.13311514604948935,36000,200,0.1,1051,1
35997,831680.1046339025,780410.9098727951,0.9383546696915689,117440,1.1438756175026553e-06,147777,117439.64774918139,0.14120813921801814,36000,200,0.1,1052,1
35998,835412.7930005012,784321.5102794534,0.9388430687809479,117136,1.1392052346406953e-06,147265,117135.58051240435,0.14021331847132693,36000,200,0.1,1053,1
35996,843369.7411150852,792215.3954284046,0.93934529164036,117237,1.1291692311610879e-06,147265,117236.89756655466,0.13901020428476812,36000,200,0.1,1054,1
35992,943049.846365496,891110.8968595029,0.9449244918429653,121460,1.0118653252357215e-06,152001,121459.58952734833,0.1287948886987316,36000,200,0.1,1055,1
35995,977890.954184332,925806.4310619923,0.9467379027288539,122557,9.76630576317261e-07,153153,122556.67316275628,0.12532787983730348,36000,200,0.1,1056,1
35999,863692.3034949102,812258.0043402778,0.9404483530228244,118424,1.1028778659635897e-06,148673,118424.23988811526,0.13711364512662683,36000,200,0.1,1057,1
35995,886984.5755239837,835481.7968194258,0.9419349782107171,119090,1.0746625266694193e-06,149377,119089.71890051101,0.13426389058642638,36000,200,0.1,1058,1
35993,909372.6248783093,857741.5960488695,0.9432234626192437,120028,1.0485004517769463e-06,150465,120028.27580278047,0.13198989799815222,36000,200,0.1,1059,1
