n_cluster,mfpt,sd,mode,f_mode,median,lam1,lam2,tau1,t_cert,A1,w1,ratio,cv,G_tt,G_ss,G_st,mfpt_tetali,N,q,p,scheme,rep,attempts,n_blocked
1103,17472.14835870867,15989.175505660398,3169,5.411664023165813e-05,12589,0.9999373904891808,0.9987096463543313,15971.514260928665,8000,1.0997238407660364,6.885317170666348e-05,0.18137437566001838,0.9151236114413422,2.848331669463268,2.7219456224862064,-0.31978226683256583,17472.148358671522,35,0.8,0.1,uniform,0,1,122
1103,22892.101175397456,21107.17554585619,3951,4.1064998193878146e-05,16445,0.9999525740432623,0.9989541163766179,21084.9997684861,10000,1.0906368840900074,5.172449768156367e-05,0.17259228280216624,0.9220287549899719,3.7787646711758356,3.220710027001777,-0.37211496170453373,22892.101175335236,35,0.8,0.1,uniform,1,1,122
1103,14744.991544846716,13280.092222167628,3048,6.377398232665489e-05,10699,0.9999245806227305,0.9987509210004567,13258.691944166178,8000,1.1204449265394536,8.450325862459417e-05,0.2067142589217189,0.9006510571251524,2.352343843126309,2.626299518957963,-0.32127203082141675,14744.991544821707,35,0.8,0.1,uniform,2,1,122
1103,16383.76285481156,14937.787173352344,3092,5.75143999911883e-05,11825,0.9999329736299981,0.9987483366763507,14919.001079909905,8000,1.1045525409746926,7.403414729806634e-05,0.18872343474453707,0.9117433709048978,2.653781775814364,2.5018097068676326,-0.31698211444514024,16383.762854781166,35,0.8,0.1,uniform,3,1,122
1103,17338.807033828198,15885.509945153892,3085,5.473284873611322e-05,12486,0.9999369875360739,0.9987428514335198,15869.376169913305,8000,1.098125014996015,6.91955628939993e-05,0.1779245823533956,0.9161824059845116,2.8216205604977604,3.5746802884261237,-0.3223154383766241,17338.80703379223,35,0.8,0.1,uniform,4,1,122
1103,15643.506653146695,14210.299945571125,3045,6.0170500026412475e-05,11309,0.999929534645997,0.9987274124395429,14190.87125946241,8000,1.109307512391595,7.816774655897001e-05,0.1946494521666277,0.9083832839175301,2.523348893936089,2.5700555582123403,-0.313189030473589,15643.506653119373,35,0.8,0.1,uniform,5,2,122
1103,15702.834011068224,14219.035602886408,3113,6.000529428765683e-05,11367,0.9999295738495986,0.9987953092913819,14198.771064607545,10000,1.1133370187053424,7.840804032701449e-05,0.19824446961648998,0.9055076040964355,2.513096263021062,2.630144216588659,-0.3341991152270846,15702.834011038527,35,0.8,0.1,uniform,6,1,122
1102,20698.009951726475,19234.203647736907,3281,4.574289896176862e-05,14816,0.9999479696018118,0.9987512576171248,19219.03386088832,10000,1.0808348774672183,5.623626905052969e-05,0.1585176549654873,0.9292779205632052,3.448703546959062,2.378241343321043,-0.30774109036865344,20698.009951675715,35,0.8,0.1,uniform,7,1,122
1103,17985.241834986027,16495.326096971665,3250,5.240480435521013e-05,12948,0.9999393103395002,0.9988152222666568,16476.771275835636,10000,1.0971050517119976,6.658293312117898e-05,0.18070371417958334,0.9171589822542122,2.9257510761515055,2.687757204909077,-0.3353988485895399,17985.241834946868,35,0.8,0.1,uniform,8,1,122
1103,14605.161534757222,13162.436191981064,3006,6.441161963727312e-05,10594,0.9999239088712281,0.9987552911191846,13141.636483672313,8000,1.119584644179358,8.519045933151246e-05,0.2058176482914174,0.9012181180370532,2.3291978446431245,2.761156229005801,-0.31906353971460555,14605.161534732883,35,0.8,0.1,uniform,9,1,122
1103,17886.511577851124,16319.708037789453,3348,5.2724609818348405e-05,12905,0.9999386508902067,0.998774055627887,16299.655015386776,10000,1.1036108169119452,6.770554117594571e-05,0.18718015446599603,0.9124030679072243,2.906416725345622,3.207355990493263,-0.3368310675489301,17886.511577813453,35,0.8,0.1,uniform,10,1,122
1103,14990.89592928736,13588.775849224061,2968,6.268074166902854e-05,10848,0.9999263055334678,0.9987877270333164,13569.039839344978,10000,1.1120971143649683,8.19554035752615e-05,0.19798683240816103,0.9064685602063309,2.4079682458270937,3.4901431700560774,-0.3102359117904183,14990.895929260578,35,0.8,0.1,uniform,11,1,122
1103,15047.855163607415,13605.721818922577,3027,6.249567740798693e-05,10900,0.9999263936124441,0.9987813407279246,13585.277440695112,8000,1.1153542378859107,8.209719629618564e-05,0.20115823598041188,0.9041635283563484,2.4113532406667884,2.94473891023984,-0.3171789739443387,15047.855163580365,35,0.8,0.1,uniform,12,1,122
1103,25664.93623183074,24093.909759643117,3634,3.6993647397017156e-05,18291,0.9999584720565136,0.9987794116393497,24079.671467743858,10000,1.068670796522804,4.437970044379626e-05,0.14159396178405304,0.9387870494593643,4.331501093424077,3.3318187292154096,-0.3221591480540115,25664.936231751657,35,0.8,0.1,uniform,13,1,122
1103,17612.203690075723,16036.084102353467,3358,5.3511417366793696e-05,12719,0.9999375621328167,0.9987905738007145,16015.421824162617,10000,1.106272574355042,6.907330006625428e-05,0.1906632502718666,0.9105098024382728,2.8584924422733713,3.1340491312118743,-0.3350168396920217,17612.203690039143,35,0.8,0.1,uniform,14,1,122
1103,18966.978190934038,17562.721219264364,3081,5.0040557586580445e-05,13597,0.9999430163937835,0.9987068270822093,17548.40688963244,8000,1.085067313371002,6.183104850370076e-05,0.16244021419672833,0.9259630628804703,3.124266460270001,2.4711665008178856,-0.31489549637394126,18966.978190891343,35,0.8,0.1,uniform,15,1,122
1103,15747.976365336503,14307.850523437372,3041,5.986355564728958e-05,11383,0.9999300178519003,0.9987407378113419,14288.858454200075,8000,1.1089869540107609,7.760928925632382e-05,0.193104176019318,0.9085516888970542,2.536138010998637,2.949293653967934,-0.3193427442701261,15747.976365307228,35,0.8,0.1,uniform,16,1,122
1103,23432.566019788,21810.64055357729,3637,4.046816884225154e-05,16761,0.9999541179460837,0.9987796748398412,21794.51383369904,10000,1.078845006694463,4.9499624764603436e-05,0.15521134121327892,0.9307832755131876,3.9156516938424035,2.7391690705298957,-0.333227004203113,23432.566019721027,35,0.8,0.1,uniform,17,1,122
1103,15456.58732781566,13984.720068055873,3086,6.0913177709749054e-05,11193,0.9999283911939197,0.998779396558352,13964.262915497711,10000,1.1144259759723072,7.980271360439498e-05,0.19965597415196804,0.9047741116105872,2.4781564759466943,2.555933676917129,-0.3244885517572876,15456.58732778746,35,0.8,0.1,uniform,18,1,122
1103,20032.33362095303,18537.952024659277,3329,4.711451129519927e-05,14366,0.9999460088707715,0.9987513289204462,18521.06111653105,10000,1.0860028763955603,5.863452164216044e-05,0.1661813377807365,0.9254015221306673,3.323184358302557,2.853895892207504,-0.3091517470295942,20032.33362090681,35,0.8,0.1,uniform,19,1,122
1103,16685.390356062784,15241.733689927909,3097,5.649119235292072e-05,12033,0.9999343137093619,0.9987049023813188,15223.376853547426,8000,1.1021275606561338,7.239467126966888e-05,0.1856114800978976,0.9134778009187954,2.717685424678126,3.3948680408556493,-0.30777066889015914,16685.39035602909,35,0.8,0.1,uniform,20,1,122
1103,26446.276794604993,24838.145446617487,3716,3.594175684804836e-05,18844,0.9999597170403218,0.9987532391145107,24823.8924441981,10000,1.068141271272833,4.302789176141858e-05,0.14051127229970078,0.9391925237538328,4.4678685041785835,3.4596423532851746,-0.3274672699862663,26446.276794519148,35,0.8,0.1,uniform,21,1,122
1103,19098.934215218538,17533.394892702298,3355,4.9643247230473546e-05,13742,0.999942910709429,0.9987958061221373,17515.920150366812,10000,1.0956718188275882,6.255112683571529e-05,0.17566425237103792,0.9180300164985763,3.125730247143994,3.5974051446388344,-0.3373584591436087,19098.934215176127,35,0.8,0.1,uniform,22,1,122
1102,17141.295930722365,15610.03804633061,3277,5.483427412429073e-05,12379,0.9999358552994487,0.9987963111977363,15589.252404530984,10000,1.1061637485658824,7.095454241258933e-05,0.19117574384365124,0.9106684879264421,2.787149431020698,2.9270903537940347,-0.32379356910389173,17141.29593068649,35,0.8,0.1,uniform,23,1,122
1103,16370.537618864808,14896.027647686038,3133,5.755021927199611e-05,11826,0.9999327824916495,0.9987424931057003,14876.576288060794,8000,1.1070885337002592,7.441573275883435e-05,0.19138039769626414,0.9099290441457708,2.6419418598541506,2.4924376880400456,-0.3264239821828469,16370.53761883404,35,0.8,0.1,uniform,24,1,122
1103,16222.660791892276,14776.390203548432,3076,5.809118572809883e-05,11714,0.9999322405560891,0.9987469318794685,14757.59041367273,8000,1.1057799392610692,7.492703377226405e-05,0.18961131219222163,0.9108487438098528,2.6233344422100013,2.63202064297073,-0.3182178319262262,16222.660791861295,35,0.8,0.1,uniform,25,1,122
1103,14783.623413232297,13322.263237472003,3075,6.334385898752103e-05,10726,0.9999248130747653,0.998829995392444,13299.684791540793,10000,1.1199587210857906,8.42062526283837e-05,0.2080004281797165,0.9011500675502677,2.3605273413536882,2.7098863243911078,-0.3200934044681456,14783.623413207413,35,0.8,0.1,uniform,26,1,122
1103,15755.74045873638,14288.942155816068,3084,5.985585539167095e-05,11397,0.9999299225211161,0.9987595268611079,14269.419744798313,8000,1.1113019656035232,7.787724002834013e-05,0.19573818241528324,0.9069038800961596,2.538646260232155,2.683563471314717,-0.31824230888955685,15755.74045870624,35,0.8,0.1,uniform,27,1,122
1103,17736.197998790558,16259.015713252254,3198,5.316711243194947e-05,12771,0.9999384287318164,0.9987676788621421,16240.84160598681,10000,1.097671139017113,6.758500407797554e-05,0.18030921848177797,0.9167137012318518,2.8927335167356194,2.3712261859127595,-0.32325886744452415,17736.19799875349,35,0.8,0.1,uniform,28,1,122
1103,21778.421003973035,20196.545274324326,3496,4.3512321852437794e-05,15603,0.9999504478801201,0.9988267022023021,20180.271321575103,10000,1.0832795115863825,5.367879622167195e-05,0.16052587096935195,0.9273649944888048,3.61853409413141,4.780745169693138,-0.33040897094895455,21778.42100391821,35,0.8,0.1,uniform,29,1,122
1103,17352.614722681592,15849.018764996335,3202,5.445962316799814e-05,12514,0.9999368332470265,0.9988195081266424,15830.612928783421,10000,1.1021951615737116,6.962208949984748e-05,0.18452550530120787,0.913350467251491,2.822358459348603,2.699756885566155,-0.3240812002426328,17352.614722645667,35,0.8,0.1,uniform,30,2,122
1103,19147.11170395816,17667.4751030668,3269,4.9275028155335504e-05,13749,0.9999433452226287,0.9987860300484377,17650.262144547014,10000,1.0895626285361864,6.172892815189118e-05,0.17073071127089215,0.9227227258205486,3.1540164727091544,2.2909678310275057,-0.3178079522977801,19147.111703913244,35,0.8,0.1,uniform,31,1,122
1102,15327.17703633036,13900.900938760982,2993,6.154917268210423e-05,11087,0.9999279672940825,0.9987324258083087,13882.082735584485,8000,1.1112162692629595,8.004391473466734e-05,0.19527405424401528,0.9069446321270614,2.467758210996111,3.413285703204932,-0.3139436104743004,15327.177036301968,35,0.8,0.1,uniform,32,1,122
1103,15333.775511156406,13876.868191401878,3054,6.139546369687318e-05,11103,0.9999278352273263,0.9987698178950384,13856.676604543065,8000,1.1141172811075641,8.04000203230571e-05,0.19916816949472094,0.9049870451869779,2.4622727149771033,2.5721007726186356,-0.31810362430266315,15333.775511127911,35,0.8,0.1,uniform,33,1,122
1103,15780.045324686544,14277.57846079709,3165,5.9521450316812846e-05,11428,0.999929856718643,0.9987554894905715,14256.032917246517,8000,1.1145217170734532,7.817621037930201e-05,0.20056976611142083,0.9047869107486675,2.536225729658036,3.4085241499465644,-0.3250698867802937,15780.045324657389,35,0.8,0.1,uniform,34,1,122
1102,20942.224819330902,19508.302309286806,3216,4.5323321425177123e-05,14975,0.9999487044746763,0.9987214181164993,19494.37783721132,10000,1.0778548334619962,5.528912990524984e-05,0.1535653459813612,0.9315296000107638,3.492346996465334,2.5082109620816695,-0.30841975839470154,20942.224819278796,35,0.8,0.1,uniform,35,1,122
1100,17231.03848432433,15756.810526247762,3177,5.4677316155652756e-05,12421,0.9999364617661265,0.9987509440050102,15738.05517694118,10000,1.100820890535985,6.994421519588194e-05,0.18437658315778394,0.914443464367065,2.8164107915176118,2.886664029381583,-0.31650529653489334,17231.03848428878,35,0.8,0.1,uniform,36,1,122
1103,24827.57528694922,23310.737982940038,3524,3.821533692580899e-05,17693,0.999957076555251,0.9987876046203136,23296.79139155451,10000,1.0685432043321694,4.586555519314804e-05,0.14193895131806986,0.938905137272647,4.193390448994865,2.648260700049311,-0.3084364389243309,24827.575286874366,35,0.8,0.1,uniform,37,1,122
1103,14945.395234695576,13444.00560177131,3131,6.274839413732909e-05,10851,0.9999254925803126,0.9988155854992825,13420.982098466975,10000,1.1222302681349647,8.361448157396665e-05,0.2094959652008009,0.8995416575241312,2.3841148572316118,2.774131937572367,-0.32583894778548356,14945.39523466928,35,0.8,0.1,uniform,38,1,122
1103,16087.99929171786,14647.659861820945,3078,5.8494412006886364e-05,11619,0.999931642380561,0.9987427989002194,14628.447113974295,8000,1.106376816518284,7.562928537986707e-05,0.19132273343550937,0.9104711901225402,2.602964541199853,3.8579354932226875,-0.31417041649503535,16087.999291687309,35,0.8,0.1,uniform,39,1,122
1103,24261.927908850445,22746.37159334034,3505,3.9083767715097316e-05,17301,0.9999560103638346,0.9987098632161457,22732.127205180008,10000,1.0702726294512934,4.708090356745355e-05,0.14446502409733977,0.9375335578770206,4.085819914368955,2.285853590505943,-0.3134417191365886,24261.92790878307,35,0.8,0.1,uniform,40,1,122
1103,21123.83104275094,19583.62230726115,3432,4.478201276637579e-05,15136,0.9999488951218666,0.9988343417175504,19567.10364776875,10000,1.0837157158036974,5.538315958754335e-05,0.16247052880958157,0.9270866760687171,3.5062361135619398,2.5707380897664986,-0.32401430215836036,21123.831042697457,35,0.8,0.1,uniform,41,1,122
1099,16459.530896223154,14931.176330020184,3245,5.712067329362939e-05,11906,0.9999329323006954,0.9988606776379031,14909.807196953081,10000,1.1111333335117808,7.452115629951276e-05,0.19715021165910665,0.9071447068668482,2.6595507705464088,2.5762944979052946,-0.335814269706843,16459.53089619162,35,0.8,0.1,uniform,42,1,122
1103,19914.67443263263,18413.85755671528,3293,4.757443895308211e-05,14286,0.9999456474851524,0.9987292937038623,18397.912705592633,10000,1.086868617141571,5.90740426508206e-05,0.16535545238962163,0.9246376393952955,3.2942716391337976,2.885270186381587,-0.31673007121742264,19914.67443258698,35,0.8,0.1,uniform,43,1,122
1102,16857.87313221216,15370.124734176012,3193,5.5793238672901564e-05,12168,0.9999348568342814,0.998775011932207,15350.304472201151,10000,1.1046245560085772,7.195874050903436e-05,0.18940704885830406,0.9117475623189175,2.741577173877885,3.6229042071315156,-0.31792793178069695,16857.873132178785,35,0.8,0.1,uniform,44,1,122
1103,15397.289540851603,13893.504806880208,3107,6.131501922596748e-05,11161,0.999927921159828,0.9987574109187817,13873.197151348513,8000,1.1177625772658404,8.056703015716559e-05,0.2017887623504517,0.9023344511394943,2.4649469636172894,6.2669008735204335,-0.3269459721622036,15397.289540823904,35,0.8,0.1,uniform,45,1,122
1102,25529.301131143562,24009.877975247407,3558,3.716657473884882e-05,18180,0.9999583274449592,0.9987503139559013,23996.108772254964,10000,1.066579520817353,4.4447093786827815e-05,0.13936926756132562,0.9404831668485203,4.319491663310017,2.6583611040115125,-0.3137753296235895,25529.30113106417,35,0.8,0.1,uniform,46,1,122
1102,16234.579473665695,14763.364704578265,3096,5.8225541061041516e-05,11729,0.9999321821215347,0.9987725844179925,14744.874261862162,10000,1.1076992244618349,7.512181138078941e-05,0.19070404657059695,0.9093777100001941,2.6116541437659113,2.638440660821037,-0.3347305156959931,16234.579473635093,35,0.8,0.1,uniform,47,1,122
1102,14737.386506148398,13240.809027130945,3106,6.373162752816024e-05,10705,0.9999243493456969,0.998755448946627,13218.156318765326,8000,1.1237432774714131,8.50119142095665e-05,0.21075650005543284,0.8984502796073724,2.3484862074000343,2.9156726185586814,-0.32617559044442257,14737.386506122957,35,0.8,0.1,uniform,48,1,122
1103,25087.640953262267,23566.46922385699,3517,3.788503035962635e-05,17874,0.999957543516955,0.9987232533063978,23553.028887201435,10000,1.067922592653112,4.534023744850002e-05,0.14018854967480182,0.939365692763254,4.2396054466409865,3.6273128869497557,-0.30937750044584733,25087.640953183887,35,0.8,0.1,uniform,49,1,122
1103,20784.06299225977,19269.711399451782,3386,4.546109880248394e-05,14893,0.9999480617929803,0.9987986668101738,19253.148848463483,10000,1.083686508827803,5.6284734239996357e-05,0.16291328607216918,0.9271388085490335,3.4491023319795584,2.455525700826545,-0.3195400963445273,20784.062992207335,35,0.8,0.1,uniform,50,1,122
1102,19109.554964789102,17639.876789167767,3233,4.945560141689569e-05,13719,0.9999432587617242,0.9987275955258503,17623.36634691989,10000,1.0890011781210596,6.179127533060467e-05,0.16918238053984322,0.9230919726634484,3.151916358440132,4.386454179933931,-0.3162424373395965,19109.554964746305,35,0.8,0.1,uniform,51,1,122
1099,19444.311385867586,17939.99981125279,3311,4.856993108014649e-05,13962,0.999944206692242,0.99874007690643,17922.796537262206,10000,1.0896400489768938,6.0794622598100355e-05,0.17028116523614634,0.9226348753235791,3.2193216056367597,3.336301994989508,-0.3192245974248431,19444.31138582351,35,0.8,0.1,uniform,52,1,122
1093,14632.089801923374,13193.696651484694,3017,6.40803257245017e-05,10613,0.999924083919281,0.9986486814526047,13171.93975253696,8000,1.119094372840553,8.495725874092608e-05,0.20619064267931286,0.9016959867038539,2.3669486115940654,2.555589055403858,-0.3104694674358565,14632.089801898524,35,0.8,0.1,uniform,53,1,122
1103,16886.57940101522,15390.300096488874,3206,5.570389846127312e-05,12191,0.9999349420043875,0.9988168812998611,15370.400843660314,10000,1.1051059791921543,7.189597994579672e-05,0.18985490926642345,0.911392398129109,2.7401802913576403,5.153438894785675,-0.3217561367443074,16886.579400982242,35,0.8,0.1,uniform,54,1,122
1103,26095.9380330974,24555.40485227729,3580,3.6444864352031123e-05,18579,0.9999592546340365,0.998797386142577,24542.168257203244,10000,1.0659203301572435,4.343131394042053e-05,0.13718610135644468,0.9409665527690073,4.417825030301963,2.47689518316313,-0.3139860364285202,26095.938033018618,35,0.8,0.1,uniform,55,1,122
1103,16910.210770556565,15448.319394821074,3125,5.579946370644108e-05,12194,0.9999351936721107,0.9988103596525633,15430.091922414931,10000,1.1019751753426663,7.141496453921993e-05,0.18479958898212756,0.9135497838808205,2.7415788555433043,2.423000455208199,-0.3246424990392116,16910.210770522575,35,0.8,0.1,uniform,56,1,122
1103,15756.842057415888,14344.413637958434,2984,5.9962419197666074e-05,11379,0.9999302026572061,0.9987116958574799,14326.692978492534,8000,1.1063414255397044,7.721969172557075e-05,0.18937804854086188,0.9103609457840126,2.5484525832625664,2.7996857742600345,-0.30863573176665476,15756.842057386153,35,0.8,0.1,uniform,57,1,122
1103,18281.841776939487,16747.930453735073,3275,5.178314033108425e-05,13166,0.9999402296772375,0.9987663051724982,16730.21105330754,10000,1.0983393794982192,6.564809921551751e-05,0.17913950027349262,0.9160964556022319,2.9848471772213285,4.256591739504822,-0.33008333536248946,18281.841776899757,35,0.8,0.1,uniform,58,1,122
1103,21733.86111498597,20204.10899134639,3405,4.365128032842121e-05,15554,0.9999504691183407,0.998767823886333,20188.924583127493,10000,1.080330354544633,5.3509714943980786e-05,0.1566679745483502,0.9296143416235976,3.609756075647135,2.6598234347940584,-0.33110722715045693,21733.86111492872,35,0.8,0.1,uniform,59,1,122
1103,21445.467733177655,19980.867824366338,3321,4.413556910051913e-05,15334,0.9999499158361526,0.9987187219117465,19965.89103004702,10000,1.0777180499462617,5.397660739500633e-05,0.15485789544530093,0.9317058537946702,3.5735202258345704,2.376691328469712,-0.3150505326646567,21445.467733123238,35,0.8,0.1,uniform,60,1,122
1103,20560.0217578419,19060.925606937333,3335,4.604348155348256e-05,14732,0.9999474942953602,0.9987793946857269,19045.049557538696,10000,1.0836902621295463,5.6899920824560535e-05,0.16220799954785947,0.9270868402494375,3.4168853908604766,2.7284010780651498,-0.3111330602349961,20560.021757791532,35,0.8,0.1,uniform,61,1,122
1102,21767.200774616344,20202.343024503265,3520,4.3369196421118144e-05,15591,0.9999504597540105,0.9988364921804156,20185.108283174824,10000,1.0824508515563143,5.362488145769742e-05,0.16171119274577656,0.9281093712362902,3.6267693445879097,2.4543807858030067,-0.3237208141342246,21767.20077455896,35,0.8,0.1,uniform,62,1,122
1103,15768.961254520405,14346.563265354764,3030,5.967793193105979e-05,11392,0.9999302063885074,0.9986951420800054,14327.458937900952,8000,1.107324849806183,7.72842003635901e-05,0.19214962552662787,0.909797610241582,2.547989323753599,2.370354299686538,-0.31129648848398206,15768.96125449026,35,0.8,0.1,uniform,63,1,122
1100,25657.92689091481,24146.3823743474,3516,3.706904845688474e-05,18266,0.9999585645126935,0.9987137037935097,24133.40223842937,10000,1.0657696203739113,4.41606835768037e-05,0.13703367442538691,0.9410885952324296,4.355390270393564,2.440763117985565,-0.30968734612152043,25657.926890832965,35,0.8,0.1,uniform,64,1,122
1103,16532.884448566965,15018.237452796504,3228,5.683559236059068e-05,11953,0.9999333226628229,0.9988098123859365,14997.099513803407,10000,1.1094031970620926,7.397205103606329e-05,0.19524723650262954,0.9083857991941783,2.670424548026398,2.784972130443081,-0.32737861580583505,16532.884448534765,35,0.8,0.1,uniform,65,1,122
1103,22365.430403556136,20841.613266209923,3429,4.240986569888314e-05,15990,0.9999519858143259,0.9987592646422698,20826.6781717778,10000,1.0774436666659217,5.1732580264869525e-05,0.15331696900654251,0.9318673010154133,3.734547984180065,3.2766842616414595,-0.32083377529300344,22365.43040349397,35,0.8,0.1,uniform,66,1,122
1103,16377.640102244985,14892.580930944141,3150,5.756611877188945e-05,11834,0.9999327666163489,0.9987995427174036,14873.063478710514,10000,1.1079098190755996,7.44885259168329e-05,0.19233540243494604,0.9093239830629031,2.64288069732413,2.5819607643981923,-0.3267729930135446,16377.640102212275,35,0.8,0.1,uniform,67,1,122
1103,15375.033940505891,13887.531994602352,3106,6.124487619623293e-05,11141,0.9999278875426204,0.9987048876840643,13866.729545413331,8000,1.1165904306828751,8.052007984318154e-05,0.20201581421015075,0.9032521195296564,2.466488755962289,5.074719925740942,-0.32136871284610724,15375.033940478303,35,0.8,0.1,uniform,68,1,122
1102,16835.46835755845,15352.815709462779,3174,5.591530589645558e-05,12150,0.9999347846863039,0.9987782434847816,15333.321812249158,10000,1.104331405314155,7.20193190220781e-05,0.18853054352806298,0.9119327947042222,2.728046183839962,2.5532608497885287,-0.3273927195222689,16835.468357525893,35,0.8,0.1,uniform,69,1,122
1103,15700.782651864965,14219.275252633695,3117,5.993022705599014e-05,11365,0.999929573576774,0.9987930266119379,14198.716058127979,10000,1.1132059515296908,7.839911348026642e-05,0.19852513528233304,0.905641175215218,2.5206237195263306,2.4656156539190137,-0.3262996987574803,15700.782651835218,35,0.8,0.1,uniform,70,1,122
1103,15189.313579766706,13778.304485407167,2953,6.218366473625603e-05,10986,0.9999273287499302,0.9987699795479443,13760.099942881046,8000,1.1109210679286023,8.073202273540606e-05,0.1944129986185561,0.9071051442219806,2.443140477583106,3.444890868432802,-0.31104149517105234,15189.313579739184,35,0.8,0.1,uniform,71,1,122
1103,18311.284648160956,16852.825365137127,3171,5.161495546229569e-05,13162,0.9999406056052939,0.998752192517354,16836.105620000053,10000,1.0926518765352373,6.489739683146824e-05,0.17317190251414014,0.9203518862249621,3.0030239136618366,3.1755914452359386,-0.317245288173356,18311.284648121087,35,0.8,0.1,uniform,72,1,122
1103,14957.865581453685,13532.128228891585,3000,6.284247146718522e-05,10833,0.999925993890098,0.9987851114811038,13511.897839410161,8000,1.1146265196380956,8.248917271223337e-05,0.20056337474510477,0.904683101689998,2.3972937949204245,2.657043428098559,-0.3149211790464453,14957.865581427286,35,0.8,0.1,uniform,73,1,122
1103,18931.84927201807,17382.277348620304,3349,4.992400780459605e-05,13622,0.999942411654755,0.9988135016878734,17364.124655707445,10000,1.0956277463697528,6.309538891817106e-05,0.17689766867888274,0.9181499968052204,3.0983834170338107,3.3585734297054692,-0.33440883536408444,18931.84927197439,35,0.8,0.1,uniform,74,1,122
1103,18323.021103623305,16897.176370649326,3113,5.164698107175e-05,13159,0.9999407647539349,0.9987465860066028,16881.34089939497,10000,1.0901670283749254,6.457631217803107e-05,0.16989556374982379,0.9221828799459264,3.013401670355595,2.6549124041193846,-0.3089956285713896,18323.02110358232,35,0.8,0.1,uniform,75,1,122
1103,16558.762590405902,15086.954051390483,3134,5.695195395055149e-05,11955,0.9999336363067235,0.9987275921357385,15067.980222558723,8000,1.1053882703709679,7.335764812643503e-05,0.1892653501666743,0.9111160311055984,2.6769177492519267,2.591887776615004,-0.32557773404360496,16558.762590374856,35,0.8,0.1,uniform,76,1,122
1103,16663.640322661944,15191.56586722408,3159,5.6456609080523325e-05,12028,0.9999340910425017,0.99877310194182,15171.944499133962,10000,1.1047458519539133,7.281264740296988e-05,0.18957442304511787,0.9116594917476768,2.70428829302827,2.665584780253719,-0.3172240048191185,16663.640322628347,35,0.8,0.1,uniform,77,1,122
1103,23807.883797636157,22272.229040453432,3480,3.994144172958968e-05,16992,0.999955073973519,0.9987445275747232,22258.312500479144,10000,1.0727569709261613,4.8194708083668176e-05,0.14617006826728224,0.9354980572723058,3.9924797691097886,2.4144496520427015,-0.32445292310547363,23807.883797567174,35,0.8,0.1,uniform,78,1,122
1103,21826.248915212484,20349.264015132056,3310,4.352263807833627e-05,15601,0.9999508256391504,0.9987118212475921,20335.300659549448,10000,1.0768001369730396,5.2950958498552866e-05,0.15165226113099958,0.9323298792285376,3.6394166778049812,3.4068735353871333,-0.31819871932199123,21826.24891515525,35,0.8,0.1,uniform,79,1,122
1103,16750.17518674124,15281.631984554571,3155,5.618475477389834e-05,12087,0.9999344811729372,0.9987417975351112,15262.28849105474,8000,1.1037979407051663,7.231954638957487e-05,0.1883562389542869,0.9123266959411203,2.7240061298421154,2.9042816890669214,-0.3131969865145357,16750.175186706932,35,0.8,0.1,uniform,80,1,122
1103,17299.338292873137,15805.962125111802,3213,5.4448830169918524e-05,12475,0.9999366578113975,0.9987789383717887,15786.766302736281,10000,1.101892890804941,6.979630730921243e-05,0.18572964731972838,0.9136743762981636,2.8119115718581646,2.4199371974814534,-0.3248678103424927,17299.338292836626,35,0.8,0.1,uniform,81,1,122
1103,15971.03368104907,14537.84723932069,3070,5.881347456347796e-05,11536,0.9999311227843982,0.9987682052928523,14518.08921513639,8000,1.1067682632756988,7.623111629096843e-05,0.19222299954465719,0.9102633886854191,2.577298355429861,3.2736328674165867,-0.31862796932436205,15971.033681019539,35,0.8,0.1,uniform,82,1,122
1102,19391.448444831185,17859.93915989846,3336,4.8800416291435236e-05,13934,0.9999439563283132,0.998767209331026,17842.7277836351,10000,1.0917229387624505,6.118416195310215e-05,0.1720345960484048,0.9210214085198493,3.2009539358805212,4.866146539239519,-0.318365201104381,19391.448444786813,35,0.8,0.1,uniform,83,1,122
1100,32437.878482435208,30886.57649219975,3706,2.9538360454078295e-05,22974,0.9999676134342232,0.9987953790330999,30876.500260100245,10000,1.0521998294286155,3.40771389861674e-05,0.11424914863056665,0.9521762191977052,5.552447548306804,2.878050365190443,-0.34534853938544396,32437.878482307366,35,0.8,0.1,uniform,84,1,122
1103,17064.112603759462,15572.785503956484,3175,5.533925374379131e-05,12310,0.9999357109779116,0.9987486898079939,15554.255184795697,8000,1.1032501561659505,7.092687365901031e-05,0.18606300097319464,0.9126044738198447,2.7681165747891168,2.9543100813205,-0.3260108238919477,17064.11260372607,35,0.8,0.1,uniform,85,1,122
1102,22202.33739543704,20759.585558131963,3262,4.282048423258079e-05,15850,0.9999518001365495,0.9986525600333975,20746.446738413015,8000,1.0733628121517915,5.1735940978675145e-05,0.1469214678572715,0.9350180203278242,3.719377443618515,3.5697142381434595,-0.310084878591899,22202.337395379378,35,0.8,0.1,uniform,86,1,122
1102,19115.349540703366,17657.28286424741,3260,4.9232113443856176e-05,13721,0.9999433112903197,0.9987927002854303,17639.696881725326,10000,1.088334409934406,6.169627340002658e-05,0.17054357248651417,0.9237227300839456,3.1522239824569764,2.6398440947260586,-0.31698646049397367,19115.349540659736,35,0.8,0.1,uniform,87,1,122
1103,19287.40268746374,17794.490569387894,3263,4.907669129496043e-05,13849,0.9999437525145256,0.9987243236150237,17778.072522883973,10000,1.0896045433567874,6.128751572538456e-05,0.16917778162639063,0.9225965184495165,3.1807225988953527,2.788739660441794,-0.3165399010902686,19287.4026874207,35,0.8,0.1,uniform,88,1,122
1103,15992.211850976586,14463.911199902572,3187,5.896156250712594e-05,11582,0.9999307652388063,0.9988071166143064,14443.11159566809,10000,1.1148304143043413,7.718501750590985e-05,0.19928450358825014,0.9044346920041153,2.5665276787133853,3.1469429685268064,-0.33323874938215964,15992.21185094693,35,0.8,0.1,uniform,89,1,122
1103,19185.427953014543,17587.685683552332,3519,4.879148642446074e-05,13818,0.9999430717455665,0.9989223323566281,17565.469827834924,10000,1.0980081923478788,6.250768974414776e-05,0.18342045893467135,0.9167210513429719,3.140629786543156,2.878136549252341,-0.3381422810852591,19185.42795297071,35,0.8,0.1,uniform,90,1,122
1103,15553.529746852884,14094.19721580015,3051,6.073188451294955e-05,11254,0.9999289553194683,0.9988219158932583,14075.149184372962,10000,1.112254846650996,7.901979025027091e-05,0.19616126047641,0.9061735467894021,2.4960474695862254,2.890750780108938,-0.3241755126121526,15553.529746824055,35,0.8,0.1,uniform,91,1,122
1103,15422.904703925145,14007.036089092964,2993,6.108169280463906e-05,11150,0.9999285133961406,0.998748429564284,13988.134871247661,8000,1.1095160875103516,7.931553702356525e-05,0.19406201733440512,0.9081970198213154,2.486460176314034,2.9611513156552123,-0.3100773946554657,15422.904703896793,35,0.8,0.1,uniform,92,1,122
1103,24567.790084637814,22946.663498380247,3708,3.853175548623654e-05,17548,0.9999563908005245,0.9988039896372461,22930.441449687514,10000,1.0747682864266246,4.686978459293439e-05,0.15092932604950107,0.9340141469512452,4.123508676737624,2.7051227339443544,-0.3312130067737901,24567.79008456545,35,0.8,0.1,uniform,93,1,122
1103,15131.448481479747,13677.29412133994,3058,6.210253845089674e-05,10963,0.9999267765855234,0.9987363727147441,13656.333769655537,8000,1.1157882409012692,8.170182483170688e-05,0.2020956555311187,0.9038985354297291,2.427536609558353,2.787468645937029,-0.31615305162977214,15131.448481452511,35,0.8,0.1,uniform,94,1,122
1103,16324.768291965936,14850.452369130237,3145,5.7626652774067066e-05,11794,0.9999325737944125,0.9988239427332889,14830.528839714123,10000,1.1074960267259486,7.467425478551679e-05,0.19265204526962743,0.9096884013011524,2.6375792835360548,2.444270059407683,-0.32248749650646963,16324.76829193452,35,0.8,0.1,uniform,95,1,122
1103,16574.68006032842,15073.779285654102,3209,5.667265909160227e-05,11977,0.9999335701426983,0.9987352151889887,15052.972041815743,8000,1.1079143025880924,7.359858902347455e-05,0.19360856368387813,0.909446169144059,2.679685466347906,3.314596919628126,-0.3256962308953687,16574.68006029666,35,0.8,0.1,uniform,96,1,122
1103,21112.239748003347,19604.817028247362,3370,4.4856172712494756e-05,15117,0.9999489526028041,0.9987891100951614,19589.137370658747,10000,1.081711160011479,5.521853923641902e-05,0.15962304522042536,0.9285995830973572,3.507878030062368,2.582080349744936,-0.32027060963863035,21112.239747951007,35,0.8,0.1,uniform,97,1,122
1103,16456.14465890255,14964.967288266102,3130,5.746600993629629e-05,11889,0.9999330966126668,0.9988264204719077,14946.42629906878,10000,1.1076585956092886,7.410611205505695e-05,0.19020250884259896,0.9093847677238458,2.6651623661474875,5.298705444318273,-0.3187260579451731,16456.14465887102,35,0.8,0.1,uniform,98,1,122
1103,30305.74777692665,28745.8306059733,3701,3.153281156991728e-05,21500,0.999965199278288,0.9987728502185071,28734.53624936422,10000,1.0566057329376637,3.6770642071413746e-05,0.1221220485051936,0.9485273492528372,5.173936122191365,2.4338159987406387,-0.3212130667137398,30305.74777681165,35,0.8,0.1,uniform,99,1,122
1103,14614.641752262725,13115.798124068266,3137,6.393383343521701e-05,10623,0.9999236154256413,0.998787677763102,13091.148515554434,8000,1.1255648957180544,8.597579547259104e-05,0.21464775210889525,0.8974423284811344,2.3250375080744234,2.515045398416706,-0.3249428640448644,14614.64175223787,35,0.8,0.1,uniform,100,1,122
1103,14427.902639065895,12978.523566634834,3042,6.483121026114614e-05,10476,0.9999228155605249,0.998778608339473,12955.4792919884,8000,1.1223804589736375,8.663030660389394e-05,0.21084145603833573,0.8995433287367334,2.3008864429726144,2.4924782879833924,-0.31523370916546717,14427.90263904152,35,0.8,0.1,uniform,101,1,122
1103,30486.247184719577,28908.165558431472,3735,3.1343099095157564e-05,21631,0.9999653946020597,0.9987801262549199,28896.725849707065,10000,1.0569542349065815,3.6576321903792545e-05,0.12251425954035004,0.9482362779280004,5.205728701412232,4.215842106531366,-0.322149301236338,30486.247184606862,35,0.8,0.1,uniform,102,1,122
1103,16803.282292193744,15387.05090279424,3041,5.622550607943861e-05,12104,0.9999349404997646,0.9987777144987474,15370.0453627715,10000,1.0989446126063018,7.149678728270963e-05,0.18097654655321416,0.9157169792917519,2.735702364231649,2.4683319028597275,-0.311130327003149,16803.28229215991,35,0.8,0.1,uniform,103,1,122
1103,20494.899142998733,19016.08091281557,3313,4.612242314876698e-05,14681,0.9999473700839,0.9987782985273838,19000.100302480252,10000,1.0827526648321009,5.698518190727519e-05,0.16164997821576277,0.92784457147776,3.398548683356812,2.6020743368831227,-0.3176614966882709,20494.89914294863,35,0.8,0.1,uniform,104,1,122
1103,15325.80833478357,13833.93927636679,3128,6.130008057874923e-05,11110,0.9999276028578188,0.9988132487093171,13812.199913764049,10000,1.11758558141951,8.091000223788073e-05,0.20410016435483325,0.9026564194313441,2.454021868900827,2.8206405214380643,-0.32490983277763413,15325.808334756714,35,0.8,0.1,uniform,105,1,122
1103,15306.457005504953,13843.732112401885,3102,6.123291791942947e-05,11088,0.9999276539932225,0.9987703260197024,13821.962967983703,8000,1.1151494822174055,8.067661199855426e-05,0.20265957032933019,0.9044373957619977,2.4581003567473494,2.5339184282947222,-0.31732249102738097,15306.457005477638,35,0.8,0.1,uniform,106,1,122
1103,17444.31159186803,15941.219126563486,3209,5.416834425131543e-05,12577,0.9999371992808268,0.9988211545333813,15922.884522293109,10000,1.1015286172529828,6.917678935344786e-05,0.18395681498236544,0.9138348075595464,2.8375812642853853,3.278558657720671,-0.32548520748848236,17444.31159183288,35,0.8,0.1,uniform,107,1,122
1103,15516.094408641316,14103.675603218704,2980,6.0822760337749347e-05,11213,0.999929006879562,0.998742739593655,14085.37189026487,8000,1.1083521836812928,7.868538006394651e-05,0.19205864062933006,0.9089707262520909,2.5048306271030003,2.8681881653254675,-0.30860444245503993,15516.094408612593,35,0.8,0.1,uniform,108,1,122
1103,15027.404777524307,13596.312338144795,3006,6.264055415720315e-05,10882,0.9999263453185134,0.9987789233145038,13576.36951277176,8000,1.114442405813696,8.208390043548681e-05,0.20003453986252603,0.9047678251457018,2.4060704200949155,2.4300725856408723,-0.3187536556074345,15027.404777498461,35,0.8,0.1,uniform,109,1,122
1103,19753.837281911125,18220.676686287763,3373,4.781433995840428e-05,14186,0.9999450657686912,0.9987859151147226,18203.08592310209,10000,1.0899733761708619,5.987684956714381e-05,0.17075163432113036,0.9223866951143058,3.2639479066881845,2.558892996772113,-0.3178902223897641,19753.837281864886,35,0.8,0.1,uniform,110,1,122
1103,15435.526205139126,14010.171877350658,3002,6.107442158457775e-05,11162,0.9999285293950473,0.9986962256697299,13991.266268606338,8000,1.1102432999285496,7.934976029069439e-05,0.19448640494034533,0.9076575486416584,2.492723861505866,3.8790091066211616,-0.30610228629302744,15435.526205110898,35,0.8,0.1,uniform,111,1,122
1103,16344.723060710645,14839.154103616687,3191,5.7588867828412375e-05,11819,0.9999325197394678,0.9987552467505284,14818.648470002383,8000,1.110013710490486,7.490401437828624e-05,0.19523120631333965,0.907886542249649,2.6414727392422055,3.0603024725168586,-0.3222123125583796,16344.723060680226,35,0.8,0.1,uniform,112,1,122
1102,17890.075954756565,16408.838366360975,3190,5.2843755551519944e-05,12878,0.9999389944126202,0.9987310715398857,16391.441175238037,8000,1.0968963937552976,6.69168087959464e-05,0.17831114904528125,0.9172033929793483,2.9281658251317397,2.590965911385514,-0.3186719161963286,17890.075954717657,35,0.8,0.1,uniform,113,1,122
1103,19676.190419901795,18147.04374336044,3359,4.803543890179374e-05,14131,0.9999448431783405,0.9987885554705769,18129.62370292911,10000,1.0900913674368886,6.012597514634865e-05,0.17071394046900898,0.9222844136030175,3.241492936846508,2.9713565736861467,-0.32626597881175395,19676.190419855317,35,0.8,0.1,uniform,114,1,122
1103,20473.746968711523,18971.683009777807,3321,4.627274764946606e-05,14673,0.9999472475326439,0.9987854784093878,18955.959287806978,10000,1.0842519467041927,5.719696542451037e-05,0.16220772900413552,0.9266346330630536,3.3930952331570134,2.7854266881860843,-0.3192795571712706,20473.74696866049,35,0.8,0.1,uniform,115,1,122
1103,19237.44354190098,17778.279252654116,3209,4.919116195109233e-05,13803,0.9999437029184631,0.9987400575105059,17762.41012671656,10000,1.087550513228633,6.122591991881716e-05,0.16681010618747202,0.92414978185284,3.169097655911091,3.40868595169466,-0.3191060688134003,19237.44354185557,35,0.8,0.1,uniform,116,1,122
1103,17297.021680438538,15867.645643058124,3097,5.4544466848570664e-05,12451,0.9999369117389355,0.9988001704331435,15850.30937079653,10000,1.096763205419006,6.919288342957629e-05,0.17904816547131022,0.9173628810908575,2.8254770350969376,2.459267471861891,-0.3108822904518826,17297.021680401744,35,0.8,0.1,uniform,117,1,122
1101,15716.426464310602,14264.83211687426,3074,5.9894571729403335e-05,11366,0.9999298024264416,0.998798575381844,14245.00663075503,10000,1.110365876740188,7.79449903094072e-05,0.19559153647176375,0.9076383966334414,2.5401367622658046,2.6917080460644653,-0.31479992516044664,15716.426464281514,35,0.8,0.1,uniform,118,1,122
1103,14994.254303326888,13527.243648114967,3107,6.23078666351322e-05,10875,0.999925950445214,0.9988249657048668,13503.970113743924,10000,1.118628121446472,8.283391436427978e-05,0.20721270542347855,0.902161813082867,2.397692689865373,2.4607970292684684,-0.3211204204337866,14994.254303299866,35,0.8,0.1,uniform,119,1,122
1102,17275.8521970841,15827.54446585938,3119,5.467903639365091e-05,12442,0.9999367513946575,0.9988029128951298,15810.125297619446,10000,1.0983462432723086,6.94688680702057e-05,0.180541021329555,0.916165772043988,2.815593289891233,2.3583670709168376,-0.3197700852536066,17275.852197048065,35,0.8,0.1,uniform,120,1,122
1103,18450.825553910192,16990.000094077186,3232,5.0984430440928206e-05,13262,0.9999410808246487,0.9987432874511079,16971.903190449328,10000,1.0922104833219939,6.43521409875174e-05,0.17516831377309608,0.920826010979036,3.031172594570454,2.3728946061663283,-0.31439867539694544,18450.825553870207,35,0.8,0.1,uniform,121,1,122
1103,15623.63467106836,14207.431571658806,2999,6.031714664087188e-05,11289,0.9999295245664064,0.9987648513080295,14188.841570459215,8000,1.1078627897788733,7.807711047199e-05,0.19195277303517014,0.909355080989441,2.520633149437256,3.700481667317293,-0.31230151439576886,15623.634671039132,35,0.8,0.1,uniform,122,1,122
1103,15667.329575566633,14178.322542221416,3151,5.986329216953196e-05,11346,0.9999293633218979,0.9988215246094474,14156.451125846543,10000,1.114365001374659,7.871504189049678e-05,0.20111914955271112,0.9049610192877197,2.518230207739924,3.292762158052619,-0.322627376219893,15667.329575538392,35,0.8,0.1,uniform,123,1,122
1103,16722.78808805355,15268.91169179658,3118,5.636287354014526e-05,12062,0.9999344298954865,0.9988047671079295,15250.352611288727,10000,1.1027061926503434,7.230456029993133e-05,0.18645216237760268,0.9130601674432751,2.716876859973297,2.490711942542762,-0.3153603273375458,16722.788088019297,35,0.8,0.1,uniform,124,1,122
1102,17471.416285371623,15913.206334962852,3334,5.3880761290805114e-05,12616,0.9999370790483263,0.9987828734124372,15892.457322957278,10000,1.105903121644494,6.958447687296537e-05,0.19082597229346968,0.910813758601046,2.830581363341516,2.53320964240761,-0.340274586810119,17471.41628533551,35,0.8,0.1,uniform,125,1,122
1103,15427.746620604228,13982.73308889126,3062,6.089882576738956e-05,11164,0.9999283809786345,0.9987874285011377,13962.271069832806,10000,1.1123027476720018,7.966203425057525e-05,0.19847357331566526,0.9063367083185624,2.4764359467528934,2.629203180367534,-0.32097957828354284,15427.746620575945,35,0.8,0.1,uniform,126,1,122
1103,18806.061868307883,17314.368791265428,3246,5.02971026360239e-05,13516,0.999942189826291,0.9987798686714408,17297.49333860332,10000,1.0921876686472902,6.313955884740614e-05,0.17260392009398756,0.9206801994224922,3.0794686339375357,3.3623656877967085,-0.33051538569349187,18806.06186826512,35,0.8,0.1,uniform,127,1,122
1103,28999.10628065105,27460.218286755502,3651,3.2884406866941084e-05,20589,0.999963568653931,0.9987537262321089,27448.38970051067,10000,1.058565991340787,3.85649839675367e-05,0.1259004317121332,0.9469332613563222,4.946256978454916,3.2566476056276947,-0.31196718846201454,28999.106280546872,35,0.8,0.1,uniform,128,1,122
1103,14900.434868814793,13450.719554660107,3041,6.306677222295525e-05,10801,0.9999255407040306,0.99871508145045,13429.656524030348,8000,1.1175016198065229,8.320838385556118e-05,0.2040880032544907,0.9027065097818854,2.3819035348609554,2.4435426680440697,-0.31989789193662294,14900.434868788645,35,0.8,0.1,uniform,129,1,122
1103,18025.344083432446,16501.267537176496,3277,5.2342249390891843e-05,12987,0.9999393313994717,0.9988166318727094,16482.49105278056,10000,1.099377524529383,6.66976958656025e-05,0.1817995809029784,0.9154481301881628,2.9425416863193066,3.081778626390906,-0.3258797249939698,18025.34408339272,35,0.8,0.1,uniform,130,1,122
1100,16333.64510843397,14896.48888709822,3079,5.768040556096685e-05,11788,0.9999327880617149,0.9987509343926511,14877.809198317434,8000,1.1041857385286638,7.421446371335678e-05,0.1885066058163674,0.9120125231205332,2.648534055394752,2.4849425608985087,-0.3212196006784503,16333.645108402612,35,0.8,0.1,uniform,131,1,122
1103,15351.572107189191,13904.855126742885,3074,6.101969879998839e-05,11114,0.9999279740552216,0.9987747619562691,13883.385905896459,8000,1.1132800192594867,8.018504519018518e-05,0.20024007824973417,0.9057609884938882,2.468312321380872,2.511451451687229,-0.3152909618757814,15351.572107160444,35,0.8,0.1,uniform,132,1,122
1103,16889.10613177114,15422.313954629346,3152,5.580240940014119e-05,12182,0.9999350817340122,0.9987496475945872,15403.485063886106,8000,1.1025976998553315,7.157873075686909e-05,0.18662917832404277,0.9131515803324535,2.7444408217143623,2.5447681581046755,-0.3179537624628348,16889.10613173724,35,0.8,0.1,uniform,133,1,122
1103,18030.476906773612,16507.14389476961,3289,5.23109349070599e-05,12990,0.999939352449831,0.998850063950371,16488.212188819518,10000,1.099311937227327,6.667057586445848e-05,0.18241336693453752,0.9155134376156339,2.9385137784665343,2.6136690188294924,-0.33083833517540817,18030.47690673531,35,0.8,0.1,uniform,134,1,122
1103,16745.46124652205,15271.3773793978,3149,5.6275481199090115e-05,12085,0.9999344384219663,0.9987928371824196,15252.33603038676,10000,1.104225684826675,7.239477840269518e-05,0.18805095623472493,0.9119711397958411,2.712432043746439,2.9535817977606307,-0.32391632370406637,16745.461246489536,35,0.8,0.1,uniform,135,1,122
1103,15066.348605426074,13588.090330973644,3090,6.239987708863377e-05,10926,0.9999262923829002,0.9988521960696228,13566.61882563413,10000,1.1186683294649753,8.245437689003084e-05,0.2050928251379469,0.9018834414915873,2.4090924319093037,2.7979000477019307,-0.32279308130909024,15066.348605399444,35,0.8,0.1,uniform,136,1,122
1102,16190.56074757691,14740.585705398875,3051,5.849423267251949e-05,11691,0.9999320814071957,0.998752833407891,14723.008811451395,8000,1.1061292763387964,7.512674390866332e-05,0.18844313347557246,0.910443185706521,2.6113728667828826,3.932580096187393,-0.3270229131710684,16190.560747546271,35,0.8,0.1,uniform,137,1,122
1103,18131.051335340657,16648.12203474239,3196,5.219782789454031e-05,13045,0.9999398736374459,0.9987612335427123,16631.139720400046,10000,1.0954904952284923,6.586785869085277e-05,0.17627218305705336,0.9182105177923262,2.9679981309281245,2.904695057700456,-0.31959050647915865,18131.051335301167,35,0.8,0.1,uniform,138,1,122
1103,21299.65086414921,19742.647600088414,3446,4.448388038654591e-05,15263,0.9999493077870752,0.9987676076666459,19726.395751626736,10000,1.083904821570465,5.494553400530737e-05,0.16178668946166533,0.9269000570013339,3.5345643069856028,2.785830313066879,-0.32756640273232146,21299.65086409435,35,0.8,0.1,uniform,139,1,122
1103,20923.745452865063,19399.705393491226,3403,4.521036710572737e-05,14993,0.9999484104777927,0.9987507990270197,19383.2809887059,10000,1.0836269983900455,5.59037990979825e-05,0.1626381857715647,0.927162177402366,3.472270920265841,2.501145917127709,-0.32169924343553796,20923.745452813106,35,0.8,0.1,uniform,140,1,122
1102,14623.156191809847,13185.259229333216,3021,6.410890791272002e-05,10606,0.9999240353002056,0.9987214738170123,13163.509101928132,8000,1.1191311770653725,8.501446389647777e-05,0.2065901478705401,0.9016698622639366,2.341806886269106,3.0811696334420864,-0.31212345706745026,14623.156191784426,35,0.8,0.1,uniform,141,1,122
1103,16413.50346237079,14998.668449586123,3067,5.722294576648411e-05,11836,0.9999332451968045,0.9987344616921611,14979.695457993108,8000,1.1018442813771547,7.35533981556082e-05,0.18685833935645316,0.9138005474560452,2.666123954619662,2.7595161599364504,-0.31003261153459494,16413.503462340726,35,0.8,0.1,uniform,142,1,122
1102,23863.12397141297,22371.358101558944,3413,3.98428862672522e-05,17016,0.9999552744069695,0.9987381651901618,22358.06323138701,10000,1.0702575483382815,4.786790354492962e-05,0.14302402334617345,0.9374865641379939,4.020787228158516,2.999102654753936,-0.3100882657333877,23863.12397134439,35,0.8,0.1,uniform,143,1,122
1103,18902.29712685004,17434.543337497857,3261,4.981793776935212e-05,13576,0.9999425857554333,0.9987258147508293,17416.780454904787,10000,1.090142493285285,6.258970772218926e-05,0.1725187144248127,0.9223505069514916,3.116569341309426,2.736398977626971,-0.31086440788519765,18902.29712680835,35,0.8,0.1,uniform,144,1,122
1103,16406.433516509565,14912.67724434585,3169,5.742011003385948e-05,11857,0.9999328555787408,0.9987821527844174,14892.770071742192,10000,1.1084663689045464,7.442733282560071e-05,0.1931559346405835,0.9089530170795153,2.6428175646306102,2.4918453815282557,-0.33205705304428235,16406.43351647703,35,0.8,0.1,uniform,145,1,122
1103,18952.908607497924,17490.188323951803,3227,4.9813760135374e-05,13608,0.9999427715549588,0.9987772748933861,17473.327901619654,10000,1.089409328832838,6.234520190256493e-05,0.17026410388130994,0.9228234402519381,3.1254827662428695,2.7989697638178095,-0.31112804199901517,18952.908607453992,35,0.8,0.1,uniform,146,1,122
1103,14711.140533366515,13303.866285357073,2936,6.40967032097351e-05,10654,0.9999247285555608,0.9986852649628469,13284.750561859957,8000,1.1149538189362378,8.392418443445013e-05,0.19957664012119408,0.9043395551271102,2.3598012423544428,2.66162796751486,-0.30767664220413427,14711.140533340551,35,0.8,0.1,uniform,147,1,122
1102,16327.902960827756,14893.84591546706,3068,5.767321503431342e-05,11783,0.999932776285729,0.9987290226640062,14875.202874606803,8000,1.1039706646039849,7.4213008521113e-05,0.1878992058784544,0.9121713885242251,2.649798738257857,2.547763916323355,-0.3135230332115074,16327.902960796198,35,0.8,0.1,uniform,148,1,122
1103,15428.42103366807,13945.008879808063,3126,6.084842361895331e-05,11178,0.9999281805041315,0.9988040602780677,13923.295864573462,10000,1.115912337798972,8.014426153434301e-05,0.20261308614656084,0.9038519787201238,2.479405757538336,3.416747528112473,-0.3181320545451292,15428.42103364031,35,0.8,0.1,uniform,149,1,122
1103,17603.91740018336,16115.250312592647,3212,5.35457676596221e-05,12684,0.9999378772388402,0.9988022037959008,16096.659575796486,10000,1.0994302028249558,6.829963990205352e-05,0.18245938827039396,0.9154354650871511,2.8733030431108335,2.7890831996381404,-0.31870373842065686,17603.91740014617,35,0.8,0.1,uniform,150,1,122
1103,16606.515078412653,15167.910464830464,3083,5.679572750991353e-05,11976,0.9999339947581702,0.9987643608281002,15149.811883049255,10000,1.1022417672867477,7.27537344047144e-05,0.1856500286449438,0.9133710711254357,2.697226220576596,2.816888175203757,-0.3139279187488471,16606.51507837982,35,0.8,0.1,uniform,151,1,122
1102,15012.426806156425,13573.736432154123,3016,6.26657565073641e-05,10874,0.9999262207323828,0.9987990502646851,13553.443158324471,10000,1.1153314462650332,8.228833725597711e-05,0.20090023011890207,0.9041667018544722,2.4082963618252378,2.6460389017021897,-0.31628200589348965,15012.42680613019,35,0.8,0.1,uniform,152,1,122
1103,24770.130819027545,23204.012558146405,3569,3.839227758844075e-05,17668,0.9999568788840976,0.9987912440194606,23189.99446929103,10000,1.071149772445844,4.6189173486623655e-05,0.1440848264417893,0.9367739204801413,4.172815497626566,2.6574236503265776,-0.3185953489653127,24770.13081895421,35,0.8,0.1,uniform,153,1,122
1103,16644.612399848942,15207.823181129048,3084,5.6634088087643496e-05,12002,0.9999341676586367,0.9987315263074109,15189.602295175715,8000,1.1018474095105033,7.253719479320053e-05,0.18528517972746478,0.9136784213291183,2.70323086734319,2.654716113041661,-0.31483121784569873,16644.61239981672,35,0.8,0.1,uniform,154,2,122
1103,16970.929509692105,15442.856738400113,3259,5.546405460100107e-05,12260,0.999935161160721,0.998764020796116,15422.354739067878,10000,1.1071008041526424,7.17831311061829e-05,0.19203426648721766,0.9099593943620289,2.751306289978838,2.8700333187794698,-0.32592480878046787,16970.929509657573,35,0.8,0.1,uniform,155,1,122
1102,15316.362758164774,13888.707006421913,3005,6.15325241104255e-05,11080,0.9999279021145405,0.9988066690304296,13869.532292817636,10000,1.1114912046176457,8.013616555985645e-05,0.19619540536137464,0.9067888522696543,2.4628455762011705,2.6343476316076204,-0.3168935813554412,15316.36275813693,35,0.8,0.1,uniform,156,1,122
1103,15417.453525372064,13879.597640168033,3231,6.070714475696314e-05,11191,0.9999278286388582,0.9988552963574944,13855.411593537161,10000,1.1213188757112251,8.092710953416767e-05,0.20956768215210347,0.9002522768968801,2.4587229683621823,2.8180746091621707,-0.3368261749460166,15417.453525344717,35,0.8,0.1,uniform,157,1,122
1103,15398.024507323244,13964.736144561464,3042,6.1014570188889657e-05,11140,0.9999282900853671,0.9987527053235897,13944.57307240136,8000,1.1114695871206488,7.970338920960157e-05,0.19755781000044753,0.9069173865725364,2.478498862854137,3.34797193362884,-0.3135273397378876,15398.024507295017,35,0.8,0.1,uniform,158,1,122
1100,15468.188069239033,14003.810505851445,3093,6.0741485218504455e-05,11199,0.9999284866132728,0.9987440968903494,13982.8959114375,8000,1.1137429394185927,7.964752954138476e-05,0.19995877902150191,0.9053297285478615,2.4934583720578263,3.6615017983423495,-0.3189394587078602,15468.188069211275,35,0.8,0.1,uniform,159,1,122
1103,17557.972941345128,16109.886120310595,3137,5.375577923869202e-05,12638,0.9999378608984374,0.9987456586587239,16092.426587788968,10000,1.09653098227476,6.813745007420915e-05,0.17866527135447746,0.9175253985256687,2.8666369521623585,2.512372791488259,-0.31703901181015415,17557.972941308406,35,0.8,0.1,uniform,160,2,122
1103,15700.623393630027,14219.294986524175,3149,5.9752771259405916e-05,11366,0.9999295682535898,0.9987441026712489,14197.642890886389,8000,1.1133755536414416,7.841698465349795e-05,0.20056528464198406,0.9056516184123715,2.528960793007148,3.6045383305931025,-0.3179337479903978,15700.623393601465,35,0.8,0.1,uniform,161,1,122
1103,16619.018545327996,15150.222813993272,3141,5.667119938448542e-05,11996,0.9999339127450346,0.9987923618667528,15131.01060911763,10000,1.1047432371764827,7.300944798673337e-05,0.18900033064124658,0.9116195864798745,2.6920871285604235,2.703911049445471,-0.3213341851830932,16619.018545295494,35,0.8,0.1,uniform,162,1,122
1103,17341.1484454514,15882.105464566188,3142,5.4431657608966726e-05,12491,0.9999369675352942,0.9988460621491698,15864.3405125133,10000,1.0987867012653052,6.925923396690966e-05,0.1811875384080545,0.9158623786956901,2.830772464394746,2.8910764597960297,-0.3135880878110172,17341.148445414783,35,0.8,0.1,uniform,163,1,122
1103,15645.58293889238,14191.969743231957,3096,5.9977978185286255e-05,11319,0.9999294362870504,0.9987558056494087,14171.089869426478,8000,1.1113009765720272,7.841752311152929e-05,0.1978833266930468,0.9070911450638904,2.520693525773321,2.5426201442412215,-0.3162208783723441,15645.582938863343,35,0.8,0.1,uniform,164,1,122
1102,15538.271308441643,14064.028826809968,3100,6.050469829577197e-05,11251,0.9999287935807036,0.9988287105768019,14043.177655175872,10000,1.1140012105373955,7.932403729428379e-05,0.19950739296950168,0.9051218470596052,2.50111269954022,2.7845966327512444,-0.3189002420955662,15538.271308413183,35,0.8,0.1,uniform,165,1,122
1103,16371.272932654198,14940.876603381254,3047,5.766588278961281e-05,11810,0.9999329919001522,0.9987050216287643,14923.068969970904,8000,1.1032228419334162,7.392486634679069e-05,0.18611869782724366,0.9126276658414343,2.6588778290944344,3.160867470317947,-0.3096213427320005,16371.272932622789,35,0.8,0.1,uniform,166,1,122
1103,15664.129476396336,14259.647606112536,3001,6.006752890345518e-05,11314,0.9999297817760472,0.9987001799532215,14240.81718656297,8000,1.1065753606645932,7.770175649598462e-05,0.19158421823070917,0.9103377003873622,2.5365569144733278,2.7350278239230645,-0.3037204157834572,15664.12947636617,35,0.8,0.1,uniform,167,1,122
1103,17574.990040764573,16135.134901372869,3139,5.364675286879463e-05,12647,0.9999379576999301,0.9987984942766879,16117.53557496426,10000,1.0958330812481858,6.798800485350176e-05,0.17860607560625638,0.9180736298540135,2.867045259408299,2.300158502774751,-0.3197163073601708,17574.99004072811,35,0.8,0.1,uniform,168,1,122
1103,21154.75430051943,19674.880910063926,3332,4.473138833669658e-05,15138,0.999949135254126,0.9987746157400766,19659.48222543556,10000,1.0798618643294688,5.4926899308274675e-05,0.15750596545185053,0.9300453520077439,3.520634787654182,4.2403771276901665,-0.31522274642843945,21154.754300465658,35,0.8,0.1,uniform,169,1,122
1103,22059.65139213955,20549.795223189503,3401,4.2961517968077796e-05,15774,0.9999513032336914,0.998762485760868,20534.74444447653,10000,1.0778663982983234,5.24886081100002e-05,0.15417288059283968,0.9315557557048227,3.685934605520687,2.3947358311507045,-0.3140021836149282,22059.651392082917,35,0.8,0.1,uniform,170,1,122
1103,21853.06680658789,20337.15951322586,3415,4.331234435071444e-05,15633,0.9999507924836439,0.9987548740090056,20321.59861116001,10000,1.0790910473970967,5.3099390364671124e-05,0.15627097240971707,0.9306318281649585,3.64877189057812,3.385743993435303,-0.3137062248397759,21853.066806529696,35,0.8,0.1,uniform,171,1,122
1103,17059.366545959532,15581.118695644298,3168,5.5260498358387255e-05,12303,0.999935744561915,0.9987603521935652,15562.385095165691,10000,1.1022967591141435,7.082856115670255e-05,0.18570443348321938,0.9133468498767117,2.7718530321271215,2.7186591408474685,-0.32141379397009806,17059.36654592617,35,0.8,0.1,uniform,172,1,122
1103,20502.337799806344,18958.19366922071,3395,4.619985929851761e-05,14707,0.9999472078234815,0.9987440147744931,18941.700638695882,10000,1.0868190522248031,5.7375543248964475e-05,0.16559087227760277,0.9246844849761368,3.3961374764057957,3.3700864398495955,-0.3214215081373333,20502.337799755358,35,0.8,0.1,uniform,173,1,122
1102,22559.827464322494,21069.445649037374,3351,4.2172006950340655e-05,16113,0.9999525083802245,0.9987750862021803,21055.84645733191,10000,1.0747221799596491,5.104029713509712e-05,0.14853837004292159,0.9339364710283311,3.7728331793907417,2.6515857453792355,-0.3215093731068159,22559.82746426154,35,0.8,0.1,uniform,174,1,122
1103,17741.04366895531,16249.535504572634,3215,5.321513395533772e-05,12779,0.9999383927657278,0.9988347289790261,16231.359967382648,10000,1.0986996441482337,6.768784637189141e-05,0.1812182000107391,0.9159289502797044,2.8952021048813377,2.5951766822092335,-0.3216689139614063,17741.043668917733,35,0.8,0.1,uniform,175,1,122
1103,15313.510711389303,13813.706397604268,3147,6.123498057782954e-05,11105,0.9999274919584261,0.9988394246370863,13791.073704868519,10000,1.1185692360622932,8.110526467185812e-05,0.2055048028705425,0.9020600604230115,2.4480885439752598,3.5903036167526405,-0.3286133075864527,15313.510711362844,35,0.8,0.1,uniform,176,1,122
1103,18746.37506540421,17308.94478993815,3175,5.0372541097016706e-05,13457,0.9999421732975678,0.9987376666637217,17292.549018222104,10000,1.0887321553838978,6.295779037779835e-05,0.1693660768507376,0.923322227873335,3.0827655837444086,3.198571075639946,-0.31639580616732105,18746.375065363187,35,0.8,0.1,uniform,177,1,122
1102,17766.01612263089,16269.485618673858,3205,5.322645029467307e-05,12797,0.9999384701912809,0.9987479790809094,16251.785201305016,10000,1.098843868087701,6.761165301578389e-05,0.18040060179374565,0.9157644294800169,2.902082877081359,3.984383855914653,-0.322239468216992,17766.016122593915,35,0.8,0.1,uniform,178,1,122
1103,14788.928564951586,13359.92982501793,3012,6.343502263258678e-05,10718,0.9999250335897365,0.998872819601901,13338.807511414134,10000,1.116623581627059,8.370926153032048e-05,0.20366586982766052,0.9033737478913616,2.3682507558468417,2.440846688275776,-0.31333193951598526,14788.928564925991,35,0.8,0.1,uniform,179,1,122
1103,15310.804590572947,13838.829898824297,3060,6.163221244260097e-05,11091,0.9999276384364815,0.9987535107955179,13818.991328535954,8000,1.11560225279601,8.072672327729538e-05,0.19985886319025195,0.9038603959027103,2.4566122507328467,5.033691419579278,-0.3195989170903839,15310.804590545118,35,0.8,0.1,uniform,180,1,122
1103,20285.858078130783,18727.64438419985,3470,4.63918508600955e-05,14564,0.9999465505411315,0.9988561671134061,18708.763310251474,10000,1.0890492414391009,5.8209092636219053e-05,0.17105512552810578,0.9231871933674441,3.356280357414461,4.534842016697479,-0.3220257310861214,20285.858078080713,35,0.8,0.1,uniform,181,1,122
1103,15882.147733048985,14405.42423905189,3117,5.929531598422702e-05,11489,0.9999304872039994,0.9987809590366791,14385.340552119264,10000,1.1112123917026633,7.724348029795876e-05,0.19625809131052654,0.9070199119906058,2.558370197350212,3.299879925262304,-0.3214390017466132,15882.147733018994,35,0.8,0.1,uniform,182,1,122
1103,14728.37096157979,13297.637118953538,3010,6.368437280378668e-05,10676,0.9999246808893829,0.998739400905568,13276.342906590888,8000,1.1173794094107128,8.416002333875628e-05,0.20436747606723385,0.9028586497204312,2.3578983901245074,2.68278279112797,-0.3127037787885569,14728.370961555549,35,0.8,0.1,uniform,183,1,122
1103,15968.780826069667,14459.662872894243,3189,5.890553409797472e-05,11560,0.9999307426731658,0.9987860988379524,14438.40553262066,10000,1.1134606395974234,7.711530743372226e-05,0.19970215852633103,0.90549573135153,2.565747492206225,2.757812624985152,-0.32977033663142197,15968.780826039625,35,0.8,0.1,uniform,184,1,122
1103,16452.807570925885,15039.11736491665,3055,5.720411409797993e-05,11862,0.9999334279015913,0.9987529761570871,15020.808078530192,8000,1.1013676016369671,7.33203523603803e-05,0.18568259470794257,0.9140760505515547,2.6730481831588446,2.781554993466439,-0.31023514791901236,16452.80757089438,35,0.8,0.1,uniform,185,1,122
1103,16751.686248928527,15274.232449603429,3142,5.639376010465257e-05,12089,0.9999344532298058,0.9988670229756854,15255.781837823268,10000,1.1043559165179442,7.238696347275887e-05,0.18756320726822168,0.9118026819885312,2.7171077206290795,2.950318098878655,-0.3203693870580642,16751.686248894595,35,0.8,0.1,uniform,186,1,122
1103,16083.450909551952,14660.703034731114,3029,5.864591192690321e-05,11609,0.9999317080821778,0.9987382934272686,14642.521187584605,8000,1.1047817983077122,7.54476677816894e-05,0.18833022944106348,0.911539638923145,2.603006212281736,2.4507547591129137,-0.3133040160991263,16083.450909520454,35,0.8,0.1,uniform,187,1,122
1102,16509.01695822696,15004.62437810638,3212,5.6888989243885106e-05,11933,0.9999332627747347,0.998784377868644,14983.641094474531,10000,1.1087248572781476,7.399322055751532e-05,0.1945603428797352,0.9088744905934031,2.671985276348017,2.5411455978290993,-0.32420654909564295,16509.016958194567,35,0.8,0.1,uniform,188,1,122
1103,39383.8961728478,37752.09503576443,4099,2.431729836102071e-05,27813,0.9999735045937704,0.9988248746057962,37741.891691493875,10000,1.0447385021648499,2.768077101867542e-05,0.10407807246927359,0.9585667926321527,6.8038463328062795,2.555581588992535,-0.33738597411264554,39383.89617265787,35,0.8,0.1,uniform,189,1,122
1103,16451.650992322193,14992.526943076504,3117,5.721725812398301e-05,11877,0.9999332164479042,0.9987918164494738,14973.246802120397,10000,1.1052003729929607,7.380920668617592e-05,0.18946426723097093,0.9113083513668843,2.6595910724796736,2.4406308012197906,-0.32348254352942457,16451.650992290175,35,0.8,0.1,uniform,190,1,122
1103,18369.50175058922,16918.293363015746,3188,5.136066555012049e-05,13201,0.9999408342164187,0.9987327177703392,16901.160709580865,8000,1.0918644865813307,6.460101791330729e-05,0.173548528603817,0.9209990337638349,3.009218455612894,2.296315984112426,-0.3216068844685576,18369.501750549203,35,0.8,0.1,uniform,191,1,122
1103,16494.962127292507,15007.158890331142,3169,5.7054000902940266e-05,11917,0.9999332786022012,0.9988022394243452,14987.195591209214,10000,1.1073166673176658,7.388171584953876e-05,0.19211926499404225,0.9098025672638769,2.6697497431575683,3.5749084280156027,-0.3211772064816241,16494.962127260147,35,0.8,0.1,uniform,192,1,122
1102,15920.227793057562,14436.834251271091,3122,5.92159956618883e-05,11517,0.9999306396316103,0.9987574841313364,14416.95513779606,8000,1.1114368582396437,7.708966992952235e-05,0.19610272168099446,0.90682334693519,2.5621081694410712,2.8219254051747504,-0.32722536831367244,15920.227793028636,35,0.8,0.1,uniform,193,1,122
1103,15379.757699212838,13895.07456859657,3129,6.099408267904489e-05,11145,0.9999279205258756,0.9988258815106784,13873.075129610432,10000,1.1165057269208232,8.047714565339774e-05,0.2034492390059011,0.9034651156635416,2.4656432497518694,2.38907142087954,-0.3230707482871505,15379.757699185195,35,0.8,0.1,uniform,194,1,122
1102,16519.535893226046,14993.921355418994,3238,5.68904654349337e-05,11947,0.9999332137869062,0.9987953126322879,14972.65019530381,10000,1.110425238563107,7.416109660744621e-05,0.1960103492573157,0.9076478571996298,2.6709431702774884,3.521293920977797,-0.32715771777935276,16519.535893193195,35,0.8,0.1,uniform,195,1,122
1103,17042.512946838397,15551.530833357703,3192,5.5276283904722144e-05,12296,0.9999356199835352,0.998778515447237,15532.27017568446,10000,1.103485833730988,7.104243614437947e-05,0.18729632243536928,0.9125139515439071,2.7647306271006267,2.449008765658137,-0.32548024267339326,17042.51294680372,35,0.8,0.1,uniform,196,1,122
1103,20541.087983588313,18993.70002822583,3398,4.609875797657417e-05,14735,0.9999473063874984,0.9988267282854443,18977.132246001194,10000,1.0868450698457526,5.7269792959829746e-05,0.1654245385013148,0.9246686467338635,3.403992177862479,4.044614579193855,-0.3205931319359355,20541.08798353826,35,0.8,0.1,uniform,197,1,122
1103,15796.40919362257,14395.78664321241,2975,5.9744710635911955e-05,11403,0.9999304519404506,0.9987168870259868,14378.04637607349,8000,1.1050379260716403,7.685324348693712e-05,0.1883339411846261,0.9113328520904846,2.556641656279105,3.625972233870742,-0.30762111681115517,15796.409193592783,35,0.8,0.1,uniform,198,1,122
1103,17788.079535234876,16287.596181670957,3248,5.293327589091461e-05,12816,0.999938533477468,0.9987797790019669,16268.518621707244,10000,1.0991951269828175,6.756370203995912e-05,0.18259419143962766,0.9156466918988224,2.9092521875243404,2.5596807739126746,-0.31614754687210306,17788.079535196386,35,0.8,0.1,uniform,199,1,122
