rep,kappa,mfpt,sd,mode,ratio,cv,n_states
0,0.0,17472.14835870867,15989.175505660398,3169,0.18137437566001838,0.9151236114413422,1103
1,0.0,22892.101175397456,21107.17554585619,3951,0.17259228280216624,0.9220287549899719,1103
2,0.0,14744.991544846716,13280.092222167628,3048,0.2067142589217189,0.9006510571251524,1103
3,0.0,16383.76285481156,14937.787173352344,3092,0.18872343474453707,0.9117433709048978,1103
4,0.0,17338.807033828198,15885.509945153892,3085,0.1779245823533956,0.9161824059845116,1103
5,0.0,15643.506653146695,14210.299945571125,3045,0.1946494521666277,0.9083832839175301,1103
6,0.0,15702.834011068224,14219.035602886408,3113,0.19824446961648998,0.9055076040964355,1103
7,0.0,20698.009951726475,19234.203647736907,3281,0.1585176549654873,0.9292779205632052,1102
8,0.0,17985.241834986027,16495.326096971665,3250,0.18070371417958334,0.9171589822542122,1103
9,0.0,14605.161534757222,13162.436191981064,3006,0.2058176482914174,0.9012181180370532,1103
10,0.0,17886.511577851124,16319.708037789453,3348,0.18718015446599603,0.9124030679072243,1103
11,0.0,14990.89592928736,13588.775849224061,2968,0.19798683240816103,0.9064685602063309,1103
12,0.0,15047.855163607415,13605.721818922577,3027,0.20115823598041188,0.9041635283563484,1103
13,0.0,25664.93623183074,24093.909759643117,3634,0.14159396178405304,0.9387870494593643,1103
14,0.0,17612.203690075723,16036.084102353467,3358,0.1906632502718666,0.9105098024382728,1103
15,0.0,18966.978190934038,17562.721219264364,3081,0.16244021419672833,0.9259630628804703,1103
16,0.0,15747.976365336503,14307.850523437372,3041,0.193104176019318,0.9085516888970542,1103
17,0.0,23432.566019788,21810.64055357729,3637,0.15521134121327892,0.9307832755131876,1103
18,0.0,15456.58732781566,13984.720068055873,3086,0.19965597415196804,0.9047741116105872,1103
19,0.0,20032.33362095303,18537.952024659277,3329,0.1661813377807365,0.9254015221306673,1103
20,0.0,16685.390356062784,15241.733689927909,3097,0.1856114800978976,0.9134778009187954,1103
21,0.0,26446.276794604993,24838.145446617487,3716,0.14051127229970078,0.9391925237538328,1103
22,0.0,19098.934215218538,17533.394892702298,3355,0.17566425237103792,0.9180300164985763,1103
23,0.0,17141.295930722365,15610.03804633061,3277,0.19117574384365124,0.9106684879264421,1102
24,0.0,16370.537618864808,14896.027647686038,3133,0.19138039769626414,0.9099290441457708,1103
25,0.0,16222.660791892276,14776.390203548432,3076,0.18961131219222163,0.9108487438098528,1103
26,0.0,14783.623413232297,13322.263237472003,3075,0.2080004281797165,0.9011500675502677,1103
27,0.0,15755.74045873638,14288.942155816068,3084,0.19573818241528324,0.9069038800961596,1103
28,0.0,17736.197998790558,16259.015713252254,3198,0.18030921848177797,0.9167137012318518,1103
29,0.0,21778.421003973035,20196.545274324326,3496,0.16052587096935195,0.9273649944888048,1103
30,0.0,17352.614722681592,15849.018764996335,3202,0.18452550530120787,0.913350467251491,1103
31,0.0,19147.11170395816,17667.4751030668,3269,0.17073071127089215,0.9227227258205486,1103
32,0.0,15327.17703633036,13900.900938760982,2993,0.19527405424401528,0.9069446321270614,1102
33,0.0,15333.775511156406,13876.868191401878,3054,0.19916816949472094,0.9049870451869779,1103
34,0.0,15780.045324686544,14277.57846079709,3165,0.20056976611142083,0.9047869107486675,1103
35,0.0,20942.224819330902,19508.302309286806,3216,0.1535653459813612,0.9315296000107638,1102
36,0.0,17231.03848432433,15756.810526247762,3177,0.18437658315778394,0.914443464367065,1100
37,0.0,24827.57528694922,23310.737982940038,3524,0.14193895131806986,0.938905137272647,1103
38,0.0,14945.395234695576,13444.00560177131,3131,0.2094959652008009,0.8995416575241312,1103
39,0.0,16087.99929171786,14647.659861820945,3078,0.19132273343550937,0.9104711901225402,1103
40,0.0,24261.927908850445,22746.37159334034,3505,0.14446502409733977,0.9375335578770206,1103
41,0.0,21123.83104275094,19583.62230726115,3432,0.16247052880958157,0.9270866760687171,1103
42,0.0,16459.530896223154,14931.176330020184,3245,0.19715021165910665,0.9071447068668482,1099
43,0.0,19914.67443263263,18413.85755671528,3293,0.16535545238962163,0.9246376393952955,1103
44,0.0,16857.87313221216,15370.124734176012,3193,0.18940704885830406,0.9117475623189175,1102
45,0.0,15397.289540851603,13893.504806880208,3107,0.2017887623504517,0.9023344511394943,1103
46,0.0,25529.301131143562,24009.877975247407,3558,0.13936926756132562,0.9404831668485203,1102
47,0.0,16234.579473665695,14763.364704578265,3096,0.19070404657059695,0.9093777100001941,1102
48,0.0,14737.386506148398,13240.809027130945,3106,0.21075650005543284,0.8984502796073724,1102
49,0.0,25087.640953262267,23566.46922385699,3517,0.14018854967480182,0.939365692763254,1103
50,0.0,20784.06299225977,19269.711399451782,3386,0.16291328607216918,0.9271388085490335,1103
51,0.0,19109.554964789102,17639.876789167767,3233,0.16918238053984322,0.9230919726634484,1102
52,0.0,19444.311385867586,17939.99981125279,3311,0.17028116523614634,0.9226348753235791,1099
53,0.0,14632.089801923374,13193.696651484694,3017,0.20619064267931286,0.9016959867038539,1093
54,0.0,16886.57940101522,15390.300096488874,3206,0.18985490926642345,0.911392398129109,1103
55,0.0,26095.9380330974,24555.40485227729,3580,0.13718610135644468,0.9409665527690073,1103
56,0.0,16910.210770556565,15448.319394821074,3125,0.18479958898212756,0.9135497838808205,1103
57,0.0,15756.842057415888,14344.413637958434,2984,0.18937804854086188,0.9103609457840126,1103
58,0.0,18281.841776939487,16747.930453735073,3275,0.17913950027349262,0.9160964556022319,1103
59,0.0,21733.86111498597,20204.10899134639,3405,0.1566679745483502,0.9296143416235976,1103
60,0.0,21445.467733177655,19980.867824366338,3321,0.15485789544530093,0.9317058537946702,1103
61,0.0,20560.0217578419,19060.925606937333,3335,0.16220799954785947,0.9270868402494375,1103
62,0.0,21767.200774616344,20202.343024503265,3520,0.16171119274577656,0.9281093712362902,1102
63,0.0,15768.961254520405,14346.563265354764,3030,0.19214962552662787,0.909797610241582,1103
64,0.0,25657.92689091481,24146.3823743474,3516,0.13703367442538691,0.9410885952324296,1100
65,0.0,16532.884448566965,15018.237452796504,3228,0.19524723650262954,0.9083857991941783,1103
66,0.0,22365.430403556136,20841.613266209923,3429,0.15331696900654251,0.9318673010154133,1103
67,0.0,16377.640102244985,14892.580930944141,3150,0.19233540243494604,0.9093239830629031,1103
68,0.0,15375.033940505891,13887.531994602352,3106,0.20201581421015075,0.9032521195296564,1103
69,0.0,16835.46835755845,15352.815709462779,3174,0.18853054352806298,0.9119327947042222,1102
70,0.0,15700.782651864965,14219.275252633695,3117,0.19852513528233304,0.905641175215218,1103
71,0.0,15189.313579766706,13778.304485407167,2953,0.1944129986185561,0.9071051442219806,1103
72,0.0,18311.284648160956,16852.825365137127,3171,0.17317190251414014,0.9203518862249621,1103
73,0.0,14957.865581453685,13532.128228891585,3000,0.20056337474510477,0.904683101689998,1103
74,0.0,18931.84927201807,17382.277348620304,3349,0.17689766867888274,0.9181499968052204,1103
75,0.0,18323.021103623305,16897.176370649326,3113,0.16989556374982379,0.9221828799459264,1103
76,0.0,16558.762590405902,15086.954051390483,3134,0.1892653501666743,0.9111160311055984,1103
77,0.0,16663.640322661944,15191.56586722408,3159,0.18957442304511787,0.9116594917476768,1103
78,0.0,23807.883797636157,22272.229040453432,3480,0.14617006826728224,0.9354980572723058,1103
79,0.0,21826.248915212484,20349.264015132056,3310,0.15165226113099958,0.9323298792285376,1103
80,0.0,16750.17518674124,15281.631984554571,3155,0.1883562389542869,0.9123266959411203,1103
81,0.0,17299.338292873137,15805.962125111802,3213,0.18572964731972838,0.9136743762981636,1103
82,0.0,15971.03368104907,14537.84723932069,3070,0.19222299954465719,0.9102633886854191,1103
83,0.0,19391.448444831185,17859.93915989846,3336,0.1720345960484048,0.9210214085198493,1102
84,0.0,32437.878482435208,30886.57649219975,3706,0.11424914863056665,0.9521762191977052,1100
85,0.0,17064.112603759462,15572.785503956484,3175,0.18606300097319464,0.9126044738198447,1103
86,0.0,22202.33739543704,20759.585558131963,3262,0.1469214678572715,0.9350180203278242,1102
87,0.0,19115.349540703366,17657.28286424741,3260,0.17054357248651417,0.9237227300839456,1102
88,0.0,19287.40268746374,17794.490569387894,3263,0.16917778162639063,0.9225965184495165,1103
89,0.0,15992.211850976586,14463.911199902572,3187,0.19928450358825014,0.9044346920041153,1103
90,0.0,19185.427953014543,17587.685683552332,3519,0.18342045893467135,0.9167210513429719,1103
91,0.0,15553.529746852884,14094.19721580015,3051,0.19616126047641,0.9061735467894021,1103
92,0.0,15422.904703925145,14007.036089092964,2993,0.19406201733440512,0.9081970198213154,1103
93,0.0,24567.790084637814,22946.663498380247,3708,0.15092932604950107,0.9340141469512452,1103
94,0.0,15131.448481479747,13677.29412133994,3058,0.2020956555311187,0.9038985354297291,1103
95,0.0,16324.768291965936,14850.452369130237,3145,0.19265204526962743,0.9096884013011524,1103
96,0.0,16574.68006032842,15073.779285654102,3209,0.19360856368387813,0.909446169144059,1103
97,0.0,21112.239748003347,19604.817028247362,3370,0.15962304522042536,0.9285995830973572,1103
98,0.0,16456.14465890255,14964.967288266102,3130,0.19020250884259896,0.9093847677238458,1103
99,0.0,30305.74777692665,28745.8306059733,3701,0.1221220485051936,0.9485273492528372,1103
0,0.001,19388.4729014307,17891.148116691835,3229,0.16654225510260418,0.9227724229571285,1225
1,0.001,25340.59803740474,23505.291109276226,4119,0.16254549296429502,0.9275744429780444,1225
2,0.001,16402.017792536826,14954.149394035985,3042,0.18546498598386824,0.9117262024212872,1225
3,0.001,18178.01590009567,16743.581254445784,3107,0.170920743885126,0.9210895923112083,1225
4,0.001,19253.43582415675,17760.414427511005,3175,0.16490563185696008,0.9224542876252512,1225
5,0.001,17379.430284933762,15964.460150840408,3053,0.17566743845721153,0.9185836295612065,1225
6,0.001,17395.992174168845,15922.177810299594,3130,0.17992650080906045,0.9152785107561898,1225
7,0.001,22920.575317572046,21468.87405434629,3290,0.14353915442417903,0.9366638383586817,1225
8,0.001,19949.838331520074,18462.62784777664,3288,0.1648133656704912,0.9254525044750016,1225
9,0.001,16236.271297934678,14816.00667273901,3003,0.18495625903848958,0.91252519749554,1225
10,0.001,19839.0223912473,18238.772365957368,3451,0.17395010358587693,0.9193382620508589,1225
11,0.001,16703.51633868759,15308.697265153958,2980,0.1784055488423069,0.9164954824330586,1225
12,0.001,16728.964037382666,15302.51205979284,3027,0.18094366113979585,0.9147316011677552,1225
13,0.001,28398.28699802598,26814.479784645257,3724,0.13113467020946942,0.9442287764226478,1225
14,0.001,19616.9847154528,18010.93013349389,3448,0.1757660542643907,0.9181293860776789,1225
15,0.001,20967.619448122066,19549.091745271293,3124,0.14899163959596742,0.9323467451152248,1225
16,0.001,17497.3659745453,16066.648774560028,3050,0.1743119509780534,0.9182324241221997,1225
17,0.001,26001.72192063142,24349.616727093176,3758,0.14452888972011366,0.93646170055271,1225
18,0.001,17155.982749868133,15691.453499470244,3116,0.1816276016029423,0.9146344880529128,1225
19,0.001,22240.337672046007,20752.18609430686,3367,0.15139158629915944,0.9330877255694903,1225
20,0.001,18563.791744473147,17112.361972022754,3138,0.16903874182569692,0.9218139379912773,1225
21,0.001,29303.93750040781,27670.94312196006,3823,0.130460283705792,0.9442738922567991,1225
22,0.001,21186.9555277847,19585.756672895157,3447,0.1626944463766672,0.9244252505845061,1225
23,0.001,19077.873618067686,17541.891499844685,3337,0.17491467166653712,0.9194888199296828,1225
24,0.001,18150.68203567543,16677.36625278056,3161,0.17415323533225963,0.9188286269353931,1225
25,0.001,18000.19028874206,16556.024982676525,3106,0.17255373138708427,0.9197694422725762,1225
26,0.001,16455.636228040188,15009.738912399751,3084,0.18741299073838935,0.9121336121190716,1225
27,0.001,17520.41498595054,16053.63701504166,3114,0.17773551611061084,0.9162817791653294,1225
28,0.001,19621.428173620636,18139.142789937036,3236,0.16492173614306682,0.9244557852482722,1225
29,0.001,24149.12178339144,22551.58787956033,3576,0.1480799190991448,0.9338471221371779,1225
30,0.001,19276.39471347901,17757.106612281783,3254,0.1688074999691017,0.9211840116484611,1225
31,0.001,21169.40042099075,19691.581875881926,3307,0.15621604458484842,0.9301908171360641,1225
32,0.001,17074.904648970816,15642.28493542909,3022,0.17698488291014555,0.9160979377048483,1225
33,0.001,17032.59289971785,15587.674937230973,3058,0.17953813714708444,0.9151674691578632,1225
34,0.001,17566.170429133002,16060.491393296106,3190,0.18159905785210156,0.9142852995813038,1225
35,0.001,23153.692568248152,21714.649394633496,3249,0.14032318993712134,0.9378482214284866,1225
36,0.001,19174.014491212303,17721.975787745287,3186,0.16616238615341533,0.9242704909745163,1225
37,0.001,27524.91514830178,26010.40669143549,3565,0.12951901870694602,0.9449768165058365,1225
38,0.001,16643.480296385558,15153.476454412374,3150,0.18926329973689945,0.9104752242055547,1225
39,0.001,17891.175886332618,16440.52560786174,3113,0.17399638904551126,0.91891811428789,1225
40,0.001,26807.053169746832,25300.081198942382,3537,0.13194288747827346,0.9437844972641324,1225
41,0.001,23394.46154997055,21836.688768513053,3509,0.14999276612991408,0.9334127533506127,1225
42,0.001,18322.78935214009,16805.561731417758,3291,0.179612390709257,0.9171945061658899,1225
43,0.001,22079.698553757178,20561.18678931352,3352,0.1518136668324038,0.9312258833268691,1225
44,0.001,18761.087904042917,17278.264441925407,3226,0.1719516488862468,0.9209628210420585,1225
45,0.001,17192.52042150977,15645.929754177389,3198,0.18601112120820537,0.9100428192368222,1225
46,0.001,28251.900812987024,26740.73921355106,3624,0.12827455483399175,0.9465111530215587,1225
47,0.001,18006.727807861134,16530.15864049429,3135,0.1741015932184727,0.917999028856191,1225
48,0.001,16428.467174042114,14953.742132307983,3116,0.18967076885440975,0.9102335582430795,1225
49,0.001,27809.2981147743,26274.261945086364,3597,0.1293452278138949,0.9448013335916444,1225
50,0.001,23028.86383154964,21517.67254500938,3427,0.1488132469351352,0.9343783828158331,1225
51,0.001,21211.098451862275,19737.830773377027,3275,0.15440030168321925,0.9305426033532035,1225
52,0.001,21629.73241846038,20158.9199468681,3352,0.15497186627880613,0.9320004314830552,1225
53,0.001,16456.60405714639,15239.619632663931,2998,0.18217610325856376,0.9260488725221547,1225
54,0.001,18759.418598774362,17253.092227944577,3249,0.1731930007794736,0.9197029288035504,1225
55,0.001,28898.392778646725,27350.402478518532,3649,0.12626999805664896,0.946433342781886,1225
56,0.001,18716.200840743393,17243.722808995186,3179,0.16985284711625975,0.921326018871161,1225
57,0.001,17509.137093187812,16097.704307382528,3021,0.17253848570158062,0.9193887866493191,1225
58,0.001,20333.55183813185,18750.616815969963,3383,0.1663752612888715,0.9221515731848982,1225
59,0.001,24040.73906745848,22485.95318119817,3508,0.14591897487662622,0.9353270345850196,1225
60,0.001,23710.447711060646,22260.415852428985,3351,0.1413301022754116,0.9388441805780311,1225
61,0.001,22831.162876804516,21323.884723537165,3384,0.14821846868947702,0.9339815426222253,1225
62,0.001,24127.020600415,22559.299580591123,3588,0.14871293308127256,0.9350221875386923,1225
63,0.001,17482.073641079474,16093.112896470915,3018,0.17263398278498762,0.9205494283387086,1225
64,0.001,28456.631852854785,26961.757588366152,3596,0.12636773102995488,0.9474683345443545,1225
65,0.001,18358.255087847036,16847.8289654554,3251,0.17708654686643538,0.9177249626849601,1225
66,0.001,24776.23274215023,23235.654155424425,3511,0.1417083878949425,0.9378203053402498,1225
67,0.001,18171.164645447716,16682.534422652578,3180,0.17500254177690594,0.9180773356116129,1225
68,0.001,17161.000653638064,15648.287076743518,3169,0.1846628913989456,0.9118516683598018,1225
69,0.001,18656.829597654476,17180.125447242757,3204,0.17173335819086888,0.9208491377014362,1225
70,0.001,17425.830087167524,15961.871463053056,3120,0.17904455537516029,0.9159891599544211,1225
71,0.001,16897.48657570742,15474.981916863837,2987,0.17677185222885425,0.9158156065122349,1225
72,0.001,20297.37361214062,18825.89940853414,3223,0.15878901682492572,0.9275042066168435,1225
73,0.001,16622.28458833807,15208.234896914426,3013,0.18126268889138578,0.9149304848013662,1225
74,0.001,21019.820210595317,19432.857034394794,3447,0.16398808198475906,0.9245015818260618,1225
75,0.001,20331.241804195317,18916.331049496057,3119,0.15340922261602338,0.9304070667042436,1225
76,0.001,18369.002851325506,16907.418618158372,3143,0.17110346301531557,0.9204320318856248,1225
77,0.001,18505.228601301933,17043.87869887027,3171,0.17135697528086222,0.9210304323217683,1225
78,0.001,26336.15665364314,24769.458758211156,3591,0.1363524696191101,0.9405115212505673,1225
79,0.001,24138.586224197483,22624.87234960287,3410,0.14126759406405,0.937290698778489,1225
80,0.001,18621.914934973876,17169.294845774235,3149,0.1691018357132463,0.9219940540877742,1225
81,0.001,19166.4986924974,17676.132177384472,3239,0.16899278537857754,0.9222410655684169,1225
82,0.001,17703.66621810084,16278.638511564672,3084,0.17420120567155814,0.9195066327516291,1225
83,0.001,21644.538311621374,20079.516937306667,3441,0.15897774997364855,0.9276943979223425,1225
84,0.001,35779.33314214963,34212.71530558399,3861,0.10791145784244849,0.956214448426371,1225
85,0.001,18933.819448929164,17437.90943398423,3221,0.17011887161426215,0.9209926967466917,1225
86,0.001,24578.732236573967,23126.616441909373,3317,0.1349540720031196,0.9409198252909157,1225
87,0.001,21170.809830866026,19738.865135192842,3252,0.1536077280926089,0.9323623089001783,1225
88,0.001,21370.639272122247,19866.084776507865,3323,0.15549371067878232,0.9295971226477509,1225
89,0.001,17794.241848601952,16246.987305482586,3240,0.1820813737144164,0.9130474590441215,1225
90,0.001,21312.49237307953,19710.885327585613,3592,0.16853964975664537,0.9248512554300332,1225
91,0.001,17260.306870524346,15787.04288458467,3091,0.1790814047042548,0.9146443920730293,1225
92,0.001,17120.689783715614,15706.411526069473,3018,0.1762779442958296,0.9173936169913355,1225
93,0.001,27227.60122382902,25604.353110271582,3759,0.13805843449441307,0.9403822576872176,1225
94,0.001,16857.35107201283,15426.870310096157,3048,0.18081132598943125,0.9151420198935285,1225
95,0.001,18109.837715685473,16649.161614215314,3158,0.17438035887338524,0.9193435013387766,1225
96,0.001,18410.41236951374,16917.239987464156,3236,0.1757700987381778,0.9188952234159532,1225
97,0.001,23347.031368533815,21827.297994965233,3444,0.14751340098174898,0.9349067832402531,1225
98,0.001,18322.298921486552,16814.281170623177,3191,0.17415936797417467,0.9176949487984325,1225
99,0.001,33463.35012423921,31885.180042101743,3819,0.11412485557546445,0.9528388497780945,1225
0,0.01,19261.689239466632,17636.927228786357,3530,0.18326533857514088,0.9156480000024512,1225
1,0.01,25018.074099666115,23097.258375453668,4293,0.17159594231345301,0.9232228781256155,1225
2,0.01,16349.929390021649,14758.984415407473,3377,0.20654523450486464,0.9026940767349657,1225
3,0.01,18079.06468823069,16505.11567226825,3428,0.18961157886843547,0.9129407940562839,1225
4,0.01,19087.638714786666,17460.106590820473,3515,0.18415059361308148,0.9147337107389093,1225
5,0.01,17306.749679153163,15751.936483084757,3371,0.19477949716118773,0.9101614557965638,1225
6,0.01,17286.500135705464,15678.133108613003,3430,0.19842073138421443,0.9069582035422913,1225
7,0.01,22739.55673229844,21149.13629382568,3630,0.15963371857834327,0.9300593033894199,1225
8,0.01,19668.589426610735,18054.753640804476,3571,0.1815585206719804,0.9179485752230503,1225
9,0.01,16184.453904433336,14621.460078733298,3322,0.20525870193803816,0.9034262240215659,1225
10,0.01,19700.172429184342,17982.120518835847,3724,0.1890338784285548,0.9127900064568304,1225
11,0.01,16634.066270116233,15083.844177246881,3347,0.20121357854711808,0.9068043815808052,1225
12,0.01,16668.4431851409,15095.135366171107,3365,0.20187848154887872,0.9056115918268649,1225
13,0.01,27690.873772444927,25988.69164864671,3971,0.1434046477779089,0.93852912920747,1225
14,0.01,19461.58103450969,17729.317225280953,3744,0.19237902580273716,0.9109905918662492,1225
15,0.01,20718.793707525638,19167.663247540295,3461,0.1670464047693505,0.9251341327163304,1225
16,0.01,17368.454787297604,15797.981196206581,3377,0.1944329556864071,0.909578968864888,1225
17,0.01,25665.701303277943,23892.469770385753,4025,0.15682408021657837,0.9309104585945711,1225
18,0.01,17087.387483747472,15481.671528746714,3425,0.2004402371783083,0.9060291717193151,1225
19,0.01,22073.926483241063,20452.762370767017,3669,0.16621419858336364,0.9265575105677342,1225
20,0.01,18477.28974130992,16890.008376035057,3464,0.18747338210838843,0.914095552567639,1225
21,0.01,28777.339571607485,27020.825559952125,4106,0.1426817093283735,0.9389619041299987,1225
22,0.01,20975.769631209845,19246.84130265997,3758,0.17915909957403767,0.9175749753669394,1225
23,0.01,18982.379207901795,17305.62772787144,3638,0.19165142367852445,0.911668002115753,1225
24,0.01,18041.334826498143,16437.27536885205,3465,0.19205895978998153,0.9110897573227156,1225
25,0.01,17902.48362337821,16329.867956159933,3403,0.19008535751744213,0.9121565644017875,1225
26,0.01,16400.93662058504,14820.034554939555,3386,0.20645162397312025,0.9036090375679355,1225
27,0.01,17447.447118881166,15840.65936590829,3439,0.19710619992528336,0.9079069996874183,1225
28,0.01,19473.824139539556,17868.15944289704,3528,0.18116626578940734,0.9175475404760186,1225
29,0.01,23854.85851287813,22132.04814778873,3855,0.1616022999222093,0.9277794766982442,1225
30,0.01,19148.069543030015,17501.02776142095,3566,0.1862328728223175,0.9139839252250578,1225
31,0.01,20988.772966793273,19384.362659530645,3593,0.1711867580674941,0.9235586420511102,1225
32,0.01,17007.764958341406,15427.98382827387,3378,0.1986151624433915,0.9071141249930822,1225
33,0.01,16959.526079244664,15374.771509462602,3384,0.19953387754987992,0.9065566713139755,1225
34,0.01,17454.452379858598,15812.220574093684,3512,0.20120940626316294,0.905913301086435,1225
35,0.01,22812.07720050093,21239.365202086905,3580,0.15693441542102912,0.9310579223193454,1225
36,0.01,19037.14791184579,17427.19112446709,3533,0.18558452223831307,0.9154307780328317,1225
37,0.01,27098.61319269072,25455.806075194785,3872,0.14288554076429236,0.9393767088443092,1225
38,0.01,16585.11605859785,14952.907466779865,3464,0.2088619692356169,0.9015859409092386,1225
39,0.01,17799.14783843237,16217.646117208082,3432,0.19281821979081148,0.9111473349409757,1225
40,0.01,26420.88119744254,24786.100831945598,3832,0.14503679765120497,0.9381254412644199,1225
41,0.01,23181.51070021361,21502.63380523607,3789,0.16344922679974802,0.9275768988186749,1225
42,0.01,18218.51057673065,16546.808698643083,3605,0.19787567072603832,0.9082415727099709,1225
43,0.01,21870.316413389828,20221.802731208034,3674,0.1679902535726753,0.9246232358498246,1225
44,0.01,18667.898322582478,17049.820920685448,3527,0.18893396241254448,0.9133230011254321,1225
45,0.01,17104.80824695933,15422.645162374705,3526,0.20614086688909866,0.9016555426814763,1225
46,0.01,27580.121926169704,25936.338914189524,3892,0.14111612742027194,0.9403997191752638,1225
47,0.01,17863.0157668185,16247.763120797283,3460,0.19369629659215404,0.9095755908685008,1225
48,0.01,16373.718057936412,14748.263875978724,3438,0.20997063634753296,0.9007278508029627,1225
49,0.01,27388.85860532654,25723.786858802465,3903,0.14250320016040943,0.9392062381818185,1225
50,0.01,22595.574963311323,20958.181639929313,3701,0.16379313232831444,0.9275347794406354,1225
51,0.01,20947.31012873898,19338.03190443346,3589,0.17133464764413914,0.9231749463575447,1225
52,0.01,21402.795277092162,19765.944652527498,3654,0.17072536333190783,0.9235216426932505,1225
53,0.01,16413.889225855204,14883.53615826401,3294,0.20068369870629332,0.9067647498692402,1225
54,0.01,18644.79639560811,17008.431301184908,3552,0.19050891866197553,0.9122347565667889,1225
55,0.01,28468.60560230348,26789.95278527822,3951,0.13878445805158482,0.9410349477429468,1225
56,0.01,18598.62280678775,17002.18881736681,3458,0.1859277450768005,0.914163860087624,1225
57,0.01,17436.17769438486,15884.650228680499,3336,0.19132633645241665,0.9110167668109959,1225
58,0.01,20121.139777312048,18408.49885849589,3703,0.1840353002355952,0.9148835037293822,1225
59,0.01,23535.929888234572,21858.906387291478,3771,0.16022311495264496,0.9287462399443404,1225
60,0.01,23259.864628902906,21672.163634998215,3647,0.15679368982518527,0.9317407465935206,1225
61,0.01,22644.429706780684,21004.42823952027,3711,0.16388136279222665,0.9275759430245519,1225
62,0.01,23912.19892549271,22215.988489275853,3860,0.16142388293219107,0.9290650583201475,1225
63,0.01,17407.449491360458,15876.157876831197,3325,0.1910101765138104,0.9120323965156837,1225
64,0.01,28020.381849312616,26379.158782868475,3872,0.13818512612792913,0.9414275267456998,1225
65,0.01,18261.76165591254,16621.61604074944,3554,0.19461430211193972,0.9101868896294526,1225
66,0.01,24481.22167570473,22817.404224019287,3795,0.15501677368356884,0.9320369925273532,1225
67,0.01,18058.08665784385,16445.287942235827,3479,0.19265606960019957,0.9106882835282288,1225
68,0.01,17089.082194645536,15439.334293661483,3497,0.2046335759971769,0.9034618780462672,1225
69,0.01,18519.85389244993,16911.667665272354,3497,0.18882438383737127,0.9131642054782521,1225
70,0.01,17343.325662520576,15743.280122489045,3423,0.19736699100318467,0.9077428648249813,1225
71,0.01,16835.939874294992,15272.800680801729,3325,0.1974941716842663,0.9071546224823567,1225
72,0.01,20109.43440774,18509.771670674894,3530,0.17553949695578333,0.920452126865915,1225
73,0.01,16565.39435670478,15017.93918077683,3313,0.19999523878881134,0.9065850686916112,1225
74,0.01,20829.63224353958,19117.412918760183,3751,0.18007999162651525,0.9177988691898076,1225
75,0.01,20137.681556907544,18581.264658555003,3465,0.17206548778756758,0.9227112170805648,1225
76,0.01,18203.86990727472,16607.83289634493,3461,0.1901244085806666,0.9123243014227447,1225
77,0.01,18414.14440217829,16822.260432932744,3475,0.18871362818187343,0.9135510217321182,1225
78,0.01,25978.529713229636,24290.58445904425,3875,0.14916163627330478,0.9350253739215351,1225
79,0.01,23407.618127079957,21768.9758758686,3706,0.15832452408784722,0.9299953441518412,1225
80,0.01,18521.285260493467,16930.12455852919,3480,0.18789192818183945,0.9140901573737825,1225
81,0.01,19049.106099904355,17432.85703278454,3531,0.1853630286629423,0.9151535479595061,1225
82,0.01,17607.376685199844,16049.125942103617,3397,0.1929305007062978,0.9115001189015262,1225
83,0.01,21476.680449533444,19770.876883926016,3775,0.17577204302455446,0.9205741515959239,1225
84,0.01,33404.98388807935,31705.61752813493,4057,0.1214489434748014,0.9491283586413931,1225
85,0.01,18791.690387507595,17164.580575815755,3520,0.1873168367194916,0.9134133343973401,1225
86,0.01,24155.97923083012,22569.10223793377,3646,0.15093571513534976,0.9343070724754131,1225
87,0.01,20912.90752163256,19338.5396634036,3576,0.17099487463906887,0.9247178874290716,1225
88,0.01,21196.30045137949,19568.264366796622,3615,0.17054862985605254,0.9231924416094548,1225
89,0.01,17692.646132540543,16012.636222359899,3563,0.20138310421790917,0.9050447345413896,1225
90,0.01,21039.415105983677,19311.65101382506,3843,0.18265716896792622,0.91787965190785,1225
91,0.01,17182.344854431958,15579.651086313312,3408,0.19834312655649858,0.9067243858916466,1225
92,0.01,17062.387924931547,15517.195185953811,3321,0.19463864112170123,0.9094386585408775,1225
93,0.01,26626.113118552566,24882.376391917685,4027,0.1512425032549743,0.9345102787300983,1225
94,0.01,16788.39016480845,15207.459763104578,3396,0.20228264691623857,0.9058319239555325,1225
95,0.01,18022.932360554987,16426.55042993657,3461,0.19203312373156042,0.9114249613391293,1225
96,0.01,18287.964237133325,16669.266002582517,3514,0.1921482322709762,0.9114883311471008,1225
97,0.01,23136.86387609058,21498.207901216265,3716,0.1606094940049364,0.929175536336725,1225
98,0.01,18230.604158054794,16586.300726389836,3506,0.19231397761718996,0.9098053242004897,1225
99,0.01,32347.550149365372,30649.230912006304,4066,0.1256973087985079,0.9474977477578039,1225
0,0.1,18233.753236603057,16695.119643810976,3301,0.18103787833288543,0.9156161886789509,1225
1,0.1,22616.229852664135,20949.250752274405,3680,0.16271500705350786,0.9262927945440312,1225
2,0.1,15911.30021468657,14401.37242595538,3176,0.19960656622319678,0.9051034316266948,1225
3,0.1,17256.69187274657,15752.898877474181,3226,0.18694197148497563,0.912857400111123,1225
4,0.1,17842.789027957653,16306.623700358947,3262,0.18281895251290653,0.9139055376829426,1225
5,0.1,16700.273383400676,15214.000233650993,3181,0.19047592377510247,0.9110030647027029,1225
6,0.1,16496.85700657694,14974.514900070368,3212,0.19470375470427154,0.90771926398467,1225
7,0.1,21152.092441526223,19629.927417555322,3397,0.16059876862730327,0.9280371420378933,1225
8,0.1,17962.761130050698,16443.55528230413,3286,0.1829340142202696,0.9154247035437652,1225
9,0.1,15769.60065727402,14276.692306785051,3143,0.1993075201019902,0.9053299837494402,1225
10,0.1,18567.193517294374,16990.98122540445,3378,0.18193379612560018,0.9151076714732485,1225
11,0.1,16081.834858604265,14593.124403411783,3158,0.19637062734233807,0.9074290671256348,1225
12,0.1,16161.646980725352,14661.089411708586,3172,0.19626712573186259,0.9071531774696999,1225
13,0.1,23062.33885977741,21479.236921294454,3562,0.154450943664366,0.9313555338810837,1225
14,0.1,18254.108563738235,16659.62784337484,3408,0.18669769537637065,0.9126508580358272,1225
15,0.1,18949.39429170614,17467.55519233321,3224,0.17013736430673648,0.921800186509312,1225
16,0.1,16496.685018848042,14999.704145135123,3169,0.1920992003168701,0.9092556551814764,1225
17,0.1,22967.066170517734,21323.049449176153,3658,0.15927154007574926,0.9284185141830624,1225
18,0.1,16511.152843203865,14989.30929511048,3216,0.1947774350186416,0.9078293585829297,1225
19,0.1,20610.10693248413,19068.39585669895,3424,0.1661320832160916,0.9251963572612402,1225
20,0.1,17717.72924907743,16210.535288120354,3244,0.18309344015790943,0.9149330063819799,1225
21,0.1,24767.736035997197,23145.171320366473,3682,0.1486611450739226,0.9344887755072767,1225
22,0.1,19345.88982958346,17752.7110882379,3415,0.1765232837611755,0.9176476887142563,1225
23,0.1,18140.40559061067,16561.881873645256,3386,0.18665514302241218,0.9129829975917162,1225
24,0.1,17164.51148612006,15644.723569900123,3241,0.1888198217945677,0.9114575490570238,1225
25,0.1,17108.481374950945,15608.751904323,3205,0.1873339853934984,0.9123400003916335,1225
26,0.1,15949.06912956866,14443.892579513493,3189,0.19994897345374074,0.905626056428293,1225
27,0.1,16821.456492117417,15293.604377591237,3235,0.19231390584495048,0.909172424204638,1225
28,0.1,18305.56936390454,16785.887657229247,3288,0.17961746693786948,0.9169825490557073,1225
29,0.1,21646.22042862088,20058.202809089198,3502,0.1617834398179562,0.9266376490635757,1225
30,0.1,18095.134130461458,16541.876222499726,3320,0.18347473835030004,0.9141615698030683,1225
31,0.1,19526.901605457304,18006.88780282304,3344,0.17125092692971997,0.9221579627251536,1225
32,0.1,16438.143450052437,14927.36111297998,3187,0.193878342142697,0.9080928852054981,1225
33,0.1,16382.638926673435,14873.536318256374,3187,0.19453520365458815,0.9078840341185808,1225
34,0.1,16654.317068085787,15114.022461557453,3256,0.19550486439575382,0.9075137935568695,1225
35,0.1,20359.755016291612,18864.803185467383,3304,0.1622809310503089,0.9265731915915497,1225
36,0.1,17923.209841465563,16393.886502855494,3292,0.1836724576188311,0.9146735795576102,1225
37,0.1,23769.444498213423,22211.90024214873,3555,0.14956176196154705,0.9344728373361119,1225
38,0.1,16103.60346272714,14566.016232612703,3237,0.20101091084937925,0.9045190578820892,1225
39,0.1,17052.053088805395,15545.288868165335,3224,0.18906814230578153,0.9116373721807585,1225
40,0.1,23517.193554012538,21973.029377741834,3521,0.1497202458241129,0.9343389264231643,1225
41,0.1,21400.098013418523,19818.79481453329,3504,0.16373756782809518,0.9261076655866852,1225
42,0.1,17383.655770504713,15820.658407284338,3327,0.1913866705555114,0.9100881089769189,1225
43,0.1,20148.780782741094,18589.741703511638,3405,0.16899285553380142,0.9226236517216522,1225
44,0.1,17856.973564167733,16319.67476538111,3311,0.18541775783573644,0.913910451104021,1225
45,0.1,16436.06069544988,14889.022141722378,3232,0.1966407924555024,0.9058753443180104,1225
46,0.1,23122.19593501964,21575.433386671455,3518,0.1521481787407495,0.9331048593872721,1225
47,0.1,16846.879800367926,15326.406928885883,3210,0.19053973424383877,0.9097475087672414,1225
48,0.1,15926.412564672783,14394.657805199453,3216,0.20192871350912883,0.9038229888084781,1225
49,0.1,24076.33513072283,22505.86556772382,3569,0.1482368467053669,0.9347712367986191,1225
50,0.1,19866.771225798584,18319.94790653034,3398,0.1710393682687314,0.9221401755882923,1225
51,0.1,19027.30582239259,17506.80278548302,3310,0.17396051920837755,0.9200883692571893,1225
52,0.1,19619.268404377704,18081.09557251152,3367,0.17161700072611838,0.9215988690218965,1225
53,0.1,16036.204983588657,14555.706304398343,3153,0.19661759145800137,0.9076777404189179,1225
54,0.1,17758.738876980577,16223.55317827539,3294,0.1854861441917919,0.9135532252971441,1225
55,0.1,25001.70011363455,23415.493604217176,3624,0.1449501427314405,0.9365560541000032,1225
56,0.1,17642.27171246991,16123.182758776693,3247,0.1840465929172237,0.9138949349351936,1225
57,0.1,16808.19361088139,15315.577400477809,3169,0.18853899909556215,0.9111971074965913,1225
58,0.1,18528.85247405194,16934.692536954393,3391,0.18301187322575985,0.9139633747243641,1225
59,0.1,20477.550228752883,18909.480017894566,3430,0.16750050478127396,0.923424911996721,1225
60,0.1,20368.75772147152,18864.33684445198,3341,0.1640257125979813,0.9261407643219365,1225
61,0.1,21029.8328187518,19478.026735113577,3440,0.16357714441422636,0.9262093000447197,1225
62,0.1,22051.4559500868,20461.159971678593,3549,0.16094175405166525,0.9278824952870313,1225
63,0.1,16766.531939225897,15292.516160241943,3159,0.18841105670812025,0.9120858276281071,1225
64,0.1,24608.29872952149,23053.919210789823,3562,0.14474791773097365,0.9368351491577536,1225
65,0.1,17454.615502741744,15914.510242760587,3300,0.1890617412615959,0.9117651569157029,1225
66,0.1,22134.99603815668,20569.17733343667,3492,0.15775923311576073,0.9292604931114139,1225
67,0.1,17196.39157668316,15669.66719246292,3256,0.18934204803843024,0.9112183287166857,1225
68,0.1,16508.38045725441,14963.51790888737,3248,0.19674855497849308,0.9064194969114509,1225
69,0.1,17472.18116531248,15952.273116357894,3257,0.18641061291569722,0.9130098277613983,1225
70,0.1,16658.301200667098,15135.699039972073,3224,0.19353714170271408,0.9085979931354554,1225
71,0.1,16312.957658633617,14813.32357956506,3150,0.1930980307751161,0.9080709880789228,1225
72,0.1,18643.163854952825,17129.207683617893,3279,0.17588216385969738,0.9187929590109392,1225
73,0.1,16088.972774847123,14604.521952311605,3144,0.1954133457740203,0.9077348912631482,1225
74,0.1,19315.166434047132,17720.26924632179,3439,0.17804661490972312,0.9174277274197341,1225
75,0.1,18686.946768977243,17190.295085898953,3256,0.1742392719502676,0.9199092445876217,1225
76,0.1,17126.115097523547,15614.451419204679,3229,0.18854246754810824,0.9117334159141873,1225
77,0.1,17626.512988827726,16107.97234974448,3272,0.1856294550189197,0.9138490613517405,1225
78,0.1,23209.223482234884,21624.958509511856,3551,0.15299951774423018,0.9317398544619264,1225
79,0.1,19816.55752601104,18283.852517866842,3345,0.16879823832213955,0.9226553347556767,1225
80,0.1,17655.335948692882,16138.24034682052,3268,0.18509984797213375,0.9140715528562524,1225
81,0.1,18070.8044843008,16542.231344294454,3297,0.1824489885253478,0.9154120038576972,1225
82,0.1,16848.471567694243,15364.697859289345,3182,0.1888598610986922,0.9119342248676177,1225
83,0.1,20041.951627499304,18443.461234007562,3473,0.17328651742850937,0.9202427775896598,1225
84,0.1,23321.17381774236,21759.259178105545,3495,0.14986381162945847,0.9330258994747281,1225
85,0.1,17698.673445460066,16165.291501360902,3275,0.18504211686215832,0.9133617585055508,1225
86,0.1,21131.593245067106,19627.23170351787,3346,0.1583411132892727,0.9288098382311798,1225
87,0.1,19037.801108519623,17541.21393056959,3306,0.1736545087930627,0.9213886535835121,1225
88,0.1,19741.4061758379,18209.776906974304,3352,0.169795402117941,0.9224153915267596,1225
89,0.1,16883.769568943368,15321.2275658289,3285,0.19456555519701896,0.9074530129818482,1225
90,0.1,19110.0270180664,17529.854924282354,3435,0.1797485684741623,0.9173118859387184,1225
91,0.1,16540.890487851397,15020.578806941052,3200,0.1934599592658127,0.9080876762936705,1225
92,0.1,16549.262382839985,15065.394832824313,3152,0.19046166089361935,0.9103363330830804,1225
93,0.1,22512.40022346731,20899.5680186746,3607,0.1602228089495318,0.9283580520609497,1225
94,0.1,16232.808951844454,14731.46938635334,3185,0.1962075700791208,0.907512028882683,1225
95,0.1,17280.433885707345,15758.55653343815,3259,0.18859480158629122,0.9119306053114823,1225
96,0.1,17335.5730200315,15811.769357383326,3268,0.1885141031233164,0.9120996080782909,1225
97,0.1,21357.64763643167,19807.12748590835,3450,0.16153464364282438,0.9274021101519412,1225
98,0.1,17462.21666403814,15917.29656385732,3271,0.1873187157697069,0.9115278357894595,1225
99,0.1,25495.62778402969,23912.762335272782,3621,0.14202435141715447,0.9379162002926477,1225
0,0.3,16732.782772194405,15339.200468987989,2998,0.17916924165070183,0.9167154488181014,1225
1,0.3,19296.149441814934,17851.78175031115,3173,0.1644369520233959,0.9251473618682791,1225
2,0.3,15248.863493874884,13874.900786143431,2916,0.19122736597198145,0.9098973698411464,1225
3,0.3,16056.986506598554,14681.846071045013,2953,0.18390748468191565,0.9143587475153926,1225
4,0.3,16298.467859997249,14909.093715258774,2963,0.18179622928068898,0.914754309627561,1225
5,0.3,15772.892182660387,14409.149008145474,2926,0.18550814689627051,0.9135388007017434,1225
6,0.3,15537.194374532277,14155.552018376333,2937,0.1890302669325017,0.911075170790123,1225
7,0.3,18602.834003840908,17211.40372378385,3072,0.16513612922448953,0.9252033168833431,1225
8,0.3,16254.781948978723,14876.412159667005,2969,0.1826539420411321,0.9152021975048198,1225
9,0.3,15162.811626971661,13796.061483303922,2901,0.19132335554704719,0.9098616946980624,1225
10,0.3,16902.58446413291,15499.448127462887,3017,0.1784934136197952,0.9169868761994675,1225
11,0.3,15321.597536349282,13952.864719226169,2914,0.19018904478379392,0.9106664423291434,1225
12,0.3,15401.107965619181,14028.882998056222,2919,0.18953181852346332,0.91090089293405,1225
13,0.3,18680.145858315933,17268.93147471655,3107,0.16632632440698217,0.9244537813407306,1225
14,0.3,16634.731322170144,15218.212152200742,3039,0.18269005619283643,0.9148456838565514,1225
15,0.3,16903.449795338915,15541.109381330307,2947,0.1743431095830289,0.9194045931154083,1225
16,0.3,15520.515436017062,14150.910015457759,2913,0.18768706567824825,0.9117551587635432,1225
17,0.3,19327.477578988415,17875.95646266638,3196,0.16536042983045468,0.924898574561016,1225
18,0.3,15637.563826280782,14254.90973576973,2943,0.18820067068592483,0.9115812343999941,1225
19,0.3,18252.67864258812,16852.71225499908,3081,0.1687971426183578,0.9233007705333418,1225
20,0.3,16467.10163907817,15091.932334657458,2965,0.18005597250725303,0.916489900010255,1225
21,0.3,19957.85639432,18524.368048727825,3187,0.15968648821959755,0.928174232880033,1225
22,0.3,17201.34205639585,15787.897947080774,3038,0.1766141263884932,0.917829428385239,1225
23,0.3,16750.59334033201,15333.561448310084,3049,0.18202340287604205,0.9154040777403388,1225
24,0.3,15961.46170103741,14581.627791552028,2952,0.18494546773295428,0.9135521586099035,1225
25,0.3,15977.663607843577,14605.85787239925,2940,0.18400687811181154,0.9141422820561265,1225
26,0.3,15276.706322362234,13901.194600555975,2929,0.19172980995991873,0.9099601908434433,1225
27,0.3,15845.236077720516,14456.333871251212,2960,0.1868069358816283,0.9123457549223772,1225
28,0.3,16700.23555894943,15318.675192963297,2986,0.1787998731790249,0.9172730012634001,1225
29,0.3,18719.438342133428,17306.15881478525,3103,0.16576352042656187,0.9245020335803991,1225
30,0.3,16573.167038934105,15170.061995524688,3007,0.18143786235520823,0.9153387496720929,1225
31,0.3,17442.44113491913,16058.741088007586,3023,0.173312896779572,0.9206705049936258,1225
32,0.3,15574.06454066775,14193.61512545614,2933,0.18832591789646233,0.9113622900684073,1225
33,0.3,15556.253374851676,14178.702710742571,2930,0.18834869357017892,0.9114471440574463,1225
34,0.3,15667.949384462036,14280.396871363015,2954,0.1885377548468144,0.9114400692106485,1225
35,0.3,17579.966010242944,16213.128858790453,2984,0.16973866720000347,0.9222502961236612,1225
36,0.3,16385.558443420752,14998.374707978952,2985,0.18217261317685263,0.9153410767028943,1225
37,0.3,19565.65328959619,18156.05789731074,3142,0.16058753334194684,0.9279556183776911,1225
38,0.3,15380.647009184631,13992.13515241269,2949,0.19173445683000134,0.9097234429772177,1225
39,0.3,15964.927534397348,14588.750671414384,2952,0.18490531783747516,0.9137999931400933,1225
40,0.3,19775.65787714392,18379.66863492741,3125,0.15802255578115437,0.929408707872624,1225
41,0.3,18689.67997853004,17269.102352983664,3122,0.1670440587311516,0.9239913349410863,1225
42,0.3,16187.126398807539,14784.915023816553,2999,0.185270685241633,0.9133749042020032,1225
43,0.3,17727.727893685555,16320.921841000727,3055,0.17232890860696037,0.9206437474039796,1225
44,0.3,16546.71606852657,15150.77177062533,3011,0.18196964204439386,0.9156361726326797,1225
45,0.3,15531.387214579589,14144.620901354921,2936,0.18903655928711408,0.9107120121296773,1225
46,0.3,18786.046781611985,17391.504483598197,3090,0.16448378075075007,0.9257671231086902,1225
47,0.3,15677.353351080532,14299.390652924365,2927,0.1867024321294807,0.9121048899455217,1225
48,0.3,15262.330667196053,13878.309812755879,2936,0.19236904664308344,0.9093178568450947,1225
49,0.3,19808.445120928875,18394.582166138076,3147,0.15887163181096914,0.9286232237735327,1225
50,0.3,17259.426406703238,15859.003527784638,3041,0.17619357262179539,0.9188604044005366,1225
51,0.3,16843.827579051354,15464.705880808706,2982,0.17703814563553888,0.9181230221117995,1225
52,0.3,17292.217022683053,15905.245396380125,3015,0.17435589641542643,0.9197921455367135,1225
53,0.3,15398.960104877438,14038.639051770018,2911,0.1890387389910813,0.911661498968586,1225
54,0.3,16442.18405875785,15054.924940834268,2986,0.18160604390081142,0.9156280508133183,1225
55,0.3,20369.990016156164,18943.355900010913,3188,0.15650474042802592,0.9299639265893731,1225
56,0.3,16277.107684135954,14891.92714546134,2967,0.1822805413330101,0.9149000814177422,1225
57,0.3,15828.875869577172,14454.916741271083,2930,0.18510474301156216,0.9131991974902769,1225
58,0.3,16616.157086929907,15198.47169084038,3027,0.18217208613061356,0.9146803085290605,1225
59,0.3,17634.81517519391,16227.627005777667,3052,0.1730667415382447,0.9202039740458595,1225
60,0.3,17482.969040342632,16112.602610998041,2995,0.1713095752265488,0.9216170648027565,1225
61,0.3,18482.09382338389,17077.949137443888,3085,0.16691831723615647,0.9240267526310546,1225
62,0.3,19125.351152364157,17699.976050993926,3149,0.1646505716372554,0.9254719513375296,1225
63,0.3,15779.010481517766,14419.349722874766,2918,0.18492921361690615,0.9138310504175408,1225
64,0.3,20207.1312473861,18801.330435591648,3151,0.15593504894009133,0.9304304606832156,1225
65,0.3,16224.368853702505,14833.47847441499,2988,0.1841674105749956,0.9142715262560056,1225
66,0.3,18928.7571859494,17518.436188451113,3108,0.1641946150752588,0.9254932067835309,1225
67,0.3,16031.041986260392,14645.549192507497,2968,0.18514080385690226,0.9135743768283839,1225
68,0.3,15651.147402265944,14261.969405976432,2953,0.188676262774988,0.9112411403084486,1225
69,0.3,16122.265847127881,14743.33962579578,2958,0.18347297011771804,0.9144706932383359,1225
70,0.3,15665.578554484431,14279.388912042665,2952,0.18843861972496126,0.911513664329687,1225
71,0.3,15508.837184615119,14132.55388480766,2915,0.18795735394602645,0.9112581244212982,1225
72,0.3,16749.31924592136,15374.337193366684,2969,0.17726093558835135,0.9179081828719995,1225
73,0.3,15369.067886551416,14002.804504975977,2910,0.18934134597364705,0.9111030420542955,1225
74,0.3,17239.823118578974,15819.617618149523,3062,0.17761203110605878,0.917620645486848,1225
75,0.3,16830.065277637943,15454.232385367333,2976,0.1768264086268401,0.9182514821199966,1225
76,0.3,15912.74514115339,14537.928143228732,2945,0.1850717757292341,0.9136027765335649,1225
77,0.3,16376.113290789495,14990.592304588356,2987,0.18239981288356097,0.9153937835188032,1225
78,0.3,19520.86169290497,18099.62423283026,3144,0.16105846398894955,0.9271939178488585,1225
79,0.3,17128.922093549707,15744.438387193755,2997,0.17496722698789027,0.9191727477774383,1225
80,0.3,16321.886162750257,14939.117324831555,2978,0.1824544032659889,0.9152813085368496,1225
81,0.3,16600.587458439142,15213.452895402723,2992,0.18023458552239213,0.9164406340131506,1225
82,0.3,15791.557061318881,14431.788928628623,2918,0.18478228515841452,0.9138927132131267,1225
83,0.3,17827.451731807138,16398.50453496861,3098,0.17377693944180778,0.9198456841541157,1225
84,0.3,18001.050600162234,16606.245531205812,3038,0.16876792735489674,0.9225153520237396,1225
85,0.3,16270.904287438168,14884.556333063247,2971,0.18259587466774901,0.9147958878078312,1225
86,0.3,17849.244249308256,16480.207059379005,2999,0.16801831820505372,0.9232999912597247,1225
87,0.3,16874.809967589765,15509.229312950798,2979,0.1765353213293395,0.9190757906452435,1225
88,0.3,17588.4181254173,16202.836934782252,3021,0.1717607563373937,0.9212219552233225,1225
89,0.3,15779.795683632896,14380.755580820862,2969,0.18815199255586706,0.9113397834255139,1225
90,0.3,16904.64785911492,15496.227501843048,3041,0.1798913544573071,0.916684430873107,1225
91,0.3,15611.569388476715,14228.270541425261,2935,0.18800159849184644,0.9113927105834407,1225
92,0.3,15700.709560308902,14334.270076991043,2917,0.18578778167925106,0.9129695713388526,1225
93,0.3,18392.66649956991,16963.586265351136,3135,0.17044836865134852,0.922301628518508,1225
94,0.3,15437.524647400855,14068.315800216256,2921,0.1892142728006459,0.9113064511015938,1225
95,0.3,16129.93551317329,14742.335161430621,2978,0.18462566062758728,0.9139735958268762,1225
96,0.3,16072.970422785766,14693.090728864085,2964,0.18440897494579472,0.9141490553628158,1225
97,0.3,18654.894188619466,17252.045359923595,3090,0.1656401783230201,0.9247999578817399,1225
98,0.3,16266.018216445618,14869.967603098023,2980,0.18320402450964285,0.9141737950387803,1225
99,0.3,19628.195403312973,18216.789813205018,3134,0.1596682698334572,0.9280929519445416,1225
0,0.6,15314.750953559116,14053.723640219423,2721,0.17767184123667681,0.917659300032781,1225
1,0.6,16378.653679320001,15100.156184642508,2788,0.17022156122149293,0.9219412340165817,1225
2,0.6,14625.76614731725,13373.866995917357,2684,0.18351175404868045,0.9144045420396986,1225
3,0.6,14977.164288703127,13723.5537301948,2701,0.18034121466086153,0.9162985372702435,1225
4,0.6,15054.932879107635,13796.151683664082,2703,0.17954248097320094,0.9163874588115622,1225
5,0.6,14874.625856253715,13625.651839665372,2690,0.1808448848391738,0.9160332482538888,1225
6,0.6,14738.769832166978,13483.455533957049,2692,0.18264753643989887,0.9148290995446419,1225
7,0.6,16143.890153049348,14881.087076856547,2759,0.1709005681929064,0.9217782663149331,1225
8,0.6,15009.704322681871,13755.581339689395,2704,0.1801501176751269,0.916445856891577,1225
9,0.6,14588.376100906378,13338.945383318782,2678,0.18357080880534848,0.9143543661785654,1225
10,0.6,15367.51110303771,14104.616296594257,2724,0.17725707056502757,0.9178204721652151,1225
11,0.6,14650.121025978739,13398.018468952048,2686,0.18334319527033088,0.9145329547239669,1225
12,0.6,14691.168264847358,13438.578196620272,2687,0.18289900105693999,0.9147385663518502,1225
13,0.6,15915.142838678297,14648.784004987394,2756,0.17316841123801546,0.9204305706504063,1225
14,0.6,15230.115016225256,13960.917908445472,2735,0.179578420588833,0.916665297246432,1225
15,0.6,15308.601524672906,14059.554015041018,2699,0.17630611102196475,0.9184087777306899,1225
16,0.6,14731.444466549676,13479.864985838183,2684,0.1821953038002819,0.9150402743224928,1225
17,0.6,16338.489725797534,15053.479768689973,2802,0.17149687927249502,0.921350750364729,1225
18,0.6,14807.70634002207,13551.321896590822,2696,0.1820673599336102,0.9151533387695899,1225
19,0.6,15981.695796579312,14716.203346012713,2760,0.17269756821367757,0.9208161344907176,1225
20,0.6,15202.664159034277,13948.81452119705,2708,0.17812667382978098,0.9175243480536851,1225
21,0.6,16477.249915762462,15201.794159039186,2791,0.16938506208673051,0.92259292277268,1225
22,0.6,15432.063899712666,14165.423821180862,2731,0.17696919982626882,0.917921537471382,1225
23,0.6,15340.759486882294,14069.451751089526,2744,0.17886989248129226,0.9171287616574754,1225
24,0.6,14924.849137098623,13670.697237169923,2698,0.18077234652198895,0.9159688725555516,1225
25,0.6,14953.476036830549,13701.11014886792,2697,0.1803594022792603,0.9162491794631535,1225
26,0.6,14641.20731107072,13386.859392475395,2692,0.1838646187302113,0.9143275624786168,1225
27,0.6,14904.842445970255,13645.246681057537,2705,0.18148464231041483,0.9154908366540119,1225
28,0.6,15275.07128394497,14018.89689395149,2716,0.17780604420842747,0.9177631078348031,1225
29,0.6,16164.259743572027,14895.952865583386,2765,0.1710563950260417,0.9215363463524519,1225
30,0.6,15204.630258072848,13938.437305723035,2726,0.17928749030596383,0.9167232000477268,1225
31,0.6,15587.864671095584,14329.930693580036,2733,0.1753286968848128,0.9193004299140394,1225
32,0.6,14769.33923822151,13513.085966448189,2694,0.18240491037190135,0.9149418094126873,1225
33,0.6,14773.945244606555,13519.093515598941,2692,0.18221266936011923,0.9150631934644732,1225
34,0.6,14812.462592135478,13555.570792311886,2698,0.18214391990650325,0.9151463308679729,1225
35,0.6,15543.941478548773,14294.110274474244,2711,0.1744087883849333,0.9195936754008407,1225
36,0.6,15092.955242390215,13835.238752587135,2712,0.17968647997994797,0.9166686397988748,1225
37,0.6,16366.590787463972,15096.73021917405,2781,0.16991932138549667,0.9224114181884124,1225
38,0.6,14689.450427062608,13431.443531567425,2697,0.1836011505938489,0.9143598392777489,1225
39,0.6,14951.77488433345,13697.568186688435,2702,0.18071433130197606,0.9161165341675135,1225
40,0.6,16599.187202824407,15337.433087219399,2775,0.16717686029396817,0.9239869940505089,1225
41,0.6,16160.350061626628,14887.108174917035,2775,0.17171657726581951,0.9212119860118033,1225
42,0.6,15065.983409328188,13802.205063141528,2719,0.18047278601916658,0.9161171022261856,1225
43,0.6,15671.202768867859,14404.181344565262,2743,0.17503442718826895,0.9191497013350093,1225
44,0.6,15238.666166291438,13975.58453274658,2729,0.17908391523377953,0.9171133733253605,1225
45,0.6,14737.29533281651,13480.865131150209,2691,0.182597955678324,0.9147448583140948,1225
46,0.6,15978.147280479994,14717.501516627171,2751,0.1721726525428146,0.9211018811052697,1225
47,0.6,14775.212181810737,13521.645100880874,2687,0.1818586404673007,0.9151574227493608,1225
48,0.6,14633.854025548595,13378.371287618298,2691,0.18388867316169089,0.914206965865697,1225
49,0.6,16486.42781349369,15215.978376047604,2782,0.1687448628333549,0.9229396779085001,1225
50,0.6,15436.425477183133,14170.790437858268,2738,0.17737266986110797,0.9180098371092696,1225
51,0.6,15250.012768019991,13995.679788400561,2709,0.1776391955343738,0.9177487259387856,1225
52,0.6,15445.535257855932,14188.980506206817,2722,0.17623215735534528,0.9186460857023389,1225
53,0.6,14723.758904490604,13476.576032802606,2684,0.18229040677794622,0.9152945331570447,1225
54,0.6,15175.048019296784,13916.98302926617,2715,0.17891211919379574,0.9170964738674406,1225
55,0.6,16710.126197481553,15433.159004304209,2802,0.16768275516807887,0.9235812358275426,1225
56,0.6,15065.187988415015,13806.376454814135,2708,0.17975215457533128,0.9164423613851421,1225
57,0.6,14892.121653768105,13636.851579428438,2696,0.18103531939103115,0.9157091176446271,1225
58,0.6,15161.6794129527,13893.08704433508,2726,0.1797953858377433,0.9163290336073288,1225
59,0.6,15612.861800971948,14346.433410169073,2741,0.17556038315982303,0.918885569670255,1225
60,0.6,15494.428865156602,14243.630185110964,2714,0.17515973151505831,0.9192742958820252,1225
61,0.6,16069.805197176378,14802.773311700032,2761,0.1718129103696375,0.9211544962785874,1225
62,0.6,16361.112476906206,15085.215850127459,2789,0.17046518101606403,0.9220165114945771,1225
63,0.6,14857.198390743872,13609.535504576921,2687,0.18085509322363347,0.9160230042465979,1225
64,0.6,16699.16315206892,15431.495625733955,2787,0.1668945907420941,0.9240879608881534,1225
65,0.6,15062.533577751663,13803.11248393712,2714,0.18018217094690853,0.91638716771561,1225
66,0.6,16200.531484326428,14931.474691726811,2769,0.17092031842775848,0.921665730915841,1225
67,0.6,14977.816962345323,13720.398615336399,2707,0.1807339485323848,0.9160479561093507,1225
68,0.6,14823.443429543928,13566.343548393968,2699,0.18207645293945307,0.9151951510372758,1225
69,0.6,14992.830957360557,13738.795828413873,2700,0.1800860696474715,0.9163576823807895,1225
70,0.6,14790.170198788093,13531.706911279758,2701,0.18262129263538293,0.9149121835250108,1225
71,0.6,14744.737032116138,13489.197227251518,2688,0.18230233568392254,0.9148482741923525,1225
72,0.6,15231.70990255945,13979.84165926922,2703,0.1774587368911092,0.9178117065451808,1225
73,0.6,14684.500621185463,13433.108884509098,2685,0.1828458501425868,0.9147814577452521,1225
74,0.6,15468.872758831547,14198.298825861273,2743,0.17732384529661066,0.9178625389982038,1225
75,0.6,15288.40127876623,14032.659755445648,2713,0.17745478749096114,0.9178631237875304,1225
76,0.6,14906.713156207394,13654.507160306599,2696,0.18085811216387043,0.9159971763876494,1225
77,0.6,15151.572587738474,13892.722792963623,2719,0.17945331973001744,0.9169162284980514,1225
78,0.6,16435.33015435136,15161.921570385295,2783,0.16933033738072995,0.9225200484561656,1225
79,0.6,15365.840603058658,14109.246968249567,2716,0.1767557057346648,0.9182216146014843,1225
80,0.6,15091.977750820777,13835.31977810432,2712,0.17969811808478897,0.9167333802457989,1225
81,0.6,15229.313924766353,13970.758359790545,2718,0.1784715984861215,0.917359667599398,1225
82,0.6,14853.618180887643,13607.187558291867,2684,0.18069671424929584,0.9160857235310131,1225
83,0.6,15765.211535312359,14488.574306351882,2764,0.17532273473203583,0.919021877625876,1225
84,0.6,15537.435107547939,14277.65480476214,2725,0.17538287247141715,0.9189196740603724,1225
85,0.6,15059.83030702072,13802.74578773391,2707,0.1797497013454413,0.9165273118183296,1225
86,0.6,15609.282730078596,14360.129099217218,2714,0.173870897653113,0.9199736687160969,1225
87,0.6,15262.54571682413,14014.57430334339,2706,0.17729676622800455,0.9182330761437076,1225
88,0.6,15647.249116626752,14390.351115731695,2729,0.1744076533619042,0.9196729091786825,1225
89,0.6,14837.870145575787,13575.995032281846,2704,0.18223639737177863,0.9149557786317334,1225
90,0.6,15276.843972864252,14010.640979744714,2732,0.17883274875705746,0.9171161926266543,1225
91,0.6,14776.393938670424,13519.023814311333,2694,0.18231782471294924,0.9149068352144766,1225
92,0.6,14844.009366628336,13592.7525037732,2689,0.18115051894573,0.9157062736925943,1225
93,0.6,15773.689029833384,14499.526676188667,2767,0.17541869849004038,0.9192222978889184,1225
94,0.6,14707.293394128706,13457.039970214557,2686,0.18263047645954197,0.9149909238627644,1225
95,0.6,15029.704240692909,13769.703569038773,2715,0.18064227722120707,0.9161659703028164,1225
96,0.6,14984.280510076256,13729.769422494965,2703,0.18038904158143287,0.9162781898845467,1225
97,0.6,16147.417503369448,14881.219926348724,2763,0.17111095315541636,0.9215851341704325,1225
98,0.6,15097.562582990902,13834.804031808699,2715,0.17983035242117507,0.9163601048685274,1225
99,0.6,16211.207714808184,14945.001677426748,2765,0.17056101239602903,0.9218931704745961,1225
0,1.0,14100.808049937992,12948.447496058212,2493,0.17679837858731529,0.918276984567218,1225
1,1.0,14100.808049937992,12948.447496058212,2493,0.17679837858731529,0.918276984567218,1225
2,1.0,14100.808049937992,12948.447496058212,2493,0.17679837858731529,0.918276984567218,1225
3,1.0,14100.808049937992,12948.447496058212,2493,0.17679837858731529,0.918276984567218,1225
4,1.0,14100.808049937992,12948.447496058212,2493,0.17679837858731529,0.918276984567218,1225
5,1.0,14100.808049937992,12948.447496058212,2493,0.17679837858731529,0.918276984567218,1225
6,1.0,14100.808049937992,12948.447496058212,2493,0.17679837858731529,0.918276984567218,1225
7,1.0,14100.808049937992,12948.447496058212,2493,0.17679837858731529,0.918276984567218,1225
8,1.0,14100.808049937992,12948.447496058212,2493,0.17679837858731529,0.918276984567218,1225
9,1.0,14100.808049937992,12948.447496058212,2493,0.17679837858731529,0.918276984567218,1225
10,1.0,14100.808049937992,12948.447496058212,2493,0.17679837858731529,0.918276984567218,1225
11,1.0,14100.808049937992,12948.447496058212,2493,0.17679837858731529,0.918276984567218,1225
12,1.0,14100.808049937992,12948.447496058212,2493,0.17679837858731529,0.918276984567218,1225
13,1.0,14100.808049937992,12948.447496058212,2493,0.17679837858731529,0.918276984567218,1225
14,1.0,14100.808049937992,12948.447496058212,2493,0.17679837858731529,0.918276984567218,1225
15,1.0,14100.808049937992,12948.447496058212,2493,0.17679837858731529,0.918276984567218,1225
16,1.0,14100.808049937992,12948.447496058212,2493,0.17679837858731529,0.918276984567218,1225
17,1.0,14100.808049937992,12948.447496058212,2493,0.17679837858731529,0.918276984567218,1225
18,1.0,14100.808049937992,12948.447496058212,2493,0.17679837858731529,0.918276984567218,1225
19,1.0,14100.808049937992,12948.447496058212,2493,0.17679837858731529,0.918276984567218,1225
20,1.0,14100.808049937992,12948.447496058212,2493,0.17679837858731529,0.918276984567218,1225
21,1.0,14100.808049937992,12948.447496058212,2493,0.17679837858731529,0.918276984567218,1225
22,1.0,14100.808049937992,12948.447496058212,2493,0.17679837858731529,0.918276984567218,1225
23,1.0,14100.808049937992,12948.447496058212,2493,0.17679837858731529,0.918276984567218,1225
24,1.0,14100.808049937992,12948.447496058212,2493,0.17679837858731529,0.918276984567218,1225
25,1.0,14100.808049937992,12948.447496058212,2493,0.17679837858731529,0.918276984567218,1225
26,1.0,14100.808049937992,12948.447496058212,2493,0.17679837858731529,0.918276984567218,1225
27,1.0,14100.808049937992,12948.447496058212,2493,0.17679837858731529,0.918276984567218,1225
28,1.0,14100.808049937992,12948.447496058212,2493,0.17679837858731529,0.918276984567218,1225
29,1.0,14100.808049937992,12948.447496058212,2493,0.17679837858731529,0.918276984567218,1225
30,1.0,14100.808049937992,12948.447496058212,2493,0.17679837858731529,0.918276984567218,1225
31,1.0,14100.808049937992,12948.447496058212,2493,0.17679837858731529,0.918276984567218,1225
32,1.0,14100.808049937992,12948.447496058212,2493,0.17679837858731529,0.918276984567218,1225
33,1.0,14100.808049937992,12948.447496058212,2493,0.17679837858731529,0.918276984567218,1225
34,1.0,14100.808049937992,12948.447496058212,2493,0.17679837858731529,0.918276984567218,1225
35,1.0,14100.808049937992,12948.447496058212,2493,0.17679837858731529,0.918276984567218,1225
36,1.0,14100.808049937992,12948.447496058212,2493,0.17679837858731529,0.918276984567218,1225
37,1.0,14100.808049937992,12948.447496058212,2493,0.17679837858731529,0.918276984567218,1225
38,1.0,14100.808049937992,12948.447496058212,2493,0.17679837858731529,0.918276984567218,1225
39,1.0,14100.808049937992,12948.447496058212,2493,0.17679837858731529,0.918276984567218,1225
40,1.0,14100.808049937992,12948.447496058212,2493,0.17679837858731529,0.918276984567218,1225
41,1.0,14100.808049937992,12948.447496058212,2493,0.17679837858731529,0.918276984567218,1225
42,1.0,14100.808049937992,12948.447496058212,2493,0.17679837858731529,0.918276984567218,1225
43,1.0,14100.808049937992,12948.447496058212,2493,0.17679837858731529,0.918276984567218,1225
44,1.0,14100.808049937992,12948.447496058212,2493,0.17679837858731529,0.918276984567218,1225
45,1.0,14100.808049937992,12948.447496058212,2493,0.17679837858731529,0.918276984567218,1225
46,1.0,14100.808049937992,12948.447496058212,2493,0.17679837858731529,0.918276984567218,1225
47,1.0,14100.808049937992,12948.447496058212,2493,0.17679837858731529,0.918276984567218,1225
48,1.0,14100.808049937992,12948.447496058212,2493,0.17679837858731529,0.918276984567218,1225
49,1.0,14100.808049937992,12948.447496058212,2493,0.17679837858731529,0.918276984567218,1225
50,1.0,14100.808049937992,12948.447496058212,2493,0.17679837858731529,0.918276984567218,1225
51,1.0,14100.808049937992,12948.447496058212,2493,0.17679837858731529,0.918276984567218,1225
52,1.0,14100.808049937992,12948.447496058212,2493,0.17679837858731529,0.918276984567218,1225
53,1.0,14100.808049937992,12948.447496058212,2493,0.17679837858731529,0.918276984567218,1225
54,1.0,14100.808049937992,12948.447496058212,2493,0.17679837858731529,0.918276984567218,1225
55,1.0,14100.808049937992,12948.447496058212,2493,0.17679837858731529,0.918276984567218,1225
56,1.0,14100.808049937992,12948.447496058212,2493,0.17679837858731529,0.918276984567218,1225
57,1.0,14100.808049937992,12948.447496058212,2493,0.17679837858731529,0.918276984567218,1225
58,1.0,14100.808049937992,12948.447496058212,2493,0.17679837858731529,0.918276984567218,1225
59,1.0,14100.808049937992,12948.447496058212,2493,0.17679837858731529,0.918276984567218,1225
60,1.0,14100.808049937992,12948.447496058212,2493,0.17679837858731529,0.918276984567218,1225
61,1.0,14100.808049937992,12948.447496058212,2493,0.17679837858731529,0.918276984567218,1225
62,1.0,14100.808049937992,12948.447496058212,2493,0.17679837858731529,0.918276984567218,1225
63,1.0,14100.808049937992,12948.447496058212,2493,0.17679837858731529,0.918276984567218,1225
64,1.0,14100.808049937992,12948.447496058212,2493,0.17679837858731529,0.918276984567218,1225
65,1.0,14100.808049937992,12948.447496058212,2493,0.17679837858731529,0.918276984567218,1225
66,1.0,14100.808049937992,12948.447496058212,2493,0.17679837858731529,0.918276984567218,1225
67,1.0,14100.808049937992,12948.447496058212,2493,0.17679837858731529,0.918276984567218,1225
68,1.0,14100.808049937992,12948.447496058212,2493,0.17679837858731529,0.918276984567218,1225
69,1.0,14100.808049937992,12948.447496058212,2493,0.17679837858731529,0.918276984567218,1225
70,1.0,14100.808049937992,12948.447496058212,2493,0.17679837858731529,0.918276984567218,1225
71,1.0,14100.808049937992,12948.447496058212,2493,0.17679837858731529,0.918276984567218,1225
72,1.0,14100.808049937992,12948.447496058212,2493,0.17679837858731529,0.918276984567218,1225
73,1.0,14100.808049937992,12948.447496058212,2493,0.17679837858731529,0.918276984567218,1225
74,1.0,14100.808049937992,12948.447496058212,2493,0.17679837858731529,0.918276984567218,1225
75,1.0,14100.808049937992,12948.447496058212,2493,0.17679837858731529,0.918276984567218,1225
76,1.0,14100.808049937992,12948.447496058212,2493,0.17679837858731529,0.918276984567218,1225
77,1.0,14100.808049937992,12948.447496058212,2493,0.17679837858731529,0.918276984567218,1225
78,1.0,14100.808049937992,12948.447496058212,2493,0.17679837858731529,0.918276984567218,1225
79,1.0,14100.808049937992,12948.447496058212,2493,0.17679837858731529,0.918276984567218,1225
80,1.0,14100.808049937992,12948.447496058212,2493,0.17679837858731529,0.918276984567218,1225
81,1.0,14100.808049937992,12948.447496058212,2493,0.17679837858731529,0.918276984567218,1225
82,1.0,14100.808049937992,12948.447496058212,2493,0.17679837858731529,0.918276984567218,1225
83,1.0,14100.808049937992,12948.447496058212,2493,0.17679837858731529,0.918276984567218,1225
84,1.0,14100.808049937992,12948.447496058212,2493,0.17679837858731529,0.918276984567218,1225
85,1.0,14100.808049937992,12948.447496058212,2493,0.17679837858731529,0.918276984567218,1225
86,1.0,14100.808049937992,12948.447496058212,2493,0.17679837858731529,0.918276984567218,1225
87,1.0,14100.808049937992,12948.447496058212,2493,0.17679837858731529,0.918276984567218,1225
88,1.0,14100.808049937992,12948.447496058212,2493,0.17679837858731529,0.918276984567218,1225
89,1.0,14100.808049937992,12948.447496058212,2493,0.17679837858731529,0.918276984567218,1225
90,1.0,14100.808049937992,12948.447496058212,2493,0.17679837858731529,0.918276984567218,1225
91,1.0,14100.808049937992,12948.447496058212,2493,0.17679837858731529,0.918276984567218,1225
92,1.0,14100.808049937992,12948.447496058212,2493,0.17679837858731529,0.918276984567218,1225
93,1.0,14100.808049937992,12948.447496058212,2493,0.17679837858731529,0.918276984567218,1225
94,1.0,14100.808049937992,12948.447496058212,2493,0.17679837858731529,0.918276984567218,1225
95,1.0,14100.808049937992,12948.447496058212,2493,0.17679837858731529,0.918276984567218,1225
96,1.0,14100.808049937992,12948.447496058212,2493,0.17679837858731529,0.918276984567218,1225
97,1.0,14100.808049937992,12948.447496058212,2493,0.17679837858731529,0.918276984567218,1225
98,1.0,14100.808049937992,12948.447496058212,2493,0.17679837858731529,0.918276984567218,1225
99,1.0,14100.808049937992,12948.447496058212,2493,0.17679837858731529,0.918276984567218,1225
