rep,Delta,H,cond_mean,mode,ratio
0,1e-05,0.9861451132483562,13936.37621575017,2486,0.1783820959992779
1,1e-05,0.9863901513940512,13940.426086815249,2486,0.17833027373182234
2,1e-05,0.9859252601751495,13932.361936252188,2486,0.17843349256750182
3,1e-05,0.9861762134387867,13935.960186973527,2486,0.17838742122152149
4,1e-05,0.9860487631283917,13937.903131460553,2486,0.17836255400488582
5,1e-05,0.9860611625188603,13934.171564088378,2486,0.17841031944855654
6,1e-05,0.9863126132646113,13936.949763089022,2486,0.17837475504030206
7,1e-05,0.9865250166899269,13939.590799746999,2486,0.1783409596245193
8,1e-05,0.986096003917684,13934.81798110607,2486,0.17840204323951095
9,1e-05,0.9860043052687565,13933.012096784501,2486,0.17842516626923233
10,1e-05,0.9861992187481947,13938.585929930927,2486,0.17835381669970587
11,1e-05,0.9857434091777584,13932.254479940011,2486,0.1784348687844743
12,1e-05,0.9859771667266709,13933.747041834626,2486,0.17841575511138846
13,1e-05,0.9862533341682332,13936.438659331585,2486,0.17838129674078676
14,1e-05,0.9857324847790525,13931.816881451083,2486,0.17844047342524846
15,1e-05,0.986503188396775,13941.776956564614,2486,0.17831299465951103
16,1e-05,0.9860303384265675,13934.54901709041,2486,0.17840548674743453
17,1e-05,0.9860421879412764,13934.964182726562,2486,0.17840017149678677
18,1e-05,0.9861438344577925,13935.806064754686,2486,0.1783893940866033
19,1e-05,0.9860511896766933,13934.000098382197,2486,0.17841251488785595
20,1e-05,0.9859030201706485,13933.56922142933,2486,0.17841803205575074
21,1e-05,0.9861524102051433,13936.421402751104,2486,0.17838151761895302
22,1e-05,0.9861334682068054,13937.935992438144,2486,0.17836213348581517
23,1e-05,0.9859309933048832,13933.810723228105,2486,0.1784149397017256
24,1e-05,0.9862515995830576,13936.755332558023,2486,0.17837724353188505
25,1e-05,0.9861782247645526,13935.874540886101,2486,0.17838851754200205
26,1e-05,0.9858595686101332,13931.05845538928,2486,0.178450187971057
27,1e-05,0.9859609909267356,13933.898547617619,2486,0.17841381516481974
28,1e-05,0.986504991259555,13939.917531495414,2486,0.17833677956725422
29,1e-05,0.986212106488212,13936.798756646556,2486,0.17837668774648907
30,1e-05,0.9860158078694102,13934.842617246604,2486,0.17840172783316374
31,1e-05,0.9866052276724978,13940.695154692794,2486,0.17832683179813663
32,1e-05,0.9858792028907561,13934.264350548961,2486,0.17840913143735931
33,1e-05,0.9860823243447397,13934.725894942589,2486,0.1784032221905605
34,1e-05,0.9858253964499978,13932.044626842928,2486,0.17843755648113654
35,1e-05,0.9865865440772158,13941.797830520394,2486,0.17831272768550877
36,1e-05,0.9860310898674116,13933.965493215826,2486,0.17841295797742462
37,1e-05,0.9861365730950826,13934.731731712904,2486,0.17840314746370883
38,1e-05,0.9858070828583636,13931.167451226345,2486,0.1784487917975001
39,1e-05,0.9859447700876641,13933.974491933488,2486,0.17841284275632693
40,1e-05,0.9867402043344939,13941.520724314065,2486,0.17831627188735635
41,1e-05,0.986393150975031,13938.87382634902,2486,0.17835013294263766
42,1e-05,0.9862903902772107,13937.834396433964,2486,0.17836343360745127
43,1e-05,0.9862109739226125,13937.980455898285,2486,0.17836156449394164
44,1e-05,0.9859311897556827,13932.702759462314,2486,0.178429127709026
45,1e-05,0.9856827106620575,13932.149094783896,2486,0.17843621849630809
46,1e-05,0.9864377424770332,13938.549113348903,2486,0.17835428779449977
47,1e-05,0.9862647738379288,13938.134684198832,2486,0.17835959088688458
48,1e-05,0.9858248026975995,13930.981658448356,2486,0.17845117170851926
49,1e-05,0.9861764382272646,13936.704269354872,2486,0.1783778970948256
50,1e-05,0.9861482795621193,13934.658434024494,2486,0.17840408588199702
51,1e-05,0.986168587340914,13936.57889486224,2486,0.17837950179555695
52,1e-05,0.9862182193953966,13937.006771005828,2486,0.17837402541640485
53,1e-05,0.9857379752476972,13928.692611222059,2486,0.17848049844944394
54,1e-05,0.98608566957918,13935.289750748716,2486,0.17839600356113386
55,1e-05,0.9863321336594183,13937.944911231034,2486,0.1783620193531408
56,1e-05,0.9864477127098689,13939.610323401766,2486,0.1783407098422624
57,1e-05,0.9860190355786629,13935.112047256109,2486,0.17839827850465725
58,1e-05,0.9858603531484061,13935.016246204697,2486,0.17839950496484566
59,1e-05,0.9863331825974996,13939.130620421116,2486,0.17834684728170624
60,1e-05,0.9864885536866728,13939.490910906996,2486,0.1783422375959815
61,1e-05,0.9860484591944733,13934.908271964274,2486,0.17840088728833606
62,1e-05,0.9864205339223784,13938.592578421498,2486,0.17835373162772591
63,1e-05,0.986293668344104,13935.827892382276,2486,0.17838911467605875
64,1e-05,0.9865613930589187,13940.300847498185,2486,0.17833187584657853
65,1e-05,0.986079866223466,13934.241393242153,2486,0.17840942537465035
66,1e-05,0.9862923258173745,13937.88939838573,2486,0.17836272974643674
67,1e-05,0.9861792549246479,13935.685674388262,2486,0.1783909351922957
68,1e-05,0.9856354892403307,13930.593262660283,2486,0.17845614706614843
69,1e-05,0.9863579482115183,13938.103831116096,2486,0.17835998569978606
70,1e-05,0.986154312080923,13934.562406083003,2486,0.17840531532692838
71,1e-05,0.9859365995894535,13934.648252836732,2486,0.1784042162308557
72,1e-05,0.9862449033226288,13937.81162168346,2486,0.17836372505798953
73,1e-05,0.9860273678169226,13933.452639352841,2486,0.178419524890671
74,1e-05,0.9860350258837673,13936.360337846718,2486,0.17838229923266374
75,1e-05,0.9861275170265853,13935.955264298986,2486,0.17838748423429673
76,1e-05,0.9861446679115373,13935.16305904196,2486,0.17839762545059965
77,1e-05,0.9860859411615808,13933.850458758838,2486,0.17841443091111236
78,1e-05,0.9864844181541932,13940.7979473667,2486,0.17832551690268092
79,1e-05,0.9861196531024765,13937.678217302102,2486,0.1783654322650313
80,1e-05,0.9859411553275781,13932.362915307716,2486,0.17843348002861675
81,1e-05,0.9863428706201729,13937.209178905543,2486,0.17837143491845187
82,1e-05,0.986271573938549,13937.084994242057,2486,0.17837302427495144
83,1e-05,0.9855071902044252,13930.18299319865,2486,0.17846140292728233
84,1e-05,0.9862918805107221,13938.163668308873,2486,0.17835921999197102
85,1e-05,0.9861505048952424,13936.114027916497,2486,0.1783854520004718
86,1e-05,0.9863930782984484,13939.659939057105,2486,0.17834007507131167
87,1e-05,0.9863666257819601,13937.278260737234,2486,0.17837055079852437
88,1e-05,0.9863197616229449,13938.197280295592,2486,0.17835878987840517
89,1e-05,0.9858932166622608,13933.90514461349,2486,0.17841373069494643
90,1e-05,0.9859413746910943,13933.429103870909,2486,0.1784198262658367
91,1e-05,0.9861716095327137,13936.826958515407,2486,0.17837632679230855
92,1e-05,0.9861428770715883,13935.64786929984,2486,0.17839141913715006
93,1e-05,0.9860283717410417,13932.692198201763,2486,0.17842926296188888
94,1e-05,0.9857862285967732,13930.731124794755,2486,0.17845438101775343
95,1e-05,0.9862159369295985,13935.718693009096,2486,0.17839051252140378
96,1e-05,0.9860659678032977,13933.712519204704,2486,0.1784161971602019
97,1e-05,0.9866137930633451,13941.042572816039,2486,0.1783223877995688
98,1e-05,0.9858348752192752,13933.050331646386,2486,0.17842467663764222
99,1e-05,0.9864866069096395,13939.783919984477,2486,0.17833848890842552
0,0.0001,0.8757532791137617,12625.048330707046,2429,0.1923953030811065
1,0.0001,0.8776555528146238,12657.834630125746,2430,0.19197596358358016
2,0.0001,0.8740764144761948,12592.675350752323,2428,0.19281049756078594
3,0.0001,0.8760504839454857,12621.609453895702,2429,0.19244772300019797
4,0.0001,0.874800818497493,12637.321861455592,2428,0.19212931557955415
5,0.0001,0.875164416239036,12607.318115546812,2428,0.1925865578822742
6,0.0001,0.8772135442935347,12629.917967636093,2430,0.19240029952900925
7,0.0001,0.8789129256504253,12651.158745115677,2431,0.1921563114476414
8,0.0001,0.8754268371896693,12612.53481441876,2429,0.19258618792656543
9,0.0001,0.8747560239428953,12598.237756287628,2428,0.1927253673862612
10,0.0001,0.8761390662801569,12643.613448547008,2429,0.1921128014459457
11,0.0001,0.8724924199871597,12591.9669894454,2427,0.19274192840835067
12,0.0001,0.8744394208029947,12603.79177822979,2428,0.19264044048980744
13,0.0001,0.8767076794102885,12625.633130400145,2430,0.19246559557865006
14,0.0001,0.8724241712338741,12588.463276870381,2427,0.19279557374245102
15,0.0001,0.8785669753234142,12668.69206624422,2430,0.19181143462115907
16,0.0001,0.8748685228375808,12610.422537432403,2428,0.19253914710572123
17,0.0001,0.8749367492994442,12613.685696438295,2428,0.1924893372510138
18,0.0001,0.8757896273585328,12620.561845951877,2428,0.19238446193097147
19,0.0001,0.8751039510218384,12606.227715091003,2429,0.19268254190682493
20,0.0001,0.8738027624696947,12602.43123941271,2428,0.19266123765124768
21,0.0001,0.8758047218779518,12625.313531205034,2429,0.192391261729574
22,0.0001,0.8755486689735154,12637.66433134744,2429,0.1922032375852016
23,0.0001,0.8740697081539374,12604.932724784341,2428,0.19262300347117012
24,0.0001,0.8766792256192383,12628.243424505612,2429,0.19234662481136752
25,0.0001,0.8760749637828291,12620.934814267139,2429,0.19245801010351268
26,0.0001,0.873592223832059,12582.330129156771,2428,0.19296902680797146
27,0.0001,0.8742958551815984,12605.11830394899,2428,0.1926201675742579
28,0.0001,0.8787069493054931,12653.715594568652,2431,0.19211748374078022
29,0.0001,0.8763682907245277,12629.18224570167,2429,0.1923323262538798
30,0.0001,0.8747151972059636,12612.704683607382,2428,0.19250430902070112
31,0.0001,0.8795485354427108,12660.067417527967,2431,0.19202109434537928
32,0.0001,0.8735415490945829,12607.960826104178,2427,0.1924974255134909
33,0.0001,0.8753093461689925,12611.756849707228,2428,0.19251877664104855
34,0.0001,0.8732294757761045,12590.346969001852,2428,0.19284615475473976
35,0.0001,0.8793098558168784,12668.973029303737,2431,0.1918861137660503
36,0.0001,0.8749084810384631,12605.6859137499,2429,0.1926908235394411
37,0.0001,0.8757945727302291,12611.910662969516,2429,0.19259571883361915
38,0.0001,0.8731300868975039,12583.31195664667,2427,0.19287449984247007
39,0.0001,0.8741343619586057,12605.591221494069,2428,0.19261294114154393
40,0.0001,0.8807167914091224,12667.078796339345,2432,0.19199375318505343
41,0.0001,0.8777724699276591,12645.122120814496,2430,0.19216896260733615
42,0.0001,0.876944484457034,12636.865930309677,2429,0.1922153810442836
43,0.0001,0.8762524067679945,12638.323375395481,2429,0.1921932148633593
44,0.0001,0.8741132958450022,12595.58031050593,2428,0.1927660290470947
45,0.0001,0.8719692085826823,12591.190591511375,2427,0.1927538132602182
46,0.0001,0.8782052874007035,12642.716278588066,2431,0.19228462827384538
47,0.0001,0.8766966636915067,12639.240571412773,2429,0.19217926791375997
48,0.0001,0.8732989961782033,12581.811424317579,2427,0.1928975024462058
49,0.0001,0.8760007108227698,12627.615442406692,2429,0.19235619037326795
50,0.0001,0.8758972002771127,12611.284647165008,2429,0.1926052791573485
51,0.0001,0.8759383688689559,12626.596373377497,2429,0.1923717150824126
52,0.0001,0.8763646311941964,12630.260762532103,2429,0.19231590270928312
53,0.0001,0.8727158508422048,12563.816480878831,2427,0.19317378630081938
54,0.0001,0.8752933640868087,12616.243758133935,2429,0.1925295711280132
55,0.0001,0.8773004101623677,12637.697130758032,2430,0.1922818670884103
56,0.0001,0.8782328941297861,12651.420878413308,2431,0.19215233003179374
57,0.0001,0.8747241576880617,12614.848997382544,2428,0.19247158650125626
58,0.0001,0.8733295451153429,12614.105531951973,2428,0.19248293062475105
59,0.0001,0.8772224896057471,12647.162506785906,2430,0.19213795969619035
60,0.0001,0.8785961288982524,12650.346221929622,2431,0.1921686535176258
61,0.0001,0.8749982177525549,12613.20704041419,2428,0.1924966419896545
62,0.0001,0.8780465178424419,12643.033153757224,2431,0.192279809001178
63,0.0001,0.8771069672077797,12620.680112160626,2430,0.19254112919466038
64,0.0001,0.8791820364976356,12656.809959341146,2431,0.19207051443526188
65,0.0001,0.8753253095925846,12607.949150472441,2429,0.1926562338577469
66,0.0001,0.876946412040956,12637.174339566165,2430,0.19228982165671554
67,0.0001,0.8760963200094856,12619.414978650946,2429,0.19248118903366687
68,0.0001,0.8716540325008294,12578.65408232336,2427,0.19294592125008314
69,0.0001,0.8775258441403095,12639.056201396339,2430,0.19226119112687687
70,0.0001,0.875955606038316,12610.46430784214,2429,0.19261780856787836
71,0.0001,0.874025559980236,12611.106644097734,2428,0.19252870255730933
72,0.0001,0.8765471104764475,12636.71633702164,2429,0.19221765648753125
73,0.0001,0.8749089754012919,12601.537397565884,2428,0.1926749033390952
74,0.0001,0.8747742365553034,12624.83179274344,2428,0.19231939402120013
75,0.0001,0.8756310666145778,12621.712831031922,2429,0.1924461467724116
76,0.0001,0.8758310614285947,12615.26880940093,2429,0.1925444504353251
77,0.0001,0.87539944788266,12604.737826696952,2429,0.1927053171114242
78,0.0001,0.8784554096079095,12660.673648326096,2430,0.1919329150642215
79,0.0001,0.8754319192485247,12635.427416244367,2429,0.1922372643189915
80,0.0001,0.874228456899994,12592.866218398134,2428,0.1928075751692415
81,0.0001,0.8774524666244564,12631.865718475456,2430,0.1923706326648062
82,0.0001,0.876824824313208,12630.765410133565,2429,0.1923082189501542
83,0.0001,0.8705663986912291,12575.5209598096,2426,0.19291447310638737
84,0.0001,0.8769333538037583,12639.520217977695,2430,0.19225413291745946
85,0.0001,0.8758131605539059,12622.883575811098,2429,0.19242829781418797
86,0.0001,0.8777399319244686,12651.707280847617,2430,0.1920689394765383
87,0.0001,0.8776759657748724,12632.659950929625,2430,0.19235853806238
88,0.0001,0.8771931855503077,12639.965326362513,2430,0.19224736280975996
89,0.0001,0.8736926039714591,12605.129804386346,2428,0.19261999183499895
90,0.0001,0.8741629204661971,12601.521791524288,2428,0.1926751419525425
91,0.0001,0.8759532424411876,12628.624089330064,2429,0.19234082690387977
92,0.0001,0.8757854620549445,12619.243686147956,2429,0.19248380175638372
93,0.0001,0.8749816368582872,12595.641044094977,2429,0.19284449211409938
94,0.0001,0.8729771699859208,12579.80038464097,2427,0.1929283395437015
95,0.0001,0.8764229144179221,12619.773351839222,2429,0.19247572300068247
96,0.0001,0.8752413513544328,12603.758508883664,2429,0.1927202904028935
97,0.0001,0.8796142741668659,12663.0392873753,2431,0.1919760292004811
98,0.0001,0.8732342360190558,12598.25653600193,2427,0.1926457040356642
99,0.0001,0.8785512682114476,12652.603905486149,2430,0.19205532854358587
0,0.001,0.390337212959081,6804.45201545177,2058,0.302449042968725
1,0.001,0.3933545141143732,6887.759872885568,2066,0.2999523848287799
2,0.001,0.3882136467911617,6723.751441552067,2055,0.3056329517626602
3,0.001,0.3920648943810906,6794.17448218181,2060,0.3032009268237799
4,0.001,0.3843704746955771,6832.066233375297,2050,0.300055639095762
5,0.001,0.3907916406635677,6761.471004944606,2055,0.30392794681766677
6,0.001,0.39624194436109567,6823.470880967478,2066,0.302778459238778
7,0.001,0.40007843723261166,6874.060487973246,2071,0.30127753510801814
8,0.001,0.391014050893834,6774.999302881397,2059,0.3039114703855852
9,0.001,0.3907920441343235,6745.46058454691,2057,0.30494581863132597
10,0.001,0.39021413362164553,6867.9220678432785,2059,0.29979955795371804
11,0.001,0.3818357236850919,6724.539992217812,2048,0.30455614843098755
12,0.001,0.3879478583067134,6750.277125511438,2055,0.30443194579871447
13,0.001,0.3943580488212544,6809.114361823059,2067,0.30356370743148825
14,0.001,0.3820318702266478,6716.536480318486,2050,0.305216834004718
15,0.001,0.39558853261799104,6912.141324107869,2063,0.29846033280667417
16,0.001,0.3890185255734386,6770.774066564594,2057,0.30380573620937495
17,0.001,0.38857955223029006,6777.165286378306,2059,0.3038143402136681
18,0.001,0.39143944361195343,6796.208089229444,2058,0.3028159192567243
19,0.001,0.3909918089129504,6766.469651776157,2061,0.304590149082986
20,0.001,0.38557398723654585,6748.282397975477,2053,0.3042255612503578
21,0.001,0.3902720058867972,6803.042825601615,2061,0.30295267174328555
22,0.001,0.38750277039808184,6835.849631788554,2057,0.30091358218799785
23,0.001,0.38703058532170265,6768.656837733969,2059,0.3041962459259965
24,0.001,0.39402480467334816,6816.218649781288,2063,0.3026604787782439
25,0.001,0.3922964346215202,6792.95053498308,2060,0.30325555727090703
26,0.001,0.38792017232151593,6701.641856947884,2055,0.30664127446164435
27,0.001,0.38733511306021073,6755.817643384121,2054,0.3040342573502489
28,0.001,0.3986051905795581,6878.114094998136,2070,0.30095458891926985
29,0.001,0.39336983791250685,6832.669812861747,2065,0.30222446811535736
30,0.001,0.3879031443674926,6774.322553911019,2056,0.30349898216951743
31,0.001,0.40135685384682085,6895.830530048029,2074,0.3007614515702947
32,0.001,0.3834925181068769,6759.829145843863,2051,0.3034100353351406
33,0.001,0.3905727558897207,6772.223283441993,2058,0.3038883855220465
34,0.001,0.38518102876451504,6723.3439395943615,2056,0.30580021169109556
35,0.001,0.39885826563790444,6916.439532419995,2069,0.2991423535623794
36,0.001,0.38980638739048346,6758.972039296981,2061,0.3049280257437446
37,0.001,0.39276670400481095,6775.82489680266,2063,0.3044647746097272
38,0.001,0.3859553163447762,6706.234836949996,2054,0.30628214638158446
39,0.001,0.3862589286283185,6753.887404763124,2056,0.30441727508664457
40,0.001,0.40592171943665345,6921.865423982292,2078,0.3002080902642692
41,0.001,0.39562151738116613,6852.738825845533,2067,0.30163122403033665
42,0.001,0.3936665656661541,6835.388532587792,2063,0.30181166588623665
43,0.001,0.390878683352778,6845.4703981959865,2061,0.3010749999800077
44,0.001,0.388014773373774,6735.3471947294265,2060,0.30584911815860066
45,0.001,0.379835481503851,6724.2673465568905,2048,0.3045684971238781
46,0.001,0.3982627739874691,6852.621115266951,2070,0.30207419397349256
47,0.001,0.39220978220259234,6839.352357761141,2059,0.3010518967725787
48,0.001,0.38693414357947714,6702.523844924661,2054,0.30645172587567093
49,0.001,0.39081116592872134,6809.14285921558,2061,0.30268126879003815
50,0.001,0.393149608712978,6773.870721393372,2066,0.3049954870669613
51,0.001,0.39066875600805817,6806.519785286349,2061,0.30279791508947973
52,0.001,0.39226643397281485,6820.904549681784,2063,0.3024525537593464
53,0.001,0.38787130789975954,6667.28572709761,2053,0.30792140670619017
54,0.001,0.38957744467701405,6782.195432038943,2061,0.3038839002285132
55,0.001,0.3949248240156447,6836.334954152874,2066,0.3022087147360978
56,0.001,0.39718823530763925,6877.070880440589,2070,0.3010002421070557
57,0.001,0.3875615870086411,6778.6552652666105,2054,0.3030099510332916
58,0.001,0.3817063284418902,6777.159567137835,2052,0.3027817155066058
59,0.001,0.39286958382174303,6856.386342711331,2064,0.3010332114954595
60,0.001,0.3988151839033447,6871.647214255948,2069,0.30109229060939624
61,0.001,0.38902368661031356,6774.8643426528315,2055,0.3033271067971413
62,0.001,0.3974427175045538,6852.743999722851,2071,0.30221470407821427
63,0.001,0.3969766874447294,6796.177809600256,2066,0.3039944006587903
64,0.001,0.4001966681357268,6885.629914600786,2070,0.30062609023041204
65,0.001,0.3913379772915465,6765.365063614717,2060,0.30449206814855123
66,0.001,0.3933515368349734,6832.8569765371085,2064,0.30206983800296594
67,0.001,0.39262281085496836,6789.471561640698,2061,0.3035582344352515
68,0.001,0.38036876699704025,6692.957506955747,2048,0.3059932769439502
69,0.001,0.3958703386532284,6841.444949673698,2066,0.30198298973355586
70,0.001,0.39353099722614904,6770.52478563592,2064,0.3048508151655986
71,0.001,0.3851252916526299,6769.333903121278,2054,0.303427195259628
72,0.001,0.3920606509049385,6835.490197842976,2061,0.30151458642283974
73,0.001,0.3904469194498434,6748.171159669819,2060,0.3052678942572633
74,0.001,0.38600667400203387,6801.2553905283885,2055,0.3021501005331822
75,0.001,0.390477728138676,6797.750063450069,2059,0.3028943372117735
76,0.001,0.3922737274096551,6780.774901768357,2060,0.3038000862501383
77,0.001,0.39204382407858385,6756.248404117825,2062,0.3051989620072649
78,0.001,0.3961460367866012,6890.545690867895,2066,0.299831115369874
79,0.001,0.3871009746343724,6826.431422698785,2056,0.30118225360962814
80,0.001,0.3890664114193168,6728.907778501125,2058,0.30584458395689634
81,0.001,0.3967051983872437,6824.887709492019,2068,0.3030086483509225
82,0.001,0.3940664824519279,6818.964951021958,2062,0.30239193408538756
83,0.001,0.37657337993679635,6688.122783904651,2043,0.30546688002149064
84,0.001,0.39310265699226415,6841.774509165377,2064,0.30167612177732905
85,0.001,0.3908087183877212,6798.127590017856,2060,0.30302461563458083
86,0.001,0.39489135568102274,6874.030965824831,2064,0.3002605036639278
87,0.001,0.39794052539864766,6832.679910869565,2069,0.3028094432915836
88,0.001,0.39451353872216655,6846.913197627923,2063,0.301303659102136
89,0.001,0.3846403238977989,6754.668101249624,2053,0.3039379536087335
90,0.001,0.3874857559184483,6752.233346048049,2059,0.30493614401005453
91,0.001,0.3905343821698407,6811.706100410027,2058,0.30212695170100184
92,0.001,0.39145393159229097,6792.135443950206,2061,0.3034391785923151
93,0.001,0.39195637249196297,6740.023643564869,2066,0.30652711463001203
94,0.001,0.385916317720579,6697.210115951184,2052,0.3063962402960327
95,0.001,0.3940518438496427,6793.164565669703,2065,0.30398203665428536
96,0.001,0.39171047507693096,6757.07994906943,2062,0.3051614033786849
97,0.001,0.4014357645493805,6906.775864353389,2072,0.2999952569322271
98,0.001,0.3837392528438507,6738.115774532244,2053,0.3046845837466362
99,0.001,0.39807279820384533,6874.36128031325,2068,0.3008279483247883
0,0.01,0.02689250205666618,1887.337571678298,1202,0.6368759982514057
1,0.01,0.02598377294635499,1919.7383742296904,1211,0.6308151236940934
2,0.01,0.028245006755681732,1865.2214679497667,1205,0.6460358840521626
3,0.01,0.028237698281555552,1882.9001964952631,1205,0.6399701918577135
4,0.01,0.023208340007695744,1869.35212403189,1172,0.6269551813877556
5,0.01,0.02900525190950742,1876.8421582424721,1202,0.6404374468685138
6,0.01,0.0300798673481489,1925.9169160107142,1229,0.6381376007360241
7,0.01,0.030551880785569703,1934.647976803831,1229,0.6352576875667019
8,0.01,0.02839956668798611,1886.3439290328163,1207,0.6398621064923533
9,0.01,0.029626729967311173,1892.8395077329387,1213,0.6408361591378737
10,0.01,0.02601340166929577,1947.1674793299328,1201,0.6167933743497468
11,0.01,0.024896155393765693,1854.8953404675403,1181,0.6366936043422914
12,0.01,0.027117684893433334,1866.6607782759702,1199,0.6423234547775654
13,0.01,0.02872496962778673,1911.971325816842,1228,0.6422690463076729
14,0.01,0.02490981392609626,1857.170888431654,1188,0.6396826524689087
15,0.01,0.0268280824612469,1911.151296261277,1200,0.6278937739505611
16,0.01,0.027355654643155425,1883.9203348179751,1204,0.6390928415326707
17,0.01,0.02648221648577746,1884.718444221328,1207,0.6404139587537556
18,0.01,0.028153042360266396,1896.804404875501,1209,0.6373878070360945
19,0.01,0.028839646204259533,1904.7400262748097,1216,0.6384073328779617
20,0.01,0.026033314442160848,1866.1527502464346,1193,0.6392831454137173
21,0.01,0.026481409312941188,1884.0825688466746,1205,0.6395685730151576
22,0.01,0.02448875723406201,1891.4788246933188,1194,0.6312521104716006
23,0.01,0.026508118169023605,1918.8235520024682,1211,0.6311158723980694
24,0.01,0.02879703762988921,1906.6621278885682,1213,0.6361903256259002
25,0.01,0.028388831387050506,1884.204610353603,1206,0.6400578755476422
26,0.01,0.028787226404542864,1867.6682408002096,1208,0.6467958139516404
27,0.01,0.026870228234409595,1872.3359690490254,1198,0.6398424320227496
28,0.01,0.029331624874429894,1927.3990390918577,1225,0.6355715527269274
29,0.01,0.028404416529216093,1943.7346915763237,1224,0.6297155703936963
30,0.01,0.02664199629108167,1881.0050770619312,1203,0.6395517027944693
31,0.01,0.03050830567532079,1944.1267117528485,1234,0.6347322901023311
32,0.01,0.024467880879549014,1856.899307089937,1182,0.6365450164620859
33,0.01,0.028153033774650556,1884.8897616127135,1209,0.6414168216212169
34,0.01,0.02640585076015667,1876.7389790183584,1207,0.6431368525373358
35,0.01,0.028367803180253958,1930.1090548164034,1216,0.6300162143509911
36,0.01,0.027941775572807855,1890.7844027159701,1216,0.643119330925994
37,0.01,0.029414210843411163,1902.4443006072786,1221,0.6418059123256565
38,0.01,0.027633805241409327,1871.0150753875848,1205,0.6440354307409211
39,0.01,0.025869943370153078,1863.1786044101907,1194,0.6408403344552003
40,0.01,0.03307938453368917,1978.982488581771,1249,0.6311324163838814
41,0.01,0.027949546869738683,1906.0119227490761,1217,0.6385059744247027
42,0.01,0.02791165426384624,1907.9549813012743,1214,0.6362833567341409
43,0.01,0.02645669688983309,1923.8714743386217,1210,0.6289401429042797
44,0.01,0.02748402520697537,1883.5734867545498,1212,0.6434577724325002
45,0.01,0.023862978952724746,1859.4283009152257,1182,0.6356792565855914
46,0.01,0.029955493767942078,1928.0671355713325,1230,0.63794459088455
47,0.01,0.027128712226690332,1894.948862561147,1200,0.6332624714622228
48,0.01,0.028456859240957505,1873.5292215240427,1209,0.6453061879742265
49,0.01,0.026742356736087818,1886.3863322673226,1205,0.638787495110645
50,0.01,0.029228571850685024,1905.6720468052356,1231,0.6459663414089063
51,0.01,0.026630151772769114,1886.1550691583946,1206,0.6393959965010295
52,0.01,0.027447814864620723,1906.3191784369158,1213,0.636304777143667
53,0.01,0.030876396280020264,1887.4881399497247,1217,0.6447722633279254
54,0.01,0.02676800585618602,1885.6385067853178,1210,0.6416924535884863
55,0.01,0.028349135655337178,1909.1543268993398,1221,0.6395501834485156
56,0.01,0.028723845524954543,1939.1194915092817,1226,0.6322457204768558
57,0.01,0.02623753910074518,1873.7066548414346,1195,0.637773259177077
58,0.01,0.022987056458892645,1869.4457693189404,1185,0.6338777082748479
59,0.01,0.026288684659266592,1896.5927904389046,1207,0.6364044016642493
60,0.01,0.029853295660340798,1929.3101268261448,1226,0.6354603041538267
61,0.01,0.027293460508734765,1877.9275053399604,1200,0.6390023025850322
62,0.01,0.0293646888883223,1931.3220178971121,1234,0.6389405746762109
63,0.01,0.031233016964232353,1907.0448083830297,1226,0.6428794932403906
64,0.01,0.030082049092274812,1928.226965641407,1224,0.6347800449895936
65,0.01,0.02874962083910415,1890.5682298637144,1213,0.6416060424793247
66,0.01,0.027389300690796023,1896.6311690927837,1211,0.6385005264778276
67,0.01,0.028681661179528424,1887.6311579242952,1212,0.6420745890488253
68,0.01,0.0249068986410645,1853.6491784886018,1189,0.6414374487892404
69,0.01,0.029090097256740957,1914.290192232995,1219,0.6367895551813135
70,0.01,0.029769070435436567,1900.0851788020598,1227,0.6457605236274632
71,0.01,0.02510719650162446,1872.3290764473786,1195,0.6382425050341225
72,0.01,0.027163197128875157,1903.9203800179212,1206,0.6334298496183166
73,0.01,0.028636355310616,1883.2829296819402,1213,0.6440880341887124
74,0.01,0.024419368271731457,1871.852763094589,1189,0.6351995324858343
75,0.01,0.02750868944841193,1892.0611240878388,1205,0.6368716024335258
76,0.01,0.029013972092303067,1888.6811394532338,1211,0.6411881681365125
77,0.01,0.02930324930855078,1889.011115511038,1218,0.6447818067340975
78,0.01,0.027302724827616157,1908.1853845821602,1209,0.6335862384066722
79,0.01,0.024334990924564957,1874.8169880043188,1186,0.632595078660162
80,0.01,0.028651380123960426,1882.3556197226092,1214,0.6449365822696668
81,0.01,0.0299742908950178,1917.9830385376445,1228,0.6402559226677426
82,0.01,0.02866122015737139,1896.5351337883133,1209,0.6374783037027278
83,0.01,0.02334935104479702,1848.6242665765087,1178,0.6372306267414489
84,0.01,0.027059506693488333,1905.7052000756937,1214,0.6370345213686673
85,0.01,0.027108108932566616,1884.1944950918846,1204,0.6389998501408878
86,0.01,0.027572848665735304,1915.3752704384908,1207,0.6301637170681853
87,0.01,0.03092753786869065,1934.3221676488117,1230,0.6358816646841604
88,0.01,0.028258197446522984,1913.577039293679,1209,0.6318010590502561
89,0.01,0.02521086441098283,1864.7911459934585,1190,0.6381411680105512
90,0.01,0.026966335816543563,1896.7814353203876,1216,0.6410859877456593
91,0.01,0.02667380084746177,1882.994619784237,1199,0.6367516865966337
92,0.01,0.027837765750781014,1891.605018509826,1208,0.6386111202811471
93,0.01,0.02991773893538553,1915.0511514153725,1242,0.6485466453896361
94,0.01,0.028174506175103437,1864.8821169504083,1200,0.6434723080310983
95,0.01,0.029302772583906962,1902.7381727726904,1223,0.6427579041092297
96,0.01,0.02925193471116546,1900.2493000766096,1223,0.643599763436668
97,0.01,0.030393874935612304,1948.450617320782,1228,0.630244353684756
98,0.01,0.0250904118171678,1865.0462792571234,1197,0.6418071301033793
99,0.01,0.02911331717515153,1921.1319507854143,1221,0.6355627990575139
