mfpt,mfpt_formula,sd,mode,ratio,cv,median,N,pos,kappa
12397.499999999842,12397.5,10104.618189224067,4147,0.33450292397661247,0.8150528888263114,9396,100,0,0.1
12419.999999999845,12420.0,10106.32871026852,4171,0.3358293075684422,0.8137140668493275,9419,100,1,0.1
12442.499999999845,12442.5,10109.151856115224,4196,0.3372312638135465,0.8124695082270725,9441,100,2,0.1
12464.999999999845,12465.0,10113.064446546254,4222,0.3387083834737306,0.8113168428837849,9463,100,3,0.1
12487.499999999845,12487.5,10118.04298024069,4248,0.34018018018018437,0.8102536921113767,9486,100,4,0.1
12509.999999999845,12510.0,10124.063660408201,4273,0.34156674660272207,0.8092776706961092,9508,100,5,0.1
12532.499999999845,12532.5,10131.102420269872,4299,0.3430281268701419,0.8083863890101733,9529,100,6,0.1
12554.999999999847,12555.0,10139.13494830787,4323,0.34432497013142593,0.8075774550623651,9551,100,7,0.1
12577.499999999854,12577.5,10148.136713209862,4347,0.3456171735241543,0.8068484765024829,9572,100,8,0.1
12599.999999999854,12600.0,10158.082988438222,4370,0.3468253968254008,0.8061970625744713,9593,100,9,0.1
12622.499999999854,12622.5,10168.948876358756,4391,0.34787086551792834,0.8056208260137748,9614,100,10,0.1
12644.999999999854,12645.0,10180.709331868678,4411,0.34883353103994075,0.8051173848848395,9635,100,11,0.1
12667.499999999856,12667.5,10193.339185468027,4430,0.34971383461614763,0.8046843643550932,9655,100,12,0.1
12689.999999999858,12690.0,10206.81316572406,4448,0.35051221434200547,0.8043193984022201,9675,100,13,0.1
12712.499999999864,12712.5,10221.105921082994,4464,0.35115044247787985,0.8040201314519648,9695,100,14,0.1
12734.999999999864,12735.0,10236.19204098858,4479,0.35170789163722405,0.8037842199441453,9714,100,15,0.1
12757.499999999873,12757.5,10252.046076271688,4493,0.3521849892220298,0.8036093338249493,9733,100,16,0.1
12779.999999999873,12780.0,10268.642558780482,4505,0.3525039123630708,0.803493157964052,9752,100,17,0.1
12802.499999999873,12802.5,10285.956020224756,4516,0.3527436047646979,0.8034333934954,9770,100,18,0.1
12824.999999999873,12825.0,10303.961010213401,4526,0.3529044834308027,0.803427759080975,9789,100,19,0.1
12847.499999999884,12847.5,10322.632113467862,4535,0.35298696244405847,0.8034739920971361,9806,100,20,0.1
12869.99999999989,12870.0,10341.943966198904,4543,0.352991452991456,0.8035698497435113,9824,100,21,0.1
12892.49999999989,12892.5,10361.871271638049,4549,0.3528407989141003,0.8037131100747051,9841,100,22,0.1
12914.99999999989,12915.0,10382.388814718795,4555,0.3526906697638435,0.8039015729553917,9858,100,23,0.1
12937.49999999989,12937.5,10403.471475906394,4559,0.35238647342995466,0.8041330609396314,9874,100,24,0.1
12959.99999999989,12960.0,10425.09424417823,4563,0.3520833333333363,0.8044054200754874,9890,100,25,0.1
12982.49999999989,12982.5,10447.232229159936,4565,0.35162719044868385,0.8047165206362429,9906,100,26,0.1
13004.99999999989,13005.0,10469.860672425308,4567,0.35117262591311327,0.8050642577797306,9922,100,27,0.1
13027.49999999989,13027.5,10492.95495797052,4568,0.3506428708501277,0.8054465521374483,9937,100,28,0.1
13049.99999999989,13050.0,10516.490621875639,4568,0.35003831417624814,0.8058613503353047,9952,100,29,0.1
13072.49999999989,13072.5,10540.443361168374,4568,0.349435838592468,0.8063066254479604,9967,100,30,0.1
13094.99999999989,13095.0,10564.78904190701,4567,0.3487590683467001,0.8067803773888582,9982,100,31,0.1
13117.49999999989,13117.5,10589.503706501007,4565,0.3480083857442377,0.8072806332381243,9996,100,32,0.1
13139.99999999989,13140.0,10614.563580289045,4562,0.3471841704718446,0.8078054475105885,10010,100,33,0.1
13162.49999999989,13162.5,10639.94507739578,4559,0.34636277302944257,0.8083529023662578,10024,100,34,0.1
13184.99999999989,13185.0,10665.624805889185,4556,0.3455441789912808,0.8089211077655877,10038,100,35,0.1
13207.49999999989,13207.5,10691.579572261477,4552,0.3446526594737867,0.8095082015719527,10052,100,36,0.1
13229.99999999989,13230.0,10717.786385256933,4548,0.34376417233560375,0.8101123496037054,10065,100,37,0.1
13252.49999999989,13252.5,10744.22245907069,4543,0.34280324467081963,0.8107317456382402,10078,100,38,0.1
13274.99999999989,13275.0,10770.865215942451,4538,0.3418455743879501,0.8113646113704361,10092,100,39,0.1
13297.4999999999,13297.5,10797.69228816968,4533,0.34089114495206124,0.8120091963278632,10105,100,40,0.1
13319.9999999999,13320.0,10824.681519564396,4527,0.33986486486486744,0.8126637777450809,10118,100,41,0.1
13342.4999999999,13342.5,10851.810966377869,4522,0.33891699456623825,0.8133266603993217,10130,100,42,0.1
13364.9999999999,13365.0,10879.058897717168,4516,0.33789749345305153,0.8139961764098204,10143,100,43,0.1
13387.499999999909,13387.5,10906.403795477177,4509,0.3368067226890779,0.8146706850029694,10156,100,44,0.1
13409.999999999909,13410.0,10933.82435381139,4503,0.3357941834451924,0.8153485722454484,10169,100,45,0.1
13432.49999999992,13432.5,10961.299478164035,4497,0.334785036292576,0.816028250747374,10181,100,46,0.1
13454.999999999927,13455.0,10988.808283885883,4490,0.3337049424005964,0.8167081593374911,10194,100,47,0.1
13477.499999999927,13477.5,11016.330094455185,4484,0.3327026525690984,0.8173867627123164,10206,100,48,0.1
13499.999999999927,13500.0,11043.844439324523,4478,0.3317037037037055,0.8180625510610802,10219,100,49,0.1
13522.499999999927,13522.5,11071.33105141379,4471,0.33063412830467914,0.8187340396682455,10232,100,50,0.1
13544.999999999927,13545.0,11098.769864268705,4465,0.32964193429309885,0.8193997684952945,10244,100,51,0.1
13567.499999999927,13567.5,11126.141008903274,4458,0.32857932559425274,0.8200583017433819,10257,100,52,0.1
13589.999999999936,13590.0,11153.424810344088,4452,0.327593818984549,0.8207082273983914,10270,100,53,0.1
13612.499999999936,13612.5,11180.601783893346,4446,0.3266115702479354,0.8213481567598456,10283,100,54,0.1
13634.999999999936,13635.0,11207.652631126603,4440,0.32563256325632717,0.8219767239550169,10296,100,55,0.1
13657.499999999936,13657.5,11234.558235640565,4435,0.3247300018304976,0.8225925854395473,10309,100,56,0.1
13679.999999999945,13680.0,11261.299658565124,4429,0.32375730994152174,0.8231944194857579,10322,100,57,0.1
13702.499999999945,13702.5,11287.858133853371,4424,0.32286079182631033,0.8237809256598005,10335,100,58,0.1
13724.999999999945,13725.0,11314.215063361655,4419,0.3219672131147554,0.8243508242886485,10349,100,59,0.1
13747.499999999945,13747.5,11340.352011732255,4414,0.32107655937443297,0.8249028559179705,10362,100,60,0.1
13769.999999999945,13770.0,11366.250701088722,4410,0.320261437908498,0.8254357807617115,10376,100,61,0.1
13792.499999999945,13792.5,11391.893005554428,4406,0.31944897589269655,0.825948378144243,10390,100,62,0.1
13814.999999999947,13815.0,11417.26094560337,4402,0.3186391603329726,0.8264394459358243,10404,100,63,0.1
13837.499999999955,13837.5,11442.336682251565,4399,0.3179042457091248,0.826907799982049,10418,100,64,0.1
13859.999999999955,13860.0,11467.102511096682,4396,0.3171717171717182,0.8273522735279019,10433,100,65,0.1
13882.499999999956,13882.5,11491.540856212447,4394,0.31651359625427794,0.8277717166369518,10448,100,66,0.1
13904.999999999964,13905.0,11515.634263904003,4393,0.3159295217547653,0.8281649956061872,10462,100,67,0.1
13927.499999999964,13927.5,11539.365396329205,4392,0.3153473344103401,0.8285309923768972,10477,100,68,0.1
13949.999999999964,13950.0,11562.717024990274,4392,0.31483870967742017,0.8288686039419573,10493,100,69,0.1
13972.499999999964,13972.5,11585.672024099422,4393,0.31440329218107077,0.8291767417498266,10508,100,70,0.1
13994.999999999973,13995.0,11608.213363821314,4395,0.31404072883172623,0.8294543311054903,10524,100,71,0.1
14017.499999999973,14017.5,11630.324103394529,4397,0.3136793294096671,0.829700310568543,10540,100,72,0.1
14039.999999999973,14040.0,11651.987384133226,4401,0.31346153846153907,0.829913631348522,10556,100,73,0.1
14062.499999999973,14062.5,11673.186422309896,4405,0.31324444444444505,0.8300932566975943,10572,100,74,0.1
14084.999999999975,14085.0,11693.904501918943,4411,0.3131700390486339,0.830238161300601,10589,100,75,0.1
14107.499999999982,14107.5,11714.124967320431,4417,0.31309587099060826,0.8303473306624453,10606,100,76,0.1
14129.999999999982,14130.0,11733.831215762397,4424,0.31309271054494026,0.8304197604927397,10623,100,77,0.1
14152.499999999982,14152.5,11753.00668977943,4433,0.3132308779367607,0.8304544560875777,10640,100,78,0.1
14174.999999999982,14175.0,11771.63486946482,4443,0.31343915343915385,0.8304504317082776,10658,100,79,0.1
14197.499999999982,14197.5,11789.699264612309,4453,0.3136467687973239,0.8304067099568462,10676,100,80,0.1
14219.999999999982,14220.0,11807.18340672322,4465,0.3139943741209568,0.8303223211479068,10694,100,81,0.1
14242.499999999985,14242.5,11824.070840873715,4478,0.31441109355801333,0.8301963026767581,10712,100,82,0.1
14264.999999999985,14265.0,11840.345117436402,4491,0.31482649842271326,0.8300276983832047,10731,100,83,0.1
14287.49999999999,14287.5,11855.989783649444,4506,0.3153805774278217,0.8298155579107227,10749,100,84,0.1
14309.99999999999,14310.0,11870.988375025896,4522,0.31600279524807845,0.8295589360605103,10769,100,85,0.1
14332.49999999999,14332.5,11885.324406594884,4538,0.31662305948020253,0.8292568921398843,10788,100,86,0.1
14354.99999999999,14355.0,11898.981363965582,4556,0.31738070358760034,0.8289084893044646,10807,100,87,0.1
14377.49999999999,14377.5,11911.942694204006,4574,0.318135976351939,0.8285127938935152,10827,100,88,0.1
14399.999999999993,14400.0,11924.191796511835,4593,0.3189583333333335,0.8280688747577668,10847,100,89,0.1
14422.5,14422.5,11935.712012695343,4612,0.31977812445831166,0.8275758025789803,10867,100,90,0.1
14445.0,14445.0,11946.48661741183,4632,0.32066458982346835,0.8270326491804659,10888,100,91,0.1
14467.5,14467.5,11956.49880817959,4653,0.32161741835147745,0.826438486827689,10908,100,92,0.1
14490.0,14490.0,11965.73169513674,4675,0.32263630089717044,0.8257923875180635,10929,100,93,0.1
14512.5,14512.5,11974.168290532747,4696,0.3235831180017227,0.8250934222589318,10950,100,94,0.1
14535.0,14535.0,11981.791497935521,4719,0.32466460268317854,0.8243406603326812,10971,100,95,0.1
14557.5,14557.5,11988.584101135544,4741,0.32567405117636955,0.823533168547865,10993,100,96,0.1
14580.0,14580.0,11994.528752727218,4764,0.3267489711934156,0.8226700104751178,11014,100,97,0.1
14602.5,14602.5,11999.607962346101,4787,0.3278205786680363,0.8217502456665708,11036,100,98,0.1
