N,i,j,mfpt,sd,mode,mode_interp,f_mode,G_tt,G_st,tau_rel,median,chi_mfpt,chi_mode,chi_sd
15,-1,-1,1983.649255858789,1783.7504938793033,414,413.9437315705211,0.00047395838481771385,1.5430029643957945,-0.22024081858939074,113.90318209515837,1440,0.0,0.0,0.0
15,0,1,1974.988049875005,1773.566189337797,413,413.1738303565409,0.00047726704636991417,1.5411205302724378,-0.22226165711555546,114.20432537165026,1435,-0.004366299111701832,-0.001859917557053281,-0.005709489402499157
15,0,2,1976.4284589066528,1773.7892137086353,416,416.0033861374007,0.000476609642130185,1.5412293957421122,-0.22343887113841956,114.71778618231217,1436,-0.0036401581231204627,0.00497568729707587,-0.00558445825514764
15,0,3,1977.205367799678,1774.0729956165865,418,417.9842602966462,0.00047590734424195517,1.5413819495923162,-0.2239799859427265,115.55500171463262,1437,-0.0032485017399516147,0.009761057887735403,-0.005425365428586515
15,0,4,1977.63915807855,1774.3849857326338,419,419.25061912419187,0.00047527692336365285,1.5415623420047955,-0.2241869062792031,116.54151095542913,1437,-0.0030298187860016146,0.01282031143106388,-0.005250458614478815
15,0,5,1977.8346747559324,1774.6930448133526,420,419.8678816230491,0.0004747901773237879,1.5417521337733309,-0.2241716829726374,117.43664330071438,1437,-0.0029312546488160507,0.014311486322190481,-0.005077755603729472
15,0,6,1977.8350364922642,1774.967017338494,420,419.9122760526262,0.00047448403573587087,1.5419320644308587,-0.22399207529398454,118.05047863350751,1437,-0.0029310722897973873,0.01441873382031944,-0.004924162079252947
15,0,7,1977.6677572381318,1775.181716131047,419,419.481936921409,0.00047436836139500845,1.5420844077173124,-0.22369037553063498,118.26786165896392,1437,-0.003015401338210655,0.0133791260224565,-0.004803798388652969
15,0,8,1977.3604255933033,1775.3203416651204,419,418.6978253657506,0.0004744319019598575,1.5421956243148447,-0.2233047556787786,118.05047863352002,1437,-0.003170333791072899,0.011484879302779305,-0.004726082623724537
15,0,9,1976.9475680917735,1775.3775047535478,418,417.68708014170824,0.00047464303904545704,1.5422588375754285,-0.22287291964896147,117.43664330068658,1436,-0.0033784640844251035,0.009043133850547003,-0.004694036051839268
15,0,10,1976.473379566193,1775.3609094413057,417,416.58320080338973,0.0004749556780307475,1.5422754865964257,-0.22243288801585256,116.54151095542913,1436,-0.003617512658249389,0.0063763961900191735,-0.004703339658088557
15,0,11,1975.9908674772314,1775.2907356349806,416,415.5124219956457,0.00047531308370592077,1.5422554432901174,-0.2220221169570187,115.55500171466105,1435,-0.0038607573183304655,0.0037896223701054943,-0.004742680253404963
15,0,12,1975.5570430506002,1775.1959875283392,415,414.5852031847652,0.00047565426972472346,1.542215005484464,-0.2216752115246018,114.71778618232396,1435,-0.0040794574868959765,0.0015496589640584535,-0.004795797607522911
15,0,13,1975.2227356362562,1775.1071967703422,414,413.8887013717569,0.0004759224861007871,1.542172290297841,-0.22141943794841815,114.20432537168821,1434,-0.004247989001908925,-0.00013294125400908907,-0.004845575173556771
15,0,14,1975.0101999568,1775.0439443332154,413,413.46634105989295,0.0004760800591237722,1.5421391811249823,-0.22126278312176537,113.97711411666955,1434,-0.00435513278190347,-0.0011532739215953658,-0.004881035534937905
15,1,0,1974.9880498750117,1773.5661893378024,413,413.173830356529,0.00047726704636989547,1.541120530272438,-0.22226165711555707,114.20432537167216,1435,-0.004366299111698391,-0.001859917557082147,-0.0057094894024960485
15,1,1,1974.5124951950304,1773.6410537376685,413,412.85044504466225,0.00047713603507678134,1.5411662386395877,-0.2217913463555632,114.26849170293818,1434,-0.004606036393164148,-0.002641147678963174,-0.005667519182937286
15,1,2,1975.6729738254294,1773.8383239652676,415,414.9158988727118,0.00047665673749944395,1.5412719708969171,-0.22272175573251743,114.60001072763947,1435,-0.004021014304722126,0.002348549399461275,-0.005556926233824755
15,1,3,1976.5425894267491,1774.1056578622797,417,416.71750640009265,0.0004760810605909783,1.5414227992523766,-0.22334736987823708,115.21434031022454,1436,-0.0035826224878465762,0.006700849941724485,-0.0054070544339684945
15,1,4,1977.0857520222755,1774.410252031196,418,417.95786370135966,0.00047553627570946707,1.5416048136871467,-0.223650322046618,115.99581932761257,1437,-0.0033088026107074286,0.009697289328693959,-0.005236293910026668
15,1,5,1977.3853691490233,1774.722643239225,419,418.63276041036943,0.0004750963509301937,1.5418022078913913,-0.22372044313412803,116.72947810891488,1437,-0.0031577592113449793,0.011327696211410165,-0.005061162237126937
15,1,6,1977.494978474582,1775.015619975435,419,418.80107146955044,0.0004748015497455953,1.5419982023929386,-0.22362231410181305,117.23971185776236,1437,-0.0031025028069000538,0.01173429992670827,-0.004896914637916527
15,1,7,1977.4476897158495,1775.2659184033594,419,418.5414041850059,0.0004746648508714009,1.5421768107440923,-0.22340148364464277,117.42137708053862,1437,-0.003126342081203659,0.011106999004528939,-0.004756593203510073
15,1,8,1977.270795556012,1775.4567257871543,418,417.95584967406086,0.000474680098779054,1.5423249168838276,-0.22309543629075937,117.23971185776391,1437,-0.003215518209148116,0.009692423867170508,-0.004649623431420502
15,1,9,1976.9942933277123,1775.5800497393093,417,417.1514127202284,0.0004748222967852155,1.5424342606376775,-0.22273921554737117,116.72947810887977,1436,-0.0033549088940099114,0.007749075309190445,-0.004580485986145355
15,1,10,1976.6547338732703,1775.6381455808637,416,416.24401273436996,0.0004750540684354842,1.5425028407831922,-0.22236745731751628,115.99581932761558,1436,-0.0035260880747239876,0.005556989968471093,-0.004547916497445126
15,1,11,1976.2955563920245,1775.6433607931997,415,415.34471513877395,0.00047532840840000176,1.5425352869066322,-0.2220143170144129,115.21434031018885,1435,-0.0037071571221802824,0.0033844782790584116,-0.004544992763238054
15,1,12,1975.965678189509,1775.6168987678748,415,414.5555763489376,0.00047559373697866127,1.5425425305658205,-0.22171253924582393,114.60001072765124,1435,-0.0038734557768145272,0.0014780868310173556,-0.004559827811870476
15,1,13,1975.725867745051,1775.5934039361575,414,413.97612161869125,0.0004757964575851151,1.5425458060965387,-0.2214951472468606,114.26849170285774,1435,-0.003994349348976911,7.82474662612831e-05,-0.004572999402739253
15,1,14,1975.748579298372,1775.7068703669233,414,413.74246718778494,0.00047585405355624315,1.5426417935675873,-0.22141943794841937,114.2043253716035,1435,-0.003982899969378173,-0.00048621193506792615,-0.004509388246831891
15,2,0,1976.428458906646,1773.7892137086324,416,416.00338613737307,0.0004766096421301518,1.5412293957421122,-0.22343887113842034,114.71778618232248,1436,-0.0036401581231239044,0.004975687297009035,-0.005584458255149305
15,2,1,1975.6729738254403,1773.8383239652792,415,414.9158988727334,0.00047665673749948574,1.5412719708969176,-0.22272175573251862,114.6000107276483,1435,-0.004021014304716686,0.0023485493995134554,-0.005556926233818205
15,2,2,1976.3755366368728,1774.038804444119,416,416.0562796757698,0.0004763249921254731,1.5413936661114975,-0.223227348742443,114.76679370699978,1436,-0.0036668373707867685,0.005103466834087911,-0.005444533564816778
15,2,3,1977.1290792045938,1774.3287513204964,417,417.398331197016,0.0004758587692153106,1.5415710622252126,-0.22372275849278334,115.21731324882023,1437,-0.003286960451772236,0.008345577823797301,-0.005281984555091324
15,2,4,1977.6935129026126,1774.6742895563543,418,418.4395279894219,0.000475381948728638,1.5417898984075669,-0.22400788096934934,115.91296803865676,1437,-0.003002417357093723,0.0108608877874381,-0.005088270110698123
15,2,5,1978.0519938054958,1775.044549194314,419,419.0387646395572,0.000474976821140007,1.5420346042232187,-0.22408324738841695,116.60815434947453,1437,-0.0028216994696826925,0.01230851606257044,-0.004880696439811927
15,2,6,1978.2280319796062,1775.410724961274,419,419.1839780411423,0.00047469068521503586,1.5422883334680206,-0.2239866950848005,117.09930152558945,1438,-0.0027329548624440703,0.012659320750526781,-0.004675412254486422
15,2,7,1978.2472775906,1775.747389007487,419,418.9249616470611,0.00047454443401297153,1.5425343050102898,-0.22375790712376717,117.27486962810532,1437,-0.002723252738473736,0.012033592241247337,-0.004486672827437421
15,2,8,1978.1348000074336,1776.0345478864008,418,418.3405159096214,0.00047453624695903955,1.5427575661471342,-0.22343421957336962,117.09930152558945,1437,-0.0027799550929017425,0.010621695664815745,-0.004325686815156438
15,2,9,1977.9189886412505,1776.259795870924,418,417.5311126663242,0.00047464686951971037,1.542946817068479,-0.22305227993220972,116.60815434950345,1437,-0.0028887502166090595,0.008666349607934443,-0.004199409073232241
15,2,10,1977.6350224722585,1776.4200109203284,417,416.6087137967871,0.0004748428567255954,1.5430959873429626,-0.22264956843543904,115.91296803867179,1437,-0.003031903633551769,0.00643803015485922,-0.0041095898692830035
15,2,11,1977.3268087267088,1776.5224877840903,416,415.68743925124204,0.0004750798908654194,1.5432055495547126,-0.22226481537945392,115.21731324887078,1436,-0.0031872807722467256,0.004212426829379057,-0.004052139646220088
15,2,12,1977.0497106911655,1776.5873426477776,415,414.8823264442796,0.0004753072442277307,1.5432849692159334,-0.22193798675791163,114.76679370693486,1436,-0.003326971816278279,0.0022674455540065974,-0.00401578093803201
15,2,13,1976.886994419475,1776.6628490754324,414,414.30927864814004,0.000475467144014721,1.5433651343425931,-0.22171253924582457,114.6000107276233,1436,-0.003409000567686782,0.0008830839791487133,-0.003973450787086663
15,2,14,1977.1540694088296,1777.0125549341906,414,414.15292800706993,0.0004754398134972881,1.5436409218757616,-0.22167521152460415,114.71778618231808,1436,-0.003274362355530136,0.0005053740897467129,-0.003777399904433487
15,3,0,1977.205367799699,1774.0729956166058,418,417.98426029666433,0.00047590734424195755,1.5413819495923173,-0.2239799859427293,115.5550017146117,1437,-0.0032485017399410676,0.009761057887779367,-0.005425365428575635
15,3,1,1976.5425894267225,1774.1056578622583,417,416.71750640012357,0.0004760810605910378,1.5414227992523766,-0.2233473698782375,115.21434031019926,1436,-0.00358262248786001,0.006700849941799314,-0.005407054433980485
15,3,2,1977.1290792045895,1774.3287513204882,417,417.3983311970457,0.0004758587692153022,1.541571062225213,-0.22372275849278447,115.21731324887224,1437,-0.0032869604517743456,0.008345577823869244,-0.0052819845550958755
15,3,3,1977.8704148165862,1774.6644894609587,418,418.3866961625024,0.0004754954491252477,1.5417920293008192,-0.22416369821361345,115.40153930835788,1437,-0.002913237320123385,0.010733257332160795,-0.005093764206105078
15,3,4,1978.5133955605227,1775.08000175516,419,419.2280376808584,0.0004750939922874688,1.5420708780453969,-0.22445893941893402,115.91450974862352,1438,-0.002589096980273764,0.012765759467569193,-0.0048608211484144626
15,3,5,1978.9898908901644,1775.54448912193,420,419.73080220207476,0.0004747315906837129,1.5423922893992412,-0.2245629703237159,116.56359264455308,1438,-0.002348885497203246,0.013980331601102458,-0.004600421855820769
15,3,6,1979.2941301669157,1776.027813088406,420,419.8368353222773,0.00047446005218827525,1.5427392756279787,-0.22448762630635566,117.0434587820626,1438,-0.0021955119732031125,0.014236485063797266,-0.004329462454192301
15,3,7,1979.4396393389147,1776.5018429818992,420,419.55849508344505,0.00047430532625461003,1.5430939496908003,-0.22426287114711255,117.21641553002716,1438,-0.0021221576886342186,0.013564074256231073,-0.004063713463445029
15,3,8,1979.4468221447344,1776.9422947542312,419,418.9572927851893,0.00047427252420547154,1.5434388394287326,-0.22392439462865998,117.04345878204879,1438,-0.0021185366826532714,0.012111697393378806,-0.0038167889222363582
15,3,9,1979.3419209155666,1777.3307403197678,418,418.1183321668257,0.0004743466543865994,1.5437584429949884,-0.2235111292506178,116.56359264456374,1438,-0.0021714196350491877,0.010084947005879252,-0.003599019919862223
15,3,10,1979.1591854306216,1777.6566033173121,417,417.1512653192694,0.0004744989030157928,1.544040921351566,-0.22306549421108013,115.91450974862651,1438,-0.0022635404998669895,0.007748719219829114,-0.0034163357391640004
15,3,11,1978.94351001514,1777.9194356951798,416,416.17730770912794,0.00047468902556686436,1.5442802433487972,-0.22263360487860326,115.40153930829673,1437,-0.0023722670879191554,0.005395844817199125,-0.003268987565319237
15,3,12,1978.7552329260109,1778.1341490138602,415,415.3236538387618,0.0004748690841850445,1.5444809283040914,-0.22226481537945364,115.21731324888563,1437,-0.002467181593884815,0.003333598658458392,-0.0031486157311321206
15,3,13,1978.6992158694632,1778.3601215444673,415,414.7247798414446,0.0004749807900656526,1.5446814114400595,-0.22201431701441138,115.21434031016805,1437,-0.002495420989726771,0.0018868464753898362,-0.003021931796701627
15,3,14,1979.334249873692,1779.0760442354704,415,414.6416247656069,0.0004748385814143913,1.5452406061441113,-0.22202211695701893,115.5550017146117,1437,-0.0021752867712638846,0.001685961501187494,-0.0026205737068456525
15,4,0,1977.6391580785116,1774.3849857326015,419,419.2506191241635,0.0004752769233636638,1.5415623420047961,-0.22418690627920396,116.5415109553972,1437,-0.0030298187860209325,0.012820311430995268,-0.005250458614497022
15,4,1,1977.085752022295,1774.4102520312165,418,417.9578637013353,0.000475536275709414,1.5416048136871474,-0.2236503220466194,115.99581932759448,1437,-0.0033088026106976587,0.009697289328635117,-0.005236293910015233
15,4,2,1977.6935129025999,1774.674289556342,418,418.43952798944184,0.0004753819487286733,1.541789898407567,-0.2240078809693493,115.91296803869739,1437,-0.0030024173571001622,0.010860887787486284,-0.0050882701107050066
15,4,3,1978.5133955605052,1775.0800017551467,419,419.2280376808481,0.0004750939922874681,1.542070878045397,-0.2244589394189336,115.91450974859795,1438,-0.002589096980282646,0.012765759467544324,-0.004860821148422012
15,4,4,1979.3059999126233,1775.5959413656433,420,419.9381776733563,0.00047475559035265293,1.5424329344483523,-0.2248045654732192,116.0599532684612,1439,-0.0021895281806184608,0.014481306626125123,-0.004571576877843264
15,4,5,1979.9768311054077,1776.1931126649622,420,420.3772962802359,0.0004744324232695463,1.5428617995086427,-0.2249746568350538,116.54976631707959,1439,-0.0018513478340662637,0.015542123769589633,-0.004236792780309417
15,4,6,1980.4952716590738,1776.8416309550228,420,420.46198442849965,0.0004741734750985359,1.5433411588991872,-0.22495819079598442,117.01183774770105,1439,-0.0015899908667824647,0.015746712320652945,-0.0038732227113530415
15,4,7,1980.8596501990587,1777.5116384812864,420,420.18103956317094,0.0004740072434223236,1.543852651695456,-0.2247720359818786,117.18274628278523,1440,-0.0014062998544178695,0.01506800928953611,-0.0034976054215120067
15,4,8,1981.081962771197,1778.174710920365,420,419.57009337112385,0.0004739411141747841,1.544376457986236,-0.22444672305906804,117.01183774770105,1440,-0.001294227333793807,0.01359209325203703,-0.003125876056136123
15,4,9,1981.183262792226,1778.8054144725581,419,418.7089089071043,0.00047396642405872843,1.5448921921363339,-0.22402143535630628,116.5497663170659,1439,-0.0012431598274138533,0.011511654780962388,-0.002772293223583411
15,4,10,1981.193920590411,1779.3830674758635,418,417.70085818067594,0.0004740587549699504,1.5453801626412143,-0.22354298074264797,116.05995326846421,1439,-0.0012377870034867566,0.009076418661783103,-0.0024484514052980355
15,4,11,1981.1558651550772,1779.8944091709034,417,416.6725818041576,0.00047418374030044257,1.545823671105548,-0.2230654942110782,115.91450974862202,1439,-0.0012569715620579514,0.00659232167445345,-0.002161784802096278
15,4,12,1981.1296753128988,1780.3419351485907,416,415.7636713023263,0.00047429952803951464,1.5462162130935435,-0.22264956843544004,115.91296803865524,1439,-0.0012701744214349553,0.0043965872484657,-0.0019108943444773319
15,4,13,1981.2476455143512,1780.7968237208443,415,415.12782416295886,0.0004743467466230954,1.5466036547484587,-0.22236745731751728,115.99581932756887,1439,-0.0012107031206975982,0.002860515819252285,-0.0016558762946915495
15,4,14,1982.429520325811,1782.0593521382286,415,415.1257633204677,0.0004740503726441963,1.5475934694175255,-0.22243288801585437,116.54151095543673,1440,-0.0006148947599358134,0.0028555372621827946,-0.0009480820029917902
15,5,0,1977.8346747559544,1774.6930448133708,420,419.8678816229916,0.0004747901773237293,1.5417521337733315,-0.22417168297263923,117.43664330068196,1437,-0.0029312546488049485,0.014311486322051703,-0.005077755603719258
15,5,1,1977.38536914904,1774.7226432392426,419,418.63276041043184,0.0004750963509302626,1.5418022078913913,-0.22372044313412734,116.7294781089225,1437,-0.0031577592113366526,0.011327696211560934,-0.005061162237116945
15,5,2,1978.051993805505,1775.0445491943217,419,419.03876463956743,0.00047497682114005764,1.542034604223219,-0.22408324738841665,116.60815434948063,1437,-0.0028216994696781406,0.012308516062595087,-0.004880696439807486
15,5,3,1978.9898908901723,1775.544489121935,420,419.7308022021412,0.0004747315906837805,1.542392289399242,-0.2245629703237166,116.563592644582,1438,-0.002348885497199249,0.013980331601262996,-0.004600421855817993
15,5,4,1979.9768311054,1776.1931126649572,420,420.37729628024294,0.0004744324232695661,1.5428617995086422,-0.22497465683505302,116.54976631706286,1439,-0.0018513478340701495,0.015542123769606508,-0.004236792780312193
15,5,5,1980.9042120556667,1776.965082936023,421,420.7961416958418,0.00047413336701112376,1.5434315770565308,-0.22523289799275004,116.62802861568676,1440,-0.0013838352697760348,0.016553965195516662,-0.0038040134909919088
15,5,6,1981.7209423766244,1777.8332523229046,421,420.8888767084377,0.0004738760365063627,1.544087889677417,-0.22530580887271223,116.99343075704986,1440,-0.0009721040534103054,0.01677799325905105,-0.003317303387835313
15,5,7,1982.4084863711557,1778.7685151571625,421,420.6245821622148,0.0004736863797556561,1.5448138563672533,-0.2251937207494307,117.16150663250137,1441,-0.0006254984261802043,0.01613951385698309,-0.002792979589486211
15,5,8,1982.9665521607146,1779.7401959146139,420,420.0281608679479,0.00047357396777682014,1.5455889154806266,-0.22491693466244342,116.9934307570468,1441,-0.00034416553030125474,0.014698686882737011,-0.0022482393016569624
15,5,9,1983.4064389117116,1780.716378954755,419,419.16297285961247,0.00047353149979501946,1.5463883697442034,-0.22451023642656223,116.62802861569435,1441,-0.00012240921441142305,0.01260857670024218,-0.00170097495975996
15,5,10,1983.749130853563,1781.6642873642727,418,418.13134739505506,0.0004735400960049405,1.5471831457625362,-0.22402143535630767,116.54976631706741,1441,5.034912017776172e-05,0.010116389028639095,-0.001169561842975897
15,5,11,1984.026363948587,1782.5520215143226,417,417.0625227024376,0.0004735722301035845,1.5479409814173413,-0.22351112925061556,116.56359264453485,1441,0.00019010825058107805,0.007534335935185377,-0.0006718834103160987
15,5,12,1984.291081678311,1783.360394693656,416,416.1061622556542,0.0004735943940681953,1.5486361858515787,-0.22305227993220966,116.60815434949433,1441,0.00032355811776008103,0.0052239725359017886,-0.00021869604913127283
15,5,13,1984.706152980231,1784.1709991862556,415,415.4377615210094,0.00047354766439326257,1.5493198496131448,-0.22273921554736775,116.7294781089286,1441,0.000532804435219747,0.003609258545406391,0.000235742223138935
15,5,14,1986.6839012935975,1786.2320820617563,416,415.51767723870677,0.00047304615928769216,1.550951992219924,-0.22287291964896158,117.4366433007113,1443,0.0015298296439480996,0.003802317919428422,0.0013912193386733662
15,6,0,1977.835036492267,1774.9670173384957,420,419.9122760526308,0.0004744840357358995,1.5419320644308585,-0.22399207529398313,118.05047863352625,1437,-0.002931072289795944,0.014418733820330543,-0.004924162079252059
15,6,1,1977.4949784745716,1775.0156199754244,419,418.80107146955805,0.0004748015497455544,1.5419982023929388,-0.2236223141018143,117.23971185772696,1437,-0.003102502806905272,0.011734299926726699,-0.0048969146379224116
15,6,2,1978.228031979613,1775.4107249612805,419,419.1839780411745,0.0004746906852150661,1.542288333468021,-0.2239866950848016,117.09930152556795,1438,-0.0027329548624406286,0.012659320750604719,-0.004675412254482647
15,6,3,1979.2941301669168,1776.0278130884058,420,419.83683532227104,0.0004744600521882666,1.5427392756279796,-0.22448762630635838,117.04345878209328,1438,-0.0021955119732025574,0.014236485063782167,-0.004329462454192412
15,6,4,1980.4952716590728,1776.841630955019,420,420.4619844285373,0.0004741734750985563,1.5433411588991874,-0.2249581907959861,117.01183774771027,1439,-0.0015899908667829088,0.01574671232074376,-0.003873222711355262
15,6,5,1981.7209423766187,1777.8332523228996,421,420.88887670844093,0.00047387603650636756,1.5440878896774162,-0.22530580887270876,116.99343075702073,1440,-0.000972104053413192,0.01677799325905882,-0.0033173033878380886
15,6,6,1982.9078877185516,1778.9821292515276,421,421.01073714615956,0.0004736011654744626,1.5449717779395469,-0.2254816932372993,117.01067885210315,1441,-0.00037373952983255077,0.01707238215403306,-0.002673223998612917
15,6,7,1984.023978313913,1780.26456079221,421,420.78492699274364,0.0004733700577650924,1.5459814869409962,-0.22546849369602073,117.14941616903843,1442,0.0001889056011374901,0.016526872858459996,-0.001954271687130471
15,6,8,1985.0565881407892,1781.6524403206906,420,420.22159116657286,0.00047318920001343935,1.547099980561383,-0.22527197313533237,117.01067885205563,1442,0.0007094662919080452,0.01516597333708436,-0.0011762034913581632
15,6,9,1986.0050076979933,1783.111279852805,419,419.3760208879481,0.00047305147339000525,1.5483018222103533,-0.2249169346624441,116.99343075703914,1443,0.001187584867761382,0.013123255416422452,-0.00035835394506789076
15,6,10,1986.8760694205637,1784.5973725205597,418,418.34598783319154,0.0004729408030767316,1.5495497674946008,-0.22444672305906782,117.01183774771178,1443,0.0016267057052772316,0.010634914668155693,0.0004747741593693622
15,6,11,1987.6826795194722,1786.0558807470898,417,417.2619825819598,0.0004728365839921677,1.5507922835133063,-0.2239243946286615,117.04345878208099,1444,0.0020333351013392953,0.00801618857434816,0.0012924379702750066
15,6,12,1988.4568992871525,1787.4340384965024,416,416.2816664275866,0.0004727164106223612,1.5519737262182973,-0.22343421957336582,117.09930152558945,1444,0.002423635838928684,0.005647953281464613,0.0020650559760675424
15,6,13,1989.3851017872237,1788.8146813852381,416,415.60010374200687,0.00047252607753022044,1.5531412617331515,-0.22309543629075768,117.23971185775005,1444,0.0028915625640437703,0.0040014428173640315,0.0028390671920270893
15,6,14,1992.5336477942697,1792.0544491380372,416,415.75929400948894,0.0004717439012384838,1.5557431441371423,-0.22330475567877692,118.05047863351064,1447,0.004478811921633907,0.004386012640122727,0.0046553345253317335
15,7,0,1977.6677572381275,1775.181716131043,419,419.48193692141,0.00047436836139503355,1.5420844077173126,-0.22369037553063523,118.26786165898116,1437,-0.0030154013382128753,0.013379126022458943,-0.004803798388655189
15,7,1,1977.4476897158281,1775.2659184033407,419,418.5414041849504,0.00047466485087136574,1.5421768107440927,-0.22340148364464416,117.42137708056025,1437,-0.0031263420812144282,0.011106999004395046,-0.004756593203520509
15,7,2,1978.2472775905842,1775.7473890074716,419,418.9249616470914,0.0004745444340129781,1.54253430501029,-0.22375790712376784,117.27486962808376,1437,-0.0027232527384818406,0.012033592241320612,-0.004486672827446081
15,7,3,1979.4396393389472,1776.5018429819254,420,419.55849508336996,0.00047430532625458076,1.5430939496908003,-0.22426287114711196,117.2164155300364,1438,-0.0021221576886178983,0.013564074256049663,-0.004063713463430374
15,7,4,1980.859650199077,1777.5116384813027,420,420.1810395632095,0.00047400724342233305,1.543852651695456,-0.22477203598188003,117.18274628278982,1440,-0.0014062998544086547,0.015068009289629147,-0.003497605421502792
15,7,5,1982.4084863711464,1778.7685151571561,421,420.62458216217595,0.00047368637975558745,1.5448138563672533,-0.22519372074943036,117.16150663249982,1441,-0.0006254984261849783,0.016139513856889165,-0.0027929795894897635
15,7,6,1984.0239783139334,1780.2645607922268,421,420.784926992763,0.0004733700577651068,1.545981486940996,-0.22546849369602154,117.1494161690415,1442,0.00018890560114770416,0.016526872858506847,-0.001954271687121034
15,7,7,1985.6710680180008,1781.9895359408672,421,420.6076480252661,0.000473071642620534,1.5473570511109007,-0.22556354533331874,117.14546572702633,1443,0.001019238735497252,0.01609860458440049,-0.0009872221168143458
15,7,8,1987.3329856651308,1783.927753354738,420,420.09492601952536,0.000472791968877787,1.548935957790292,-0.225468493696019,117.14941616906762,1444,0.0018570469529639588,0.014859977286445059,9.937459080888722e-05
15,7,9,1989.0029812236855,1786.0528749897485,419,419.2923055692433,0.0004725189203386002,1.5507017981998716,-0.2251937207494294,117.16150663248754,1445,0.002698927418284258,0.01292101701463011,0.001290752893045033
15,7,10,1990.6765155188787,1788.3196215214834,418,418.2937921847126,0.00047223522490287486,1.5526177100167116,-0.22477203598187664,117.1827462827883,1446,0.0035425918364015985,0.010508821084660891,0.002561528452470485
15,7,11,1992.3440671944122,1790.6534435056858,417,417.2302034820584,0.00047192497883308406,1.5546157602760773,-0.22426287114710935,117.2164155300241,1447,0.004383240288041268,0.00793941702914136,0.003869907618845314
15,7,12,1994.001063539714,1792.9571666051609,416,416.26376888070115,0.0004715790351048492,1.5566001853219849,-0.2237579071237661,117.27486962809147,1448,0.005218567572039534,0.005604716615414729,0.005161412853114333
15,7,13,1995.8353229095785,1795.2940562196309,416,415.6001523238863,0.00047115476482432003,1.5585943403813491,-0.22340148364464274,117.4213770805587,1449,0.006143256936576469,0.004001560180850294,0.006471511783703976
15,7,14,2000.777073007993,1800.3414398744494,416,415.83860239700743,0.0004699618239094986,1.562717725368948,-0.2236903755306336,118.26786165898274,1452,0.0086344988150584,0.004577604833625903,0.009301158459143144
15,8,0,1977.3604255933042,1775.3203416651215,419,418.6978253657506,0.0004744319019598531,1.5421956243148451,-0.22330475567878044,118.05047863353249,1437,-0.003170333791072455,0.011484879302779305,-0.004726082623723871
15,8,1,1977.270795555979,1775.4567257871258,418,417.9558496741272,0.00047468009877912437,1.542324916883828,-0.22309543629076095,117.23971185778544,1437,-0.0032155182091647694,0.009692423867330824,-0.004649623431436378
15,8,2,1978.134800007427,1776.0345478863974,418,418.34051590955175,0.0004745362469589638,1.5427575661471338,-0.22343421957336876,117.09930152563243,1437,-0.002779955092905073,0.010621695664647657,-0.004325686815158436
15,8,3,1979.4468221447494,1776.9422947542453,419,418.95729278519974,0.00047427252420547533,1.5434388394287326,-0.22392439462866068,117.04345878208254,1438,-0.002118536682645722,0.01211169739340412,-0.0038167889222284757
15,8,4,1981.0819627712315,1778.1747109203936,420,419.57009337110446,0.0004739411141747678,1.5443764579862358,-0.22444672305906577,117.01183774772407,1440,-0.0012942273337763766,0.0135920932519904,-0.003125876056120136
15,8,5,1982.9665521606937,1779.7401959145943,420,420.0281608679661,0.00047357396777684664,1.545588915480626,-0.22491693466244264,116.99343075701309,1441,-0.00034416553031180186,0.014698686882780976,-0.0022482393016679536
15,8,6,1985.0565881407974,1781.652440320695,420,420.22159116657923,0.00047318920001342834,1.5470999805613814,-0.22527197313532873,117.01067885208016,1442,0.000709466291912042,0.015165973337099903,-0.0011762034913557207
15,8,7,1987.3329856651537,1783.9277533547559,420,420.09492601954827,0.0004727919688778034,1.548935957790292,-0.22546849369601943,117.149416169083,1444,0.0018570469529755051,0.014859977286500348,9.937459081910127e-05
15,8,8,1989.7952391095619,1786.5809213803104,420,419.6403281106612,0.0004723716467877982,1.5511211988243583,-0.22548169323730072,117.0106788520909,1446,0.0030983215569084788,0.013761765442194207,0.0015867844245702756
15,8,9,1992.4525134818257,1789.6170455925221,419,418.90332496967807,0.00047190642738001383,1.5536696495927829,-0.2253058088727116,116.99343075702687,1447,0.004437910380091559,0.011981322631315239,0.0032888858241939545
15,8,10,1995.311381294162,1793.0166460963674,418,417.9722789474878,0.0004713688387664968,1.5565698282162175,-0.22495819079598678,117.01183774771027,1449,0.005879126766452414,0.009732113496880856,0.005194758038671532
15,8,11,1998.3584201060892,1796.7116934614846,417,416.97915747187415,0.0004707400565774101,1.5597609630737035,-0.22448762630635818,117.0434587820595,1451,0.00741520417677477,0.007332943271870507,0.007266262645283517
15,8,12,2001.5534863004275,1800.5700476632182,416,416.08741301010724,0.0004700214406857869,1.5631146319687557,-0.22398669508479724,117.09930152558636,1453,0.009025905355373398,0.005178678347061538,0.00942931976284167
15,8,13,2005.056081712209,1804.6113182231875,416,415.50055659335374,0.00046918961757220514,1.566606330283675,-0.223622314101813,117.23971185775466,1455,0.01079163858741361,0.0037609580822155486,0.011694922813176634
15,8,14,2012.9453313612526,1812.6245789945358,416,415.8487612033627,0.0004673377848888714,1.573280541992444,-0.22399207529398338,118.05047863351689,1461,0.014768778006462702,0.004602146348765324,0.016187289205698896
15,9,0,1976.9475680917644,1775.3775047535416,418,417.6870801417239,0.00047464303904545693,1.542258837575429,-0.2228729196489616,117.43664330073909,1436,-0.0033784640844296554,0.009043133850584972,-0.004694036051842709
15,9,1,1976.9942933276923,1775.5800497392943,417,417.1514127202666,0.0004748222967852628,1.5424342606376775,-0.22273921554737253,116.72947810890572,1436,-0.0033549088940200145,0.007749075309282816,-0.004580485986153793
15,9,2,1977.91898864124,1776.2597958709148,418,417.53111266632357,0.00047464686951970457,1.542946817068479,-0.22305227993221052,116.60815434948822,1437,-0.0028887502166143886,0.008666349607932888,-0.004199409073237459
15,9,3,1979.3419209155397,1777.3307403197427,418,418.1183321668038,0.0004743466543865416,1.5437584429949887,-0.22351112925061786,116.56359264457592,1438,-0.0021714196350627324,0.010084947005826184,-0.003599019919876212
15,9,4,1981.1832627922258,1778.805414472559,419,418.7089089071163,0.0004739664240587602,1.5448921921363332,-0.22402143535630623,116.54976631710544,1439,-0.0012431598274139644,0.011511654780991476,-0.0027722932235829667
15,9,5,1983.4064389117325,1780.716378954776,419,419.1629728596252,0.00047353149979506847,1.5463883697442038,-0.2245102364265639,116.62802861575072,1441,-0.00012240921440087593,0.012608576700272822,-0.0017009749597483026
15,9,6,1986.0050076980156,1783.1112798528288,419,419.3760208879026,0.0004730514733899501,1.548301822210353,-0.2249169346624431,116.99343075703607,1443,0.0011875848677727063,0.01312325541631254,-0.00035835394505445706
15,9,7,1989.0029812236623,1786.0528749897285,419,419.2923055692769,0.0004725189203385836,1.550701798199872,-0.22519372074943128,117.16150663252287,1445,0.00269892741827249,0.012921017014711378,0.0012907528930337087
15,9,8,1992.4525134818105,1789.6170455925085,419,418.90332496972394,0.0004719064273800161,1.553669649592783,-0.2253058088727131,116.99343075703301,1447,0.004437910380083787,0.011981322631426039,0.003288885824186405
15,9,9,1996.426793742729,1793.8852615583244,418,418.25236118740656,0.0004711700645082169,1.557291024991418,-0.22523289799274948,116.62802861573547,1450,0.006441430029124895,0.010408732608507831,0.005681718218885967
15,9,10,2001.0059275956946,1798.9268573556449,417,417.43404343614435,0.0004702584063096049,1.5616377785178266,-0.22497465683505058,116.54976631709327,1453,0.008749869305595182,0.008431850996706292,0.008508120125778396
15,9,11,2006.2506468840224,1804.763833346903,417,416.5869108224218,0.0004691294762020427,1.566732250108025,-0.22456297032371728,116.56359264453636,1456,0.011393844430147793,0.006385358806793251,0.011780425311557874
15,9,12,2012.1680204471284,1811.321787615544,416,415.87662949055766,0.0004677736934975756,1.5724953422961205,-0.2240832473884145,116.60815434946538,1460,0.014376918955862683,0.00466947020239461,0.015456922832452147
15,9,13,2018.9288512703272,1818.627090919153,415,415.4935856364735,0.00046617862105083894,1.5788946026425328,-0.22372044313412418,116.72947810889505,1465,0.017785198319379525,0.003744117733277763,0.019552396570890362
15,9,14,2032.2085659152374,1832.03837515656,416,416.0756149291455,0.00046314120688610257,1.5903002508798263,-0.22417168297263648,117.43664330070821,1474,0.024479786390172675,0.005150176693184738,0.027070984110698193
15,10,0,1976.4733795661732,1775.3609094412918,417,416.58320080340576,0.0004749556780307324,1.542275486596426,-0.22243288801585323,116.5415109553987,1436,-0.00361751265825927,0.006376396190058031,-0.004703339658096328
15,10,1,1976.6547338732198,1775.638145580822,416,416.24401273430857,0.0004750540684354386,1.5425028407831924,-0.2223674573175167,115.99581932758242,1436,-0.0035260880747494117,0.0055569899683227675,-0.0045479164974685515
15,10,2,1977.6350224722653,1776.420010920336,417,416.6087137967808,0.00047484285672559336,1.5430959873429633,-0.2226495684354412,115.91296803866878,1437,-0.0030319036335483274,0.006438030154844121,-0.004109589869278785
15,10,3,1979.1591854306357,1777.6566033173226,417,417.1512653192428,0.00047449890301570736,1.544040921351566,-0.22306549421108043,115.91450974863857,1438,-0.002263540499859884,0.0077487192197649435,-0.003416335739158116
15,10,4,1981.1939205904155,1779.3830674758672,418,417.7008581806797,0.0004740587549699317,1.5453801626412136,-0.22354298074264964,116.05995326849437,1439,-0.0012377870034844252,0.009076418661792207,-0.002448451405296037
15,10,5,1983.7491308535612,1781.6642873642684,418,418.1313473950329,0.00047354009600492146,1.547183145762536,-0.22402143535630817,116.54976631705829,1441,5.034912017687354e-05,0.010116389028585582,-0.0011695618429783394
15,10,6,1986.8760694205575,1784.5973725205524,418,418.3459878332239,0.00047294080307676333,1.5495497674946004,-0.22444672305906585,117.0118377477164,1443,0.001626705705274345,0.010634914668233852,0.0004747741593653654
15,10,7,1990.6765155188732,1788.319621521479,418,418.29379218481154,0.0004722352249029277,1.5526177100167113,-0.22477203598187542,117.1827462828006,1446,0.003542591836398934,0.010508821084899811,0.0025615284524678206
15,10,8,1995.3113812941203,1793.0166460963303,418,417.9722789474787,0.00047136883876648455,1.5565698282162188,-0.22495819079598947,117.01183774769798,1449,0.005879126766431542,0.009732113496858874,0.005194758038650882
15,10,9,2001.0059275956846,1798.9268573556378,417,417.4340434362323,0.0004702584063096468,1.5616377785178273,-0.22497465683505247,116.54976631707501,1453,0.008749869305590074,0.008431850996918788,0.008508120125774399
15,10,10,2008.0486953033649,1806.3372480165342,417,416.79440097161915,0.00046879995973543364,1.5680960553329608,-0.2248045654732183,116.05995326844308,1458,0.012300279080341925,0.006886610869266008,0.012662507573079518
15,10,11,2016.7828370043444,1815.5661100792217,416,416.2122592804793,0.0004668814702049952,1.5762400221916761,-0.22445893941893402,115.9145097486175,1464,0.01670334664643658,0.005480280378570512,0.01783636013505774
15,10,12,2027.5972999207734,1826.9364432136958,416,415.8777066146683,0.0004644093871402899,1.5863468511023462,-0.2240078809693504,115.91296803868083,1471,0.022155148614192655,0.004672072305116348,0.02421075676367246
15,10,13,2041.1602859243642,1840.978994941291,416,415.988667649352,0.0004612818314218932,1.5988142189568588,-0.22365032204661822,115.99581932760353,1480,0.02899253983319583,0.004940130560915357,0.03208324328899104
15,10,14,2065.917066789896,1865.8082704176948,417,417.2082217704663,0.0004557892011260434,1.6203819033542028,-0.22418690627920657,116.54151095540024,1497,0.04147296236374731,0.007886313889956975,0.046002945378269766
15,11,0,1975.9908674772232,1775.290735634975,416,415.5124219956454,0.0004753130837059006,1.542255443290118,-0.22202211695701962,115.55500171466555,1435,-0.0038607573183345734,0.003789622370104828,-0.0047426802534081824
15,11,1,1976.2955563920268,1775.643360793202,415,415.34471513878987,0.00047532840840000046,1.5425352869066324,-0.22201431701441315,115.21434031017547,1435,-0.003707157122179172,0.0033844782790970473,-0.0045449927632367215
15,11,2,1977.3268087267131,1776.5224877840924,416,415.68743925120395,0.0004750798908653959,1.5432055495547128,-0.22226481537945358,115.21731324885887,1436,-0.003187280772244505,0.00421242682928713,-0.004052139646218977
15,11,3,1978.943510015132,1777.9194356951743,416,416.177307709172,0.00047468902556686913,1.5442802433487972,-0.2226336048786046,115.40153930829375,1437,-0.0023722670879231522,0.005395844817305484,-0.0032689875653223455
15,11,4,1981.1558651550802,1779.8944091709059,417,416.6725818041101,0.0004741837403003831,1.5458236711055495,-0.22306549421108093,115.91450974859944,1439,-0.001256971562056397,0.006592321674338875,-0.002161784802094835
15,11,5,1984.0263639485554,1782.5520215142956,417,417.06252270238633,0.0004735722301035561,1.5479409814173413,-0.22351112925061667,116.56359264451658,1441,0.00019010825056531289,0.007534335935061476,-0.0006718834103313087
15,11,6,1987.682679519448,1786.055880747069,417,417.26198258199884,0.00047283658399218086,1.5507922835133063,-0.22392439462866207,117.04345878205798,1444,0.002033335101327083,0.008016188574442529,0.0012924379702634603
15,11,7,1992.344067194425,1790.653443505697,417,417.2302034820827,0.000471924978833132,1.5546157602760782,-0.22426287114711166,117.21641553004717,1447,0.004383240288047707,0.00793941702919998,0.0038699076188515313
15,11,8,1998.35842010613,1796.7116934615196,417,416.9791574719033,0.00047074005657740924,1.559760963073704,-0.22448762630635835,117.0434587820948,1451,0.00741520417679542,0.007332943271941117,0.007266262645303279
15,11,9,2006.2506468840024,1804.7638333468865,417,416.5869108224605,0.0004691294762020727,1.5667322501080247,-0.22456297032371822,116.56359264455462,1456,0.011393844430137579,0.006385358806886732,0.011780425311548548
15,11,10,2016.7828370043658,1815.5661100792402,416,416.2122592804547,0.00046688147020503056,1.5762400221916764,-0.224458939418932,115.91450974859643,1464,0.01670334664644746,0.005480280378511226,0.017836360135068174
15,11,11,2031.048156740486,1830.184259104424,416,416.08303130352766,0.00046372033277239925,1.5892721560185343,-0.2241636982136117,115.40153930829375,1473,0.023894799315807624,0.005168093076056479,0.026031536016080548
15,11,12,2050.7523123288756,1850.2577876340933,416,416.4842167982657,0.00045928159635607257,1.6073060918004214,-0.22372275849278367,115.21731324885887,1487,0.033828085419786325,0.006137271889843365,0.03728508778722173
15,11,13,2079.370066629084,1879.1158659903306,418,417.7660641003946,0.0004529234977347393,1.6332330467544092,-0.22334736987823378,115.21434031020372,1506,0.04825490720578718,0.009233942293005448,0.05346340333934618
15,11,14,2134.1302958020237,1933.6113478556297,421,420.9482405794162,0.0004413976196956294,1.6814934924514824,-0.22397998594272756,115.55500171462964,1544,0.07586070949729784,0.01692140374325679,0.08401447090865766
15,12,0,1975.5570430505843,1775.1959875283262,415,414.58520318479816,0.00047565426972472947,1.5422150054844643,-0.22167521152460246,114.71778618232396,1435,-0.004079457486904081,0.0015496589641381675,-0.004795797607530128
15,12,1,1975.9656781895096,1775.6168987678757,415,414.55557634903005,0.00047559373697875164,1.5425425305658214,-0.22171253924582462,114.60001072765124,1435,-0.003873455776814194,0.0014780868312405104,-0.004559827811870032
15,12,2,1977.049710691163,1776.5873426477756,415,414.882326444339,0.00047530724422777164,1.5432849692159332,-0.22193798675791251,114.76679370695257,1436,-0.0033269718162795003,0.0022674455541502603,-0.00401578093803312
15,12,3,1978.755232926025,1778.134149013871,415,415.3236538387929,0.0004748690841850714,1.544480928304091,-0.22226481537945256,115.21731324887375,1437,-0.0024671815938777097,0.003333598658533443,-0.0031486157311261254
15,12,4,1981.129675312911,1780.3419351486025,416,415.7636713023123,0.0004742995280394908,1.5462162130935446,-0.22264956843544165,115.91296803864923,1439,-0.001270174421428738,0.004396587248431727,-0.0019108943444707815
15,12,5,1984.2910816783005,1783.3603946936441,416,416.1061622556542,0.00047359439406818567,1.548636185851578,-0.22305227993220947,116.60815434947148,1441,0.00032355811775475196,0.0052239725359017886,-0.00021869604913793417
15,12,6,1988.4568992871368,1787.4340384964896,416,416.281666427542,0.00047271641062233494,1.5519737262182982,-0.22343421957336865,117.09930152558636,1444,0.0024236358389206902,0.005647953281357143,0.002065055976060437
15,12,7,1994.001063539688,1792.9571666051381,416,416.26376888072576,0.00047157903510484695,1.5566001853219846,-0.22375790712376517,117.27486962812226,1448,0.0052185675720264335,0.005604716615474237,0.005161412853101455
15,12,8,2001.5534863004534,1800.5700476632387,416,416.08741301012304,0.0004700214406857908,1.5631146319687559,-0.22398669508479818,117.09930152557715,1453,0.009025905355386499,0.00517867834709973,0.009429319762853217
15,12,9,2012.1680204471197,1811.3217876155345,416,415.87662949058176,0.00046777369349756883,1.5724953422961214,-0.22408324738841714,116.608154349473,1460,0.014376918955858464,0.004669470202452786,0.015456922832446818
15,12,10,2027.5972999207734,1826.9364432136947,416,415.87770661466305,0.00046440938714028195,1.586346851102346,-0.22400788096934982,115.91296803865676,1471,0.022155148614192655,0.004672072305103914,0.024210756763671792
15,12,11,2050.752312328894,1850.2577876341118,416,416.48421679824577,0.00045928159635609154,1.6073060918004205,-0.22372275849278123,115.21731324883658,1487,0.03382808541979543,0.006137271889795182,0.03728508778723216
15,12,12,2086.8855982826603,1886.4061598962885,418,418.2716920425304,0.0004513593136864403,1.6400633640094684,-0.22322734874243894,114.76679370694077,1512,0.05204364739328726,0.01045543184236375,0.057550462561459126
15,12,13,2149.937664035645,1949.0375613204917,422,422.26137731124896,0.00043815168651047766,1.6968654442988085,-0.2227217557325163,114.60001072762476,1555,0.08382954178301238,0.020093662752592945,0.09266266106630283
15,12,14,2306.595475228845,2103.947348706951,432,432.2514403601106,0.000408761747559891,1.836021374601085,-0.22343887113841784,114.71778618234606,1664,0.16280409372585458,0.044227529959517176,0.17950764746883574
15,13,0,1975.2227356362562,1775.1071967703415,414,413.88870137175275,0.00047592248610078754,1.542172290297841,-0.2214194379484182,114.20432537168821,1434,-0.004247989001908925,-0.0001329412540191921,-0.004845575173557104
15,13,1,1975.7258677450504,1775.5934039361568,414,413.9761216187287,0.00047579645758514757,1.5425458060965391,-0.2214951472468622,114.26849170288847,1435,-0.003994349348977133,7.824746635187729e-05,-0.004572999402739586
15,13,2,1976.8869944194737,1776.6628490754324,414,414.30927864817033,0.0004754671440147276,1.5433651343425923,-0.22171253924582346,114.60001072766595,1436,-0.003409000567687448,0.000883083979221766,-0.003973450787086663
15,13,3,1978.699215869442,1778.3601215444496,415,414.724779841472,0.0004749807900656872,1.5446814114400598,-0.22201431701441243,115.21434031019629,1437,-0.002495420989737429,0.0018868464754560055,-0.003021931796711508
15,13,4,1981.2476455143574,1780.7968237208477,415,415.12782416294215,0.0004743467466230925,1.5466036547484583,-0.22236745731751784,115.99581932761257,1439,-0.0012107031206946006,0.002860515819211873,-0.0016558762946896621
15,13,5,1984.7061529802322,1784.1709991862574,415,415.4377615209586,0.00047354766439325834,1.5493198496131448,-0.2227392155473687,116.72947810889656,1441,0.0005328044352204131,0.0036092585452836,0.00023574222313982318
15,13,6,1989.38510178722,1788.8146813852334,416,415.60010374207764,0.00047252607753028945,1.553141261733152,-0.2230954362907599,117.23971185778699,1444,0.002891562564041994,0.004001442817535006,0.002839067192024425
15,13,7,1995.8353229095762,1795.29405621963,416,415.6001523238728,0.00047115476482432176,1.558594340381348,-0.2234014836446397,117.42137708056642,1449,0.006143256936575359,0.004001560180817654,0.00647151178370331
15,13,8,2005.0560817122102,1804.6113182231886,416,415.5005565933151,0.00046918961757214214,1.5666063302836732,-0.22362231410181116,117.23971185777621,1455,0.010791638587414276,0.00376095808212229,0.0116949228131773
15,13,9,2018.9288512703238,1818.6270909191517,415,415.49358563651185,0.0004661786210508579,1.5788946026425337,-0.22372044313412695,116.72947810892556,1465,0.01778519831937775,0.0037441177333705777,0.019552396570889696
15,13,10,2041.1602859243771,1840.9789949413043,416,415.98866764933166,0.0004612818314219083,1.5988142189568582,-0.22365032204661506,115.99581932761104,1480,0.02899253983320227,0.004940130560866285,0.032083243288998586
15,13,11,2079.370066629061,1879.1158659903092,418,417.76606410036413,0.00045292349773469817,1.6332330467544096,-0.22334736987823514,115.21434031021263,1506,0.048254907205775854,0.00923394229293173,0.05346340333933419
15,13,12,2149.9376640356563,1949.0375613205042,422,422.261377311233,0.0004381516865104595,1.6968654442988078,-0.22272175573251493,114.60001072766744,1555,0.08382954178301816,0.02009366275255431,0.09266266106630994
15,13,13,2299.4978139291384,2096.5186251974287,433,432.617004822359,0.00040994089370430346,1.8313317017949202,-0.2217913463555616,114.26849170284899,1660,0.15922601091774546,0.045110655936232424,0.17534298232367518
15,13,14,2961.4543189477113,2750.552315251663,471,470.62823819373267,0.000319850719933013,2.4218939848011023,-0.22226165711555634,114.20432537163272,2120,0.4929324376277384,0.13693770988667464,0.5420050756480843
15,14,0,1975.0101999568117,1775.0439443332266,413,413.4663410599121,0.00047608005912377416,1.5421391811249827,-0.2212627831217661,113.97711411661864,1434,-0.004355132781897586,-0.0011532739215490695,-0.004881035534931688
15,14,1,1975.748579298372,1775.7068703669222,414,413.74246718774634,0.0004758540535562674,1.5426417935675862,-0.22141943794841648,114.20432537166047,1435,-0.003982899969378173,-0.0004862119351611849,-0.0045093882468325575
15,14,2,1977.1540694088421,1777.0125549341983,414,414.1529280071074,0.00047543981349733457,1.5436409218757612,-0.22167521152460323,114.7177861823785,1436,-0.0032743623555238077,0.0005053740898373071,-0.0037773999044290463
15,14,3,1979.3342498736797,1779.076044235459,415,414.6416247655851,0.0004748385814143855,1.5452406061441109,-0.2220221169570178,115.5550017146491,1437,-0.002175286771270102,0.0016859615011348694,-0.0026205737068519808
15,14,4,1982.4295203257923,1782.0593521382114,415,415.12576332043926,0.00047405037264417295,1.5475934694175253,-0.2224328880158543,116.54151095541545,1440,-0.0006148947599452503,0.0028555372621139608,-0.0009480820030014492
15,14,5,1986.6839012935893,1786.2320820617476,416,415.51767723870677,0.00047304615928768674,1.5509519922199233,-0.22287291964896128,117.43664330070821,1443,0.0015298296439441028,0.003802317919428422,0.0013912193386684812
15,14,6,1992.5336477942897,1792.054449138056,416,415.7592940094648,0.00047174390123847794,1.5557431441371434,-0.2233047556787791,118.05047863349974,1447,0.004478811921644121,0.0043860126400643296,0.004655334525342392
15,14,7,2000.7770730079858,1800.3414398744442,416,415.83860239702045,0.0004699618239094982,1.5627177253689486,-0.22369037553063484,118.26786165896706,1452,0.008634498815054625,0.004577604833657212,0.009301158459140035
15,14,8,2012.9453313612241,1812.6245789945115,416,415.8487612033636,0.0004673377848888979,1.5732805419924434,-0.2239920752939799,118.05047863349505,1461,0.01476877800644849,0.004602146348767544,0.01618728920568513
15,14,9,2032.2085659151962,1832.0383751565223,416,416.07561492913413,0.0004631412068861114,1.590300250879827,-0.22417168297263645,117.43664330073601,1474,0.024479786390152025,0.005150176693157205,0.0270709841106771
15,14,10,2065.917066789903,1865.8082704177023,417,417.20822177048666,0.0004557892011260653,1.6203819033542017,-0.22418690627920385,116.5415109553972,1497,0.041472962363750865,0.007886313890006047,0.046002945378273985
15,14,11,2134.13029580201,1933.611347855618,421,420.94824057940633,0.0004413976196956145,1.6814934924514826,-0.2239799859427276,115.5550017146431,1544,0.07586070949729096,0.016921403743233032,0.084014470908651
15,14,12,2306.5954752288385,2103.9473487069454,432,432.2514403601106,0.0004087617475598612,1.8360213746010858,-0.22343887113842018,114.71778618231511,1664,0.16280409372585125,0.044227529959517176,0.17950764746883263
15,14,13,2961.4543189477226,2750.5523152516753,471,470.6282381937386,0.0003198507199330129,2.4218939848011014,-0.22226165711555476,114.20432537165317,2120,0.4929324376277442,0.13693770988668907,0.5420050756480912
