n_cluster,mfpt,sd,mode,f_mode,median,lam1,lam2,tau1,t_cert,A1,w1,ratio,cv,N,G_tt,G_st
100,752.9173912242101,667.7557714901809,172,0.0012455641690780166,550,0.9985003794603644,0.9804226065180616,666.3352333298932,2000,1.1404211419744863,0.0017101989683397387,0.22844471651841602,0.8868911507070382,10,1.2861009092996987,-0.21973387314857126
225,1983.649255858789,1783.7504938793033,414,0.0004739583848177175,1440,0.9994386153743227,0.9912590402935224,1780.8098684762624,2000,1.1222387261261995,0.0006300075671870953,0.20870625125749126,0.8992267602807923,15,1.5430029643957945,-0.22024081858939074
400,3892.265540905714,3528.563773697893,765,0.0002419845757628419,2816,0.9997162427789832,0.9950753362380552,3523.63936711748,2000,1.111722913202663,0.0003154594043912646,0.19654363042815104,0.906557822588027,20,1.7257180363755913,-0.22041473407641318
625,6525.223799865861,5948.323908221603,1228,0.0001445394509561021,4710,0.9998316915555341,0.9968458805257913,5940.972519768166,4000,1.1046507259893907,0.00018592204536948046,0.18819277892434033,0.9115892558878798,25,1.8675770126904605,-0.22049460326522502
1225,14100.808049937992,12948.447496058212,2493,6.701765395222756e-05,10145,0.9999226931768841,0.9983897175980957,12934.968813698735,8000,1.0954439399021554,8.46852908955343e-05,0.17679837858731529,0.918276984567218,35,2.081608920467688,-0.22056382237600103
2500,31614.797668958778,29224.37485784214,5253,2.9949379933850193e-05,22681,0.9999657524461195,0.9992106913713087,29198.66568032906,14000,1.087227742894485,3.723489070520568e-05,0.16615636940032347,0.9243891156240518,50,2.3085833428512847,-0.22060047065731925
4900,67212.38516471935,62467.365426748394,10570,1.4111503135084544e-05,48107,0.9999839796078065,0.999597226616526,62419.94438737334,30000,1.080630670856148,1.731212716361331e-05,0.15726268267516164,0.9294025985487318,70,2.522744972819036,-0.22061768694696016
10000,148520.75716824902,138727.51383866626,22110,6.396942472182748e-06,106073,0.9999927869174802,0.9998026241462927,138636.48318249692,62000,1.0746144485157376,7.751282694308955e-06,0.14886808027078055,0.9340614502894793,100,2.749788318032575,-0.22062682528838837
19600,312092.12379110366,292724.02547033835,44248,3.048787180013081e-06,222493,0.9999965818468238,0.9998992939770027,292555.14290397207,130000,1.0696873635441149,3.6563552593795913e-06,0.14177865004250167,0.9379410858387148,140,2.9639823841662247,-0.22063112380699643
40000,682335.2737447794,642484.1976911256,92116,1.3965550984194717e-06,485619,0.999998442752382,0.9999506529926644,642158.1319748391,278000,1.0651134484298217,1.6586453805947725e-06,0.13500108164487926,0.941596048765083,200,3.1910429615846443,-0.2206334069061893
