n_cluster,mfpt,sd,mode,f_mode,median,q10,q90,S_mode,S_mfpt,lam1,tau1,A1,ratio,cv,t_cert,lam2,w1,mu2,tau_rel,n_blocked,n_open,pocket_free,chem_dist,G_tt,G_ss,G_st,R_st,mfpt_tetali,blk_t_r3,blk_s_r3,nsite_r3,blk_t_r6,blk_s_r6,nsite_r6,blk_t_r10,blk_s_r10,nsite_r10,deg_s,deg_t,name
1225,14100.808049937992,12948.447496058212,2493,6.701765395222173e-05,10145,2522,30964,0.9019427531414711,0.3682526801936343,0.9999226931768841,12934.968813698735,1.095443939902024,0.17679837858731529,0.918276984567218,4097,0.998389717598096,8.468529089552423e-05,0.9983897175980946,620.5089500813309,0,1225,1,68,2.0816089204681085,2.0816089204678647,-0.22056382237618655,4.604345485688346,14100.808049921307,0,0,10,0,0,34,0,0,89,2,2,clean
1191,24822.48756643263,21231.059924777845,7826,3.3567874768226516e-05,18661,5333,52431,0.8178275194278223,0.3731820021530905,0.9999522878031037,20958.501363628064,1.220249708221382,0.3152786351108128,0.8553155628724552,16385,0.9997064165540511,5.822079434158941e-05,0.9998304783717328,5898.452291967545,34,1191,1,68,3.070612473604608,3.070612473604881,-1.0977313662536485,8.336687679716785,24822.487566355918,0,0,10,0,0,34,0,0,89,2,2,wall_mid_gap_centre_g1
1193,19366.799193010647,16763.662964755807,5711,4.383706227966447e-05,14434,4083,41173,0.8296062435608003,0.37172829582517086,0.9999397810288286,16605.56251229496,1.1934250717396828,0.2948861060149301,0.8655876894105302,12289,0.9995691469704492,7.186682999063069e-05,0.9996854991590562,3179.1417101949164,32,1193,1,68,2.6095825375510078,2.609582537551196,-0.6371566398159703,6.493478354734144,19366.79919299402,0,0,10,0,0,34,0,0,89,2,2,wall_mid_gap_centre_g3
1199,16363.710034096819,14576.783269829079,3996,5.3972976918406804e-05,11978,3225,35337,0.8585781149355268,0.36960269502070114,0.999931097586685,14512.779745837488,1.141376251976397,0.2441989005961114,0.8907994115916044,8193,0.9992935430249089,7.864357826191196e-05,0.9994083908899081,1689.8052264851085,26,1199,1,68,2.3454329912826024,2.3454329912823892,-0.38412664742925423,5.4591192774235004,16363.710034077581,0,0,10,0,0,34,0,0,89,2,2,wall_mid_gap_centre_g9
1193,24599.16783883664,21858.68827728806,6166,3.458135726211438e-05,18102,4750,53043,0.8513359186609522,0.37080071295910666,0.9999539242303135,21702.881335282185,1.1519211087905075,0.2506588857150383,0.8885946232204663,12289,0.9996582164163273,5.307565170597318e-05,0.9998155347339294,5420.574755510963,32,1193,1,68,3.1943617571926026,2.6106286961376624,-0.9295557346513494,7.664101922632964,24599.16783884917,0,0,10,0,0,34,0,0,89,2,2,wall_mid_gap_startedge_g3
1193,21117.20012964596,17724.30400290006,6921,3.844419707977011e-05,16095,4632,44168,0.8134099045176665,0.3761806597800012,0.9999424120753209,17364.25146995382,1.2725321696412935,0.3277423123098485,0.8393302092173341,16385,0.9997366294213034,7.328248673731635e-05,0.9998155347339297,5420.574755520751,32,1193,1,68,2.6106286961395,3.194361757195212,-0.9295557346534192,7.66410192264155,21117.20012967976,0,0,10,0,0,34,0,0,89,2,2,wall_mid_gap_targetedge_g3
1193,15306.913600836257,13016.45015817878,4665,5.7178069932371214e-05,11459,3474,32240,0.8327824487129367,0.37125600433644634,0.9999225297835309,12907.686462843458,1.215409743880197,0.3047642471664006,0.8503641228802427,8193,0.9993981509725698,9.415805595726049e-05,0.9994321061867847,1760.392529283355,32,1193,1,68,2.1203932889903774,4.9545081980062555,-0.44572801877356516,7.9663575245437634,15306.913600811919,0,0,10,0,4,34,0,9,89,2,2,wall_nearstart_gap_centre_g3
1193,32212.409033195578,30553.508589038687,4341,2.8897375468552935e-05,22864,4888,72005,0.9157868251989224,0.3681260766295512,0.9999672496063917,30533.48416737519,1.0572203520317043,0.1347617309691587,0.9485011989495303,8193,0.9991405336355582,3.462438266002244e-05,0.999432106186794,1760.392529312272,32,1193,1,68,4.95450819800532,2.1203932889907118,-0.4457280187735253,7.966357524543082,32212.409033085813,0,0,10,4,0,34,9,0,89,2,2,wall_neartarget_gap_centre_g3
1193,21343.11407677756,18080.132446243573,6750,3.813969426638454e-05,16186,4580,44857,0.8184325526113958,0.37539289570271467,0.9999436621856381,17749.567358173044,1.2518521091409562,0.3162612529604739,0.847117828317083,12289,0.9997306811901261,7.05266117332921e-05,0.9998150645054642,5406.790794337316,32,1193,1,68,2.6630738627954984,3.0559865061239075,-0.9149838198102557,7.549028008539917,21343.11407674332,0,0,10,0,0,34,0,0,89,2,2,serpentine_k1_g3
1161,43869.9118432075,36223.937168714096,14302,2.0850068196989253e-05,33110,11054,90995,0.8332837876893879,0.37076320839261706,0.9999721930156933,35961.688092947144,1.2557516182833721,0.3260093170717055,0.8257125589442631,20481,0.999748588011933,3.491866554295694e-05,0.9998886272267847,8978.355155500383,64,1161,1,128,5.206339523915861,4.816729027391986,-2.3509234980850264,14.7249155474779,43869.91184271515,0,0,10,0,0,34,0,0,89,2,2,serpentine_k2_g3
1129,49880.885575637236,40899.06491362521,16886,1.8233707023014953e-05,37783,12752,103080,0.8259779715796394,0.3711374918156691,0.9999753488211627,40565.511327434615,1.269316769905223,0.33852646770664874,0.8199346190758307,24577,0.9997782243126878,3.1290154696497264e-05,0.999925651580331,13449.685007173466,96,1129,1,128,5.5044802881009876,7.030039065152571,-3.3318147651697316,19.19814888359302,49880.88557571321,0,0,10,0,0,34,4,5,89,2,2,serpentine_k3_g3
1097,93318.31220020339,76757.55979683051,30424,9.885143423391472e-06,70484,23833,193180,0.8357636269589327,0.3706294298466657,0.9999868815070122,76227.76805761587,1.2606919648149497,0.32602389908991186,0.8225348057319795,45057,0.9998793682465275,1.6538378700425402e-05,0.9999460597648143,18538.53670080831,128,1097,1,188,11.564976720164172,10.23889772824376,-5.448389223210586,32.700652894829105,93318.31219941055,0,0,10,1,0,34,9,8,89,2,2,serpentine_k4_g3
1033,165747.88196105466,136242.31199497337,54165,5.564574085500699e-06,125229,42395,342999,0.835437889156822,0.3706539658220654,0.9999926087034426,135293.76024721222,1.2619085080758385,0.32679150622707204,0.8219852367524423,77825,0.9999323767102213,9.327140011604768e-06,0.9999698506632401,33167.72548657904,192,1033,1,248,21.696738550317228,18.700707794888263,-10.393848469361444,61.18514328392838,165747.88195664034,0,0,10,5,4,34,12,9,89,2,2,serpentine_k6_g3
1219,30307.871285630168,29087.732163786644,3029,3.170701942763822e-05,21391,4297,68195,0.9397760498096963,0.3679589562082502,0.9999656137560659,29080.896671777566,1.0433245744877666,0.09994103417735366,0.959741840317831,4097,0.9983952671931826,3.587601332107069e-05,0.9983974848572614,623.5189307134211,6,1219,1,68,4.734770919104867,2.0796639768666116,-0.23780845506019943,7.290051806091878,30307.87128553608,2,0,10,6,0,34,6,0,89,2,2,target_box_R3_g1
1219,14124.9944726133,12873.667325921333,2610,6.72843615003843e-05,10194,2614,30890,0.9002428344410317,0.36828043399994487,0.9999222394271653,12859.487562357108,1.104618709623555,0.1847788333694914,0.9114104328240168,4097,0.998396332016495,8.589578362460182e-05,0.9983974848572582,623.5189307121674,6,1219,1,68,2.07966397686669,4.734770919103965,-0.23780845506016918,7.290051806090993,14124.994472594206,0,2,10,0,6,34,0,6,89,2,2,start_box_R3_g1
1215,32882.257557466735,31654.7791404411,3040,2.933923375205949e-05,23177,4573,74114,0.9444053845646398,0.36794627406304825,0.9999684037717101,31648.8472177474,1.039921517656093,0.09245107318702613,0.9626704944184434,4097,0.9984149065114672,3.285759767549504e-05,0.9985748260371515,701.168607964552,10,1215,1,68,5.129415789438719,2.079645865062656,-0.2833015039484808,7.775664662398336,32882.25755732724,0,0,10,7,0,34,10,0,89,2,2,target_box_R5_g1
1215,14354.905266765498,12842.064655966678,3112,6.55863280714591e-05,10445,2863,31076,0.8836389777303736,0.3685454704037255,0.9999219936600909,12818.970836071021,1.1293401285326143,0.21679000607582607,0.8946115921571876,4097,0.9984868599182742,8.80956899392935e-05,0.9985748260371461,701.1686079618737,10,1215,1,68,2.079645865062847,5.129415789442372,-0.28330150394880826,7.775664662402835,14354.905266745805,0,0,10,0,7,34,0,10,89,2,2,start_box_R5_g1
1209,35239.28359109679,33911.49024260345,3188,2.751022274040007e-05,24841,4912,79410,0.946715193401669,0.3679403515342902,0.9999705068761332,33905.70825531781,1.0402791351185057,0.09046721939618116,0.9623206486289407,4097,0.9985011704380782,3.0681081388255523e-05,0.999315654835386,1460.7508609208853,16,1209,1,68,5.418985073768077,2.0876978300141524,-0.4105076625377897,8.327698228857809,35239.28359096897,0,0,10,0,0,34,13,0,89,2,2,target_box_R8_g1
1209,15101.652202498779,12908.710000081726,4444,5.9009644923359234e-05,11255,3418,31897,0.8401767766303857,0.37046737445974215,0.9999220267279881,12824.407480362524,1.202765422159879,0.29427243724131574,0.8547879283000439,8193,0.9992942142242401,9.378355542899616e-05,0.999315654835386,1460.7508609208853,16,1209,1,68,2.087697830014043,5.418985073765291,-0.41050766253747406,8.327698228854281,15101.652202473922,0,0,10,0,0,34,0,13,89,2,2,start_box_R8_g1
1217,22256.465680032055,21061.85277935425,2782,4.297200977787592e-05,15805,3426,49689,0.9275249096059968,0.3680309890757977,0.999952502581816,21053.275932371904,1.0592271196850829,0.12499738458006569,0.946325130060988,4097,0.9984140580738927,5.031055345553899e-05,0.9984616425519108,649.5438528628806,8,1217,1,68,3.4090898375271528,2.079600762771433,-0.24850517972673725,5.9857009597520605,22256.46567998992,0,0,10,5,0,34,8,0,89,2,2,target_box_R5_g3
1217,14166.524660117584,12855.208539423496,2740,6.683870437132307e-05,10244,2670,30907,0.8953102439775189,0.3683357212333221,0.9999221137475768,12838.73630142879,1.110374160437762,0.19341370348324072,0.907435581262511,4097,0.9984338037401196,8.648288214437102e-05,0.9984616425519096,649.5438528623645,8,1217,1,68,2.079600762771188,3.4090898375255883,-0.24850517972643663,5.985700959749649,14166.524660098046,0,0,10,0,5,34,0,8,89,2,2,start_box_R5_g3
1205,33014.32457743493,31386.121082755075,3799,2.912843939599586e-05,23397,4952,73894,0.9333254550196807,0.3679974685255064,0.9999681290158257,31376.002038502895,1.0539301949108495,0.1150712622058787,0.950681908065061,8193,0.998501821931688,3.3589792563060394e-05,0.9986616118255103,746.6672790352532,20,1205,1,68,5.126703367253333,5.1267033672556765,-0.352852579187447,10.959111892883904,33014.3245773057,0,0,10,7,7,34,10,10,89,2,2,both_box_R5_g1
1189,17302.607690415585,16164.399568307344,2536,5.507220718184296e-05,12356,2852,38355,0.9173290298733744,0.3680879208381336,0.9999380998076473,16154.538646439452,1.0742886536356038,0.1465675027357156,0.9342175386234569,4097,0.9984588206369637,6.649867430261018e-05,0.9984588206369666,648.3536155473249,36,1189,1,68,2.6783185204506377,2.0706223281716545,-0.2321285258716716,5.213197900365635,17302.60769038613,0,0,10,6,0,34,33,0,89,2,2,block6_near_target
1189,13950.983095888301,12701.104723046648,2674,6.73801626684236e-05,10076,2589,30491,0.8942730845813793,0.3683715502469661,0.9999211643480433,12684.116346318504,1.1065159919572765,0.19167108021140775,0.910409297735439,4097,0.9985821899622667,8.723290962636676e-05,0.9985821899622592,704.8129867518501,36,1189,1,68,2.099428957354473,2.106273756224746,-0.24724607979749103,4.700194873174201,13950.983095868427,0,0,10,0,0,34,0,0,89,2,2,block6_centre
1189,13689.853827305813,12502.231773805832,2498,6.935380340629895e-05,9871,2511,29971,0.9008781053307259,0.36826576498379454,0.9999199314273208,12488.794688349999,1.1021162899623438,0.1824709037446027,0.913248010644851,4097,0.9984588206369643,8.82448782640987e-05,0.9984588206369603,648.3536155447074,36,1189,1,68,2.0706223281713805,2.6783185204504436,-0.23212852587156094,5.213197900364946,13689.853827285286,0,0,10,0,6,34,0,33,89,2,2,block6_near_start
1081,13458.851179082958,11973.638214557599,3074,6.901530364930274e-05,9822,2728,29048,0.8761644481461821,0.3687568904610595,0.9999162910322973,11945.651372544664,1.137768032441285,0.228399880427941,0.8896478648316136,4097,0.9989245360251094,9.524138748094919e-05,0.9989245360251148,929.3311490811441,144,1081,1,68,2.1607951314025153,2.192880764769188,-0.3292790922903476,5.012234080752398,13458.851179059924,0,0,10,0,0,34,0,0,89,2,2,block12_centre
1144,16422.81177558716,15104.550064192992,2863,5.7564561129188226e-05,11808,2917,36094,0.9030818763844168,0.3682409119631878,0.9999337305329803,15089.405571997739,1.093476004896871,0.17433068338857216,0.9197298410645008,4097,0.9985869032635766,7.246407204360458e-05,0.9985869032635813,707.1655176581808,81,1144,1,68,2.601366188988984,2.6013661889890076,-0.26975475079316447,5.74224187956432,16422.811775553888,1,1,10,3,3,34,6,6,89,2,2,periodic_a4
1104,15272.725197336169,13881.376824904799,2945,6.169471054700167e-05,11038,2856,33349,0.8944824895469988,0.36836101488348955,0.9999278680418406,13862.980558189045,1.1085128350468327,0.19282740715544724,0.9088997965684575,4097,0.9987042277000464,7.99592014370014e-05,0.9987042277000474,771.2404207722609,121,1104,1,68,2.4651176706591142,2.4651176706592177,-0.30168037233100453,5.53359608598034,15272.725197305455,1,1,10,3,3,34,8,8,89,2,2,periodic_a3
936,17588.706679177663,15925.607871857028,3494,5.3518856451599654e-05,12733,3341,38327,0.8917980723638285,0.3684075736877232,0.9999371194613532,15902.67165200813,1.1134631935057084,0.19865019433955092,0.9054450769089526,8193,0.9989274943615485,7.00151653711792e-05,0.9989274943615478,931.8959410936492,289,936,1,68,3.3287613671512353,3.328761367150984,-0.4295092907869038,7.516541315876027,17588.70667915049,1,1,10,8,8,34,20,20,89,2,2,periodic_a2
