scheme,p,K,acceptance,pocket_free_frac,mfpt,mfpt_ci,mfpt_std,mode,mode_ci,mode_std,ratio,ratio_ci,ratio_std,sd,sd_ci,sd_std,cv,cv_ci,cv_std,median,median_ci,median_std,n_cluster,n_cluster_ci,n_cluster_std,G_tt,G_tt_ci,G_tt_std,G_st,G_st_ci,G_st_std,tau_rel,tau_rel_ci,tau_rel_std,S_mode,S_mode_ci,S_mode_std,S_mfpt,S_mfpt_ci,S_mfpt_std,chem_dist,chem_dist_ci,chem_dist_std,A1,A1_ci,A1_std,tau1,tau1_ci,tau1_std,median_over_mfpt,ratio_of_means,ratio_of_means_lo,ratio_of_means_hi,mfpt_factor,mfpt_factor_ci,mode_factor,mode_factor_ci,tau_rel_factor,hom_factor,dilute_factor,n_factor,Gdiff_factor,tetali_max_rel_err,mfpt_geo,mode_geo
smart,0.0,1,1.0,1.0,14100.808049937992,0.0,0.0,2493.0,0.0,0.0,0.1767983785873152,0.0,0.0,12948.447496058212,0.0,0.0,0.918276984567218,0.0,0.0,10145.0,0.0,0.0,1225.0,0.0,0.0,2.0816089204681085,0.0,0.0,-0.2205638223761865,0.0,0.0,620.5089500813309,0.0,0.0,0.9019427531414712,0.0,0.0,0.3682526801936343,0.0,0.0,68.0,0.0,0.0,1.095443939902024,0.0,0.0,12934.968813698735,0.0,0.0,0.7194623147887339,0.17679837858731529,0.0,0.0,1.0,0.0,1.0,0.0,1.0,1.0,1.0,1.0,1.0,1.1831646773430293e-12,14100.808049937983,2492.9999999999995
smart,0.02,400,1.0,1.0,14474.566766791342,49.98819232215337,508.54568656607256,2596.555,2.61436075075835,26.596718568208583,0.17953840588690212,0.00044003844884690806,0.004476650278572838,13270.408007006243,49.71850371931776,505.80205913493427,0.91672243884567,0.0002501325462081122,0.0025446774835174643,10421.7125,34.67449715562332,352.7546235058612,1200.0,0.0,0.0,2.1760620820570056,0.008343981610328967,0.08488596325654525,-0.2363657124046139,0.00013938589321073455,0.0014180167649123897,657.684409110419,0.6851955882271159,6.970711375225663,0.9006302424057102,0.0002111451848878781,0.0021480467291540733,0.36827666878376475,2.8164127028091197e-06,2.8652256964465747e-05,68.0,0.0,0.0,1.0975996663616774,0.00034038548754913823,0.0034628491934102223,13255.98863158545,49.7629821985046,506.25455276762483,0.7200309768057176,0.17938740701775024,0.17887506249217566,0.1798594028964629,1.0265061913848967,0.0035450587048004804,1.0415383072603288,0.0010486806060001404,1.0599112374192434,1.0449957783411286,1.0447485148865998,0.9795918367346939,1.047891737038423,2.3103741142449508e-12,14466.310100456398,2596.422108636537
smart,0.04,400,1.0,0.9875,14944.243875950453,101.15501275762975,1029.0819296066247,2708.0925,5.189304779157791,52.792438356445025,0.18174779877629288,0.0007907185206059998,0.008044229532258572,13685.83060046867,100.47490083406717,1022.1629359594665,0.9154875600069202,0.00045077219228490284,0.004585848044535662,10765.2125,70.21926485743649,714.3627844542877,1175.9875,0.010934641865999229,0.11124156919421797,2.2885831684872198,0.017222317703601928,0.1752080836288977,-0.2529815803081282,0.00023926557212519892,0.002434124320076871,693.6844799871143,1.1400459181038003,11.59804760297383,0.8995493926304138,0.00037682848193098015,0.003833595298390379,0.3682942432851587,4.796592478266013e-06,4.879725194536442e-05,68.0,0.0,0.0,1.0993547776391681,0.0006106814111109694,0.006212655090328896,13670.44854812214,100.55553344188058,1022.9832369744706,0.7204618718138552,0.18121308260755117,0.18027332136352495,0.18213394008250536,1.0598147157968134,0.007173703265755367,1.0862785800240675,0.0020815502523697516,1.1179282424470947,1.0957807834779127,1.0936894955599836,0.9599897959183673,1.10398524901971,2.541189481064521e-12,14913.220252338017,2707.5963900107536
smart,0.06,400,1.0,0.95,15408.84725081224,125.0658370972828,1272.3343061239639,2838.83,7.154283619927628,72.78278942229561,0.18501653391947223,0.0009768281431220302,0.009937581569255982,14085.26976493099,124.09484119259756,1262.4560577604566,0.9136511135419506,0.0005626368864457181,0.005723882949416673,11108.98,86.85857018696927,883.6396988555255,1150.9425,0.028557549061314712,0.29052497638716346,2.4040760223165036,0.02176843425625582,0.2214571647834924,-0.27353246830915884,0.0004250440529281657,0.004324107547721556,739.0434523467251,1.7353732219790665,17.654500505484677,0.8979600380612005,0.00046252721936900404,0.00470543565195626,0.36831872828117007,6.216223827854144e-06,6.323961054665893e-05,68.0,0.0,0.0,1.1019523460367222,0.000770660884696023,0.007840176859999588,14068.614331768467,124.19838871361542,1263.5094794330964,0.7211016011991552,0.18423376867794947,0.18309933617857369,0.18532773108474193,1.0927634215175348,0.008869409232035661,1.1387204171680705,0.002869748744455527,1.1910278687355882,1.152007090972205,1.1474410837192104,0.9395448979591837,1.1630788779635721,2.705058399499194e-12,15362.25750352212,2837.9307815045827
smart,0.08,400,0.9975062344139651,0.86,16054.125792567824,178.0955788444591,1811.8226367169434,2984.405,9.47428383400071,96.38488517514332,0.18729621541329655,0.0012881056329459265,0.013104305897971171,14660.815160576502,176.99924620722663,1800.6692981422434,0.9124116070655677,0.0007361949369707134,0.007489543875790831,11579.37,123.59570075206716,1257.3781442326667,1126.8325,0.046626708973205575,0.4743482535692109,2.5539040971816833,0.031529810836239056,0.32076273524113036,-0.29551933528369617,0.0005660291581802547,0.005758393602395298,785.56987524353,2.3664565967074696,24.0747112227156,0.896806245019671,0.0006146123850220021,0.006252646130884557,0.368340262456189,8.373688774089172e-06,8.518818362676794e-05,68.0,0.0,0.0,1.1037755781755718,0.0010091083527927448,0.010265978349113436,14642.857916683992,177.14667591879714,1802.169147214754,0.7215427095625665,0.18589645045522288,0.18423415558801723,0.1874700888667371,1.1385252345618888,0.012630168300549435,1.1971139189731248,0.0038003545262738506,1.2660089353111899,1.2155419003151602,1.2067492213783213,0.9198632653061224,1.237710524252392,3.690936445366333e-12,15968.861432679858,2982.9081937665046
smart,0.1,400,0.9975062344139651,0.7675,16719.864687248297,207.4069081302679,2110.0160576702724,3149.0275,11.380983284273611,115.78234157375101,0.19008983494712708,0.001445902437622074,0.014709622686680107,15246.437192541462,205.84590592902282,2094.135488694156,0.9108779010370549,0.0008263208500718768,0.008406423287233627,12067.49,144.0142283723049,1465.102281972697,1102.705,0.06362915532962463,0.6473195164607487,2.7110696430318306,0.0374834273303862,0.38133075834656616,-0.32144256505304514,0.0008216647907791707,0.008359055723821012,843.9131977564758,3.3244405481273285,33.82058487132496,0.8954082140935128,0.0006923489966809939,0.007043485261307011,0.3683647505940017,9.857463353859846e-06,0.00010028309159055043,68.0,0.0,0.0,1.1060027055090529,0.0011433769943926515,0.011631935695333735,15226.923711738258,206.0237231595936,2095.944479605872,0.7220866186800018,0.18834048952571142,0.18647672635149168,0.19008775252383317,1.1857380533111945,0.014708866853285048,1.2631478138788608,0.00456517580596615,1.3600338845166746,1.2891328823540231,1.272522479325037,0.9001673469387754,1.3172392113105547,4.0641934262453105e-12,16609.348334514125,3146.980157699496
smart,0.12,400,1.0,0.64,17417.82310226817,241.40950886017686,2455.9352663862937,3343.1475,15.578293955067455,158.48291020111455,0.19405257789959207,0.00160415379739122,0.016319563808078676,15847.885851596086,239.0325337834169,2431.7535473401017,0.9086403799784413,0.0009297977433969885,0.009459126442022889,12583.6325,167.82163038180784,1707.3025104236792,1077.3775,0.1095950030108197,1.1149446191445558,2.8794660855222207,0.04454840571284564,0.4532050173501277,-0.35392666182625915,0.001221307150441893,0.012424743814036184,912.2507319465727,5.22568991890356,53.16259588791901,0.8934815056899487,0.0007597429951828096,0.00772910571778729,0.36839878161577877,1.1453064712075956e-05,0.00011651564873065256,68.0,0.0,0.0,1.1092566946259912,0.0012996797881776147,0.013222053438846195,15826.351791436216,239.22935353565396,2433.7558569132525,0.7228766280290421,0.19193830827025976,0.18995619359634272,0.19386272304190783,1.2352358134784172,0.01712026062657015,1.3410138387484958,0.006248814261960472,1.470165308376298,1.372160994945902,1.3458789320095519,0.8794918367346939,1.4044961471282467,4.189204538818103e-12,17275.854661419868,3339.6015433944995
smart,0.14,400,0.9900990099009901,0.4375,18314.584469705227,263.2039595888301,2677.657104969793,3583.9275,19.509418774225882,198.47548599285568,0.19822646248034567,0.0019001106830613518,0.019330426786421925,16628.135760978566,260.7999282606071,2653.2001341223854,0.906449127235208,0.0010925360794991567,0.01111471499242183,13244.7675,182.8653028758986,1860.3465474570426,1051.945,0.14319863213145276,1.456804963526136,3.090700681564366,0.049668275588420956,0.5052910724773806,-0.39132406216575655,0.001787456657086315,0.018184361759411176,998.1265641164823,6.770714303698597,68.88061748516546,0.8912750695489112,0.0009142803904063999,0.009301263503522715,0.3684461156651626,1.6396389333594664e-05,0.00016680565316546205,68.0,0.0,0.0,1.112597354688114,0.0015657011448997644,0.015928372815703307,16603.77854291773,261.0781367255542,2656.0304368047314,0.723689908279471,0.19568707692649512,0.19351970266446636,0.1979179826642299,1.2988322658420817,0.018665877774996557,1.4375962695547533,0.007825679412044076,1.6085611077578439,1.4688541894916083,1.4282102372681198,0.8587306122448979,1.5124949917651012,4.1315839638400575e-12,18144.1456435802,3578.6502971019504
smart,0.16,400,0.9876543209876543,0.3025,19534.229790320187,350.1142340243458,3561.8228074944645,3830.2475,22.24606985996767,226.3163028065811,0.19993484392341174,0.0023022437770628323,0.023421453904625838,17731.934903980713,348.40465339872515,3544.4307032272527,0.9055142289849275,0.001332861342009302,0.013559619877854758,14128.6975,242.7679923089308,2469.7555480576725,1027.36,0.19123284695171375,1.945472219125339,3.3703659028955,0.06801075390337408,0.6918949041960009,-0.4324718959780249,0.002361568661291849,0.02402498471018625,1093.6471197957806,9.120611619138106,92.7868659035615,0.8903925892662231,0.0010949727452335036,0.01113950396340161,0.3684701644424523,1.8960116891634052e-05,0.0001928872642541212,68.005,0.00982963647960441,0.1,1.11416325236349,0.0019045112824239568,0.01937519547519018,17705.356174207784,348.77637139731377,3548.2123079626867,0.7240473461692133,0.19607875719256695,0.19306883687005957,0.1988529160920864,1.385326977088103,0.024829373804991655,1.5364009225832331,0.008923413501792085,1.762500153547237,1.5830337323440615,1.5212707682116886,0.8386612244897959,1.6518472867397358,5.60440582830779e-12,19268.497482352068,3823.7624499256663
smart,0.18,400,0.9925558312655087,0.1425,20482.96530905981,400.90432120206646,4078.526423982271,4144.3125,30.226640181277766,307.50516811069525,0.20648038173391675,0.0024121174256354926,0.02453923327317764,18525.094055546942,398.5525544168919,4054.6011568571407,0.902016957545531,0.0014035828092880225,0.014279091726335227,14839.9925,278.2146837543197,2830.365948238163,1002.245,0.2607646924703876,2.6528416692870618,3.600598957874691,0.07956604915666736,0.8094505765473585,-0.48698540775308,0.0033201033365392956,0.0337764610464304,1221.3805548417233,11.976241312907018,121.83808971732185,0.886998786704553,0.0011476003424764185,0.011674901150796202,0.3685413846707253,2.210002097691514e-05,0.0002248305013391965,68.005,0.00982963647960441,0.1,1.1194516391783254,0.002035984613750847,0.020712715246136798,18494.12840278416,398.937394094744,4058.5162525847454,0.7253341993497403,0.20232971337245448,0.19907008548408012,0.2053993681992977,1.4526093282398724,0.028431301226303086,1.6623796630565584,0.012124604966417074,1.9683528411340971,1.7190139707082497,1.6273040203092606,0.8181591836734694,1.7755332992856265,7.838618643063455e-12,20177.57504662353,4133.399026946457
smart,0.2,400,0.9803921568627451,0.0825,22722.081108424532,477.43329450192977,4857.079867526739,4554.3825,39.571933474131136,402.57779172443713,0.20595088314029086,0.002954256800840635,0.03005458855951027,20579.661179492705,473.2930954407422,4814.96031336237,0.902508872647976,0.0017170995930389486,0.01746859710022616,16453.615,331.5634337784295,3373.099650901568,976.24,0.30553498590960265,3.1083040206375854,4.1004116189495825,0.09655463576750409,0.9822808398646895,-0.5543161622588438,0.0045844429896265085,0.04663898811658809,1389.1806326888864,18.669747936930538,189.93324906438346,0.8870386631111111,0.001422730797592022,0.014473890265871557,0.36856904535457985,3.6862551829658236e-05,0.0003750143955592319,68.01,0.013883774237462228,0.14124402531334485,1.1192178179344119,0.002589764583640097,0.026346493982901807,20545.028216978782,473.912849898076,4821.265271420785,0.7252535888451832,0.2004386164395566,0.1971497551678622,0.20379029230205267,1.6114027669871338,0.03385857695609361,1.8268682310469313,0.015873218401175747,2.238776140951399,1.8769407861911231,1.7492258429433998,0.7969306122448979,2.0218846720674786,6.292966148180312e-12,22276.588052757317,4537.3470878810085
smart,0.25,400,0.9523809523809523,0.0025,28377.317314089836,780.2529545891989,7937.760019998216,6066.8725,95.01567394030852,966.6244945828597,0.22218726134056105,0.004072006881796217,0.04142581356131793,25515.91844567406,770.6251016132757,7839.812827384327,0.8942259716758761,0.0024122115203516754,0.024540190528477755,20629.9475,543.383293047003,5528.0100558598815,906.4925,0.976859403949131,9.93789959553463,5.422121009167082,0.16490901815639844,1.6776715852978845,-0.8401160314186488,0.016049752336203094,0.16327920538572158,2192.9987909213005,64.42060842050994,655.371219008727,0.8779458013148864,0.001972387413877885,0.02006572082264087,0.36892005873843503,0.0001006128121385443,0.0010235659512669326,68.27,0.08731642800991286,0.8882976312612009,1.134045035891724,0.004214258351278138,0.04287298273972121,25454.04320517285,771.7519904522818,7851.277023861423,0.728759429165818,0.21379302464886954,0.20864271916617674,0.21887588902217914,2.012460364937357,0.05533391787377959,2.4335629763337345,0.038112985936746294,3.5341936496385125,2.4892524618572947,2.1523806434184634,0.7399938775510204,2.720142117940656,1.3543055565889972e-11,27506.466921040446,5999.909793534823
smart,0.3,400,0.8016032064128257,0.0,40108.707885522854,1325.219487667868,13481.876877314602,9111.8575,251.81418341088025,2561.7853105083946,0.23846198619992875,0.005762276687025998,0.058621462746686434,35837.8388525443,1286.747909483601,13090.493347882035,0.8866905361722236,0.0036087643515016607,0.03671310082513748,29278.0275,933.5393784844102,9497.191278857754,827.2725,1.8631021835398964,18.953927618845945,8.167137259003585,0.29319791759186564,2.982795123708027,-1.5328375551226001,0.0589607575662478,0.5998264298846244,4520.704090131239,231.99169713347146,2360.1248898149274,0.8682551886329429,0.002817302558490724,0.028661309747683626,0.3694966686576125,0.00023210311276259548,0.0023612583562391963,69.92,0.30324696955509156,3.085027306801234,1.1516333650431299,0.007390777982413064,0.07518872135046142,35711.16751123035,1288.6292996911357,13109.63332535158,0.7324906584968249,0.22717903369031003,0.22059899338693767,0.23377975008710006,2.8444262019224658,0.09398181174969583,3.6549769354191737,0.10100849715638999,7.285477654333116,3.7387385370204074,2.7970290768715373,0.6753244897959184,4.213400077937692,1.4379164525735177e-11,38172.84836929488,8819.299233779388
smart,0.35,400,0.4884004884004884,0.0,57148.07117619884,2112.812904564181,21494.31374138884,14049.04,512.5713729227286,5214.550649825831,0.2575242214672048,0.007072339418760251,0.07194914515338084,50626.65355750811,2016.1308462029872,20510.73659118802,0.8779776569267105,0.004873010296366647,0.04957467457192028,41930.1025,1501.1871337518353,15272.051381214966,706.6075,5.176277712113923,52.659909884299616,12.923259139715585,0.49473939899544056,5.033140340662437,-3.2558320631406357,0.1515312015779953,1.5415748272319998,9538.059909687703,514.8164548467754,5237.390578125368,0.8568925166585274,0.003406219613400921,0.034652549160576925,0.37043259217980906,0.0004002533443384546,0.0040719038305123845,74.735,0.7425928075753402,7.5546314364336045,1.1741185762675699,0.01068596336729813,0.10871168419575354,50382.88420608657,2024.6903939937197,20597.815577359,0.7371100696477426,0.2458357685718565,0.23822928421483336,0.253497691830017,4.052822432147791,0.14983629995399247,5.635395106297634,0.2056042410440147,15.37134945182908,7.564393791869834,3.9929313735859697,0.5768224489795918,7.027748570625169,2.818312250241206e-11,53747.832398214596,13269.591095950447
uniform,0.0,1,1.0,1.0,14100.808049937992,0.0,0.0,2493.0,0.0,0.0,0.1767983785873152,0.0,0.0,12948.447496058212,0.0,0.0,0.918276984567218,0.0,0.0,10145.0,0.0,0.0,1225.0,0.0,0.0,2.0816089204681085,0.0,0.0,-0.2205638223761865,0.0,0.0,620.5089500813309,0.0,0.0,0.9019427531414712,0.0,0.0,0.3682526801936343,0.0,0.0,68.0,0.0,0.0,1.095443939902024,0.0,0.0,12934.968813698735,0.0,0.0,0.7194623147887339,0.17679837858731529,0.0,0.0,1.0,0.0,1.0,0.0,1.0,1.0,1.0,1.0,1.0,1.1831646773430293e-12,14100.808049937983,2492.9999999999995
uniform,0.02,400,0.9950248756218906,1.0,14710.83606664537,118.37940950900202,1204.311164045877,2605.68,5.961651092504047,60.649761615029455,0.17780029718361198,0.0008238546965090166,0.008381334327250446,13505.816533028705,117.31878936302016,1193.5211399368213,0.9177034573190852,0.00046805120349021164,0.004761632889083689,10585.505,82.27999926202325,837.060449109656,1200.0,0.0,0.0,2.2158011404190607,0.01973861607327571,0.20080718258738783,-0.23600487068475956,0.00013906105264116004,0.0014147120590847783,656.2500573701467,0.7002430918503164,7.123794387546847,0.9014591816897314,0.00039151504302524466,0.0039830063282360675,0.3682671966674884,4.5103870516732385e-06,4.588559364358872e-05,68.0,0.0,0.0,1.0962982947336257,0.0006224327860973964,0.006332205543805075,13491.576274314582,117.39312821057771,1194.27741253868,0.7197007473256662,0.17712657446492733,0.17606253030278485,0.17813115553683162,1.0432619190720818,0.008395221684442587,1.0451985559566785,0.0023913562344581012,1.057599664411176,1.0449957783411286,1.0447485148865998,0.9795918367346939,1.0649965423857186,2.4410473642433317e-12,14669.365018438384,2605.0112046773775
uniform,0.04,400,0.9975062344139651,0.98,15540.047261982378,207.55650043908548,2111.5379075283827,2735.6075,9.379191005243742,95.41747576021453,0.1777471516605308,0.001281774187940243,0.013039894105949967,14276.782707459082,206.03137358202912,2096.022309772343,0.9177498464063031,0.0007212727310870379,0.0073377355569924935,11179.1125,144.1693707050735,1466.680593979357,1175.98,0.013778725256122282,0.1401753288100925,2.390098110276968,0.035297943870487,0.35909714406760607,-0.2528136832238848,0.0002225971032208365,0.0022645507154074825,692.7334893246887,1.0638275098117977,10.822653635453783,0.9014581811665283,0.0006145469270524746,0.006251980206262997,0.36827235019108345,6.909578089238044e-06,7.029332268364941e-05,68.0,0.0,0.0,1.0963318089640435,0.0009570911873682064,0.009736791277623363,14261.806609947449,206.15317675909537,2097.2614520063303,0.7196967360386887,0.1760359832812394,0.174167461488844,0.17773887471063565,1.1020678536256447,0.014719475628916047,1.0973154833533896,0.003762210591754409,1.1163956446299304,1.0957807834779127,1.0936894955599836,0.9599836734693877,1.1480075948756048,4.2482684037281615e-12,15429.060551814277,2734.0389370252633
uniform,0.06,400,0.9900990099009901,0.96,16484.47340664978,254.203351100038,2586.0910688557665,2889.37,12.709190023207961,129.29460870275682,0.17774815546009162,0.0015879351259689197,0.016154566135418526,15152.683724796574,251.98716851785488,2563.5451426988684,0.9178065666113207,0.0009036776343962283,0.009193398314080855,11855.9575,176.67084687742647,1797.32838792159,1150.9525,0.024156666502344357,0.24575340657273761,2.5919170044655777,0.04416559852859015,0.44931059882254754,-0.2725742854712854,0.0003662481403099362,0.003725958137616456,735.572035855241,1.615488316193333,16.43487345178352,0.901393250347608,0.0007542975244059765,0.007673707221737797,0.36827693763425734,8.832344356072218e-06,8.98542318874001e-05,68.0,0.0,0.0,1.0963570855986449,0.0012079948990224437,0.012289314071063788,15136.810706177046,252.14565410535457,2565.157466693032,0.7196920642839334,0.1752782711781644,0.17330873707936698,0.17716269201629206,1.1690445929247488,0.018027573327697048,1.1589931809065384,0.005097950270039294,1.1854334023043964,1.152007090972205,1.1474410837192104,0.9395530612244899,1.2442555837047369,3.3433256163561964e-12,16314.039838945737,2886.616375710713
uniform,0.08,400,0.970873786407767,0.8675,17074.344184867674,284.7463630626307,2896.8147871333103,3035.49,14.166188995267794,144.11711994295345,0.18060940022086425,0.0017108065240887941,0.017404575719952207,15671.019263729335,282.51074509525426,2874.071138657447,0.9162096041353355,0.0009707921513125601,0.009876175516021008,12288.5275,197.8137204903942,2012.4215264810603,1126.8375,0.045218764530648825,0.46002478956850135,2.735443994989831,0.05055993056573581,0.514362160499455,-0.2950538997609557,0.000599892341903315,0.0061028944778175305,783.1685892218276,2.5772873889358356,26.21955953593472,0.8999952180265669,0.0008168725280851476,0.008310302520139813,0.3682986319970692,1.0000704476609898e-05,0.00010174032882457495,68.0,0.0,0.0,1.0986055277630842,0.0013058469304334961,0.013284793727041772,15653.837123700576,282.6942632706106,2875.9381270830836,0.7202477481740214,0.17778076669499474,0.17553412535838112,0.17993776646125298,1.2108770025376494,0.02019362025595993,1.2176052948255114,0.00568238627969025,1.2621390700636577,1.2155419003151602,1.2067492213783213,0.9198673469387756,1.3163642494553467,4.6883608106895736e-12,16876.238411097245,3032.233688561456
uniform,0.1,400,0.9828009828009828,0.81,18331.999325241482,372.355094491776,3788.0861135035725,3225.995,18.76985528364023,190.95167275601648,0.18014376678659288,0.002081855228988406,0.021179371519059367,16844.790894041027,369.5229423120169,3759.273733863332,0.9165070496319416,0.0011843694076822627,0.012048964477371266,13187.4625,258.6601094432176,2631.4310806906597,1102.7075,0.08127468249200845,0.8268330437310265,3.004595892008823,0.06747281521215519,0.6864222837961004,-0.3202826367584343,0.0008179015346637837,0.008320770929432173,836.455208425543,3.2163157132452715,32.72059673741578,0.9001683640140644,0.0009914609433126877,0.010086445672430288,0.36830305199323166,1.2316051406186112e-05,0.0001252950852428855,68.0,0.0,0.0,1.0983474309135457,0.0015959664939602142,0.016236271781481418,16826.53831986279,369.75581805393006,3761.642852420223,0.7201674979985927,0.17597616837995955,0.17320791470597705,0.1786423340393093,1.3000672912019462,0.026406649404281016,1.2940212595266747,0.007529023378917059,1.3480147358324288,1.2891328823540231,1.272522479325037,0.900169387755102,1.4442350336662515,4.703015754614626e-12,18016.39427066679,3220.6299295068643
uniform,0.12,400,0.9523809523809523,0.6225,19976.618780247823,466.88381375531634,4749.756664186486,3462.52,23.151376636027617,235.52627489393524,0.1788618423624977,0.0024209537964692425,0.024629128467695615,18386.45130088426,463.5295478405569,4715.632656429748,0.9172772855682467,0.0013741448353107955,0.013979609908891539,14360.63,324.2673146432235,3298.8739239345045,1077.4275,0.10414545659733229,1.0595046603546787,3.3568504484553943,0.08654995416695649,0.8805000505007452,-0.35139998325378113,0.00123396381178418,0.012553504031858568,902.7109776575057,4.245162559855214,43.18738102536687,0.9007242014593916,0.0011562280923593116,0.011762673978415973,0.36830299765861235,1.4417716789557625e-05,0.00014667599172637827,68.005,0.00982963647960441,0.1,1.0974493527221403,0.0018528604538253824,0.018849735264064926,18366.988330337554,463.8232669309008,4718.620753608655,0.7199261828993013,0.1733286317414045,0.17024817903073708,0.17635439357212293,1.4167002847993289,0.03311042970742158,1.388896911351785,0.00928655300281894,1.4547912282960402,1.372160994945902,1.3458789320095519,0.8795326530612245,1.6107611573611522,6.992628698299086e-12,19521.07387517385,3454.8840080060186
uniform,0.14,400,0.9433962264150944,0.47,20968.477206410247,478.4636851191855,4867.562357081603,3710.22,25.57135311049317,260.1454607558619,0.18256692877033942,0.0025323626983138935,0.025762526453224525,19260.64838442018,475.00532414608807,4832.379357381938,0.915367845969405,0.0014388883076332012,0.014638265724462567,15087.43,332.26454702501417,3380.2322976483674,1052.025,0.1316532812011702,1.339350457917123,3.597660855610585,0.09076375892477337,0.9233684186907606,-0.3886409800844117,0.0017035640440857844,0.017330895680837465,988.8356919892268,6.4806435608785735,65.92963609921193,0.8987682421300052,0.0012137122615821577,0.012347478608191655,0.368335038501386,1.655652239384231e-05,0.00016843473742081483,68.005,0.00982963647960441,0.1,1.1001973706979156,0.0019670212609588025,0.020011129252238274,19238.830115634235,475.3516104276271,4835.902237218415,0.7206116152337091,0.17694274903595542,0.1738684560424595,0.1800095142967604,1.4870408229195387,0.033931650117121445,1.4882551143200962,0.010257261576611781,1.5935881212666132,1.4688541894916083,1.4282102372681198,0.858795918367347,1.7315389768580045,5.596190177925564e-12,20496.97987517071,3701.4213433974246
uniform,0.16,400,0.9049773755656109,0.3,22065.57605893132,530.5933871372924,5397.894298921683,3991.97,31.358816438854006,319.02315516876604,0.18724008184215152,0.0027231047821752973,0.02770300598425475,20222.18296198425,526.1028774552803,5352.210924044804,0.9128472712160217,0.0015624240339812687,0.015895033730119672,15893.3525,368.66086882275863,3750.5035876728098,1027.3875,0.17952702745461563,1.8263852160465721,3.863100418124189,0.10286357352420819,1.0464636585253242,-0.43233081342577234,0.002331600627162535,0.023720110423212412,1089.0790206797114,7.9588245966908575,80.96763917164878,0.8963870650597664,0.0012962126179867624,0.013186780820188867,0.36837783718563416,1.906887906257396e-05,0.0001939937362092701,68.005,0.00982963647960441,0.1,1.1038804574252747,0.0021647691455916676,0.02202288100972365,20197.47421203788,526.5024478661554,5356.275880177253,0.7215115893180354,0.1809139262595503,0.17767442060659253,0.1842090329333025,1.5648447933470278,0.03762858023867829,1.6012715603690333,0.012578747067330127,1.7551382950027787,1.5830337323440615,1.5212707682116886,0.8386836734693878,1.865816214226839,6.870060076380469e-12,21509.84409138258,3979.5587961922206
uniform,0.18,400,0.87527352297593,0.17,23955.64003333015,594.2209831640998,6045.197952101827,4343.065,37.482987549772304,381.32628431932403,0.1881225248413634,0.0029606371270685804,0.030119497635661602,21955.50546505565,589.767881931976,5999.895145214069,0.912619056334504,0.0016914353835607702,0.01720750698228101,17255.635,412.6587304112797,4198.1077455662635,1002.4125,0.26117981795077533,2.6570648720601158,4.295567698565369,0.11805462715470325,1.2010070504606731,-0.4840506373560656,0.0034248976665016704,0.034842566900698896,1208.863818192399,12.871504401864067,130.94588420000326,0.8956835980148206,0.0014241935740758717,0.014488771553566017,0.36840238879639076,2.4018647415691887e-05,0.0002443492947631214,68.015,0.016982705946548986,0.17277043746008858,1.104445197086491,0.0023817542597672817,0.024230339186084884,21927.736301874804,590.2656682181839,6004.959282501757,0.7216526198025568,0.18129613710831238,0.17767606857333082,0.18478912346743817,1.6988842021316284,0.04214091710628689,1.7421038908945043,0.015035293842668393,1.9481811149282404,1.7190139707082497,1.6273040203092606,0.8182959183673469,2.076133665806632,6.441069899665308e-12,23319.284369922294,4327.0952538409465
uniform,0.2,400,0.8492569002123143,0.0775,25946.30342134208,674.1760249729413,6858.605873897723,4778.8025,47.054773742637664,478.7030918210657,0.19180097613610975,0.003204472558546117,0.032600112579901634,23743.13042375345,668.2175900110802,6797.988830996652,0.9107416028872697,0.0018325703116744058,0.018643317232298676,18704.0575,468.40322111534624,4765.214075690793,975.8475,0.33892960273164696,3.4480380168167426,4.764695266309344,0.13693187515351551,1.3930512632652952,-0.5532777636463917,0.004930747155860213,0.05016204989971968,1371.7957047370967,19.56126062725495,199.00288955591355,0.8936769032704839,0.001553293379526738,0.015802144695276157,0.36845730107105235,3.497333993049928e-05,0.00035579484554760236,68.06,0.041336175768366845,0.4205259864302775,1.1074223176669336,0.0026507899349623343,0.026967324177882664,23710.702224476598,668.8588821491197,6804.512898691019,0.7223872089082463,0.1841804754379464,0.18059843786302998,0.1878387011783302,1.8400579122454035,0.04781116249404629,1.9168882872041717,0.01887475882175598,2.2107589335452675,1.8769407861911231,1.7492258429433998,0.7966102040816326,2.3099800162630153,1.0412004591842106e-11,25179.512662848538,4755.844460432798
uniform,0.25,400,0.6944444444444444,0.0,32702.002132014186,932.5388972684539,9487.013067099544,6306.765,94.2328180879915,958.6602544612502,0.20221626929606493,0.004056418691108687,0.041267229968528156,29812.729902007115,921.9593730717327,9379.384222241722,0.9061928150983334,0.0023672914741868036,0.024083204695297893,23621.96,648.9516993140026,6601.99083313526,907.895,0.7916741887846814,8.053951846818878,6.393709360109614,0.20169032177422083,2.0518594171077402,-0.811193519034097,0.012725602000575504,0.12946157293792052,2110.9448287443333,57.651014261808214,586.5019971128003,0.8873584485564647,0.001964334093343069,0.019983791846411424,0.36862120273336463,7.607145515435261e-05,0.0007738989667847217,68.285,0.08740928615344713,0.8892423065167604,1.11523543390843,0.003723283752314785,0.03787814290020039,29762.384833093678,922.9294915745868,9389.253544518971,0.7242671401050963,0.1928556231676679,0.18851703291448665,0.19741609917801078,2.31915802386644,0.06613372041984181,2.529789410348977,0.03779896433533554,3.401957100647217,2.4892524618572947,2.1523806434184634,0.741138775510204,3.129610017987694,1.2080558775551253e-11,31516.485283518694,6239.578237160802
uniform,0.3,400,0.49566294919454773,0.0,42981.11580734913,1278.4455671584751,13006.030994240042,9214.6325,232.2590464396498,2362.844718841495,0.22452977942489089,0.005625223169212781,0.057227173974181055,38724.89457458557,1255.3523212893256,12771.09610201828,0.894972141024089,0.0034211399391643562,0.034804338352317575,31249.94,894.8629224555965,9103.72346233103,828.56,1.5246804949001742,15.511056772686823,8.953799438609261,0.2928280264125653,2.979032103782846,-1.424525604150822,0.04684996831462744,0.4766195414432346,4124.219383946781,202.9382981369941,2064.555475251525,0.8747890798689274,0.0027944278782026303,0.028428598392227538,0.36926035068624635,0.00020985604155395756,0.0021349318663959702,69.91,0.2693872214087613,2.740561382587393,1.1374436532254546,0.00654325300353401,0.06656658175620897,38609.562999723115,1258.264160808471,12800.719166158924,0.7293176369480335,0.2143879312324515,0.20823949066158956,0.22065834014845323,3.0481314017701377,0.09066470252136345,3.6962023666265544,0.09316447911738861,6.646510712546877,3.7387385370204074,2.7970290768715373,0.6763755102040816,4.508056606533287,1.3007261934205872e-11,41261.45740446785,8965.793473812659
uniform,0.35,400,0.24067388688327315,0.0,59671.497626926044,1917.937490145138,19511.78453165264,14430.315,512.583306573924,5214.672054632815,0.24973108497858504,0.006683245613287293,0.06799077084035013,52901.94449459575,1806.7628864315207,18380.7701350949,0.8818923170552406,0.004516037585730724,0.0459430783132325,43794.4825,1379.2661970428187,14031.711141146157,718.0475,4.861692749371051,49.45953758776956,13.557584960313402,0.44348620843309117,4.5117254270113065,-3.051635527737071,0.14651893258175272,1.4905834298731802,9346.753732602961,523.3733386764309,5324.44246297798,0.8608639916484502,0.0032783024944205963,0.03335120786229249,0.37024780450700495,0.0004263857672395778,0.00433775723165642,75.375,0.7657728618439157,7.790449457951206,1.1667933313302077,0.009853047029054663,0.1002381629218825,52641.45028892724,1808.9545612958918,18403.06673648925,0.7357152611887062,0.2418292748444191,0.23453167148363158,0.24916064182441952,4.231778591382814,0.1360161405894446,5.788333333333333,0.20560902790771118,15.063044185547799,7.564393791869834,3.9929313735859697,0.5861612244897959,7.214584804583371,1.8379187061157154e-11,56770.851740140446,13620.268510330876
