kind,M,K,acceptance,mfpt_factor,mfpt_factor_ci,mode_factor,mode_factor_ci,ratio,ratio_ci,cv,frac_mfpt_below_clean
anywhere,10,200,1.0,1.015674696415925,0.006526232158385298,1.017777777777778,0.0018358505644156926,0.17737782375698116,0.0006615804316535333,0.9179368169308404,0.255
anywhere,20,200,1.0,1.0329954410753923,0.01029420932388109,1.0355776173285198,0.0027896426945079097,0.17776085198750796,0.0010388447580295824,0.9177322550120488,0.205
anywhere,30,200,0.9950248756218906,1.0540575383957538,0.012442486807782888,1.0559747292418773,0.003527906190342906,0.17782065482066586,0.00119127742355575,0.9176933905268737,0.06
anywhere,40,200,1.0,1.0857045971407477,0.016776617232139274,1.0800340954673084,0.004639319293795187,0.17709997204823313,0.0015809906636371092,0.9181070044186396,0.03
centre,10,200,1.0,1.0001206047232252,0.00018425289266016677,1.0298676293622142,0.0006344066959339552,0.18205655129237644,9.185952726793387e-05,0.9153984370783617,0.545
centre,20,200,1.0,1.0017907674468445,0.0003591590853873714,1.064478539911753,0.0013374394049213568,0.18785951651179808,0.0001878064130753675,0.9122008806294047,0.275
centre,30,200,1.0,1.0047602770672677,0.0005695014018291967,1.1048395507420776,0.002103154373301253,0.19440273855061474,0.0002847638657625477,0.9085933537380794,0.09
centre,40,200,1.0,1.008582682861533,0.0008101745549132655,1.1496911351784997,0.003108661543661426,0.20152195439708417,0.00041897348992833055,0.9047581085535401,0.035
near_start,10,200,0.970873786407767,0.9933346226429528,0.0001054257189795255,1.011690734055355,0.000944088658493463,0.18006470102480662,0.00014940846829741993,0.9156559255819551,1.0
near_start,20,200,0.9259259259259259,0.9893067609726767,0.000448012994486847,1.0487043722422784,0.004031199543095479,0.18739891879000084,0.0006328725819794992,0.9106429154079945,0.985
near_start,30,200,0.851063829787234,0.9918089113783405,0.0018782031517478102,1.155736060970718,0.018068455451343047,0.20575707836253238,0.002734178782850877,0.8999397376786553,0.855
near_start,40,200,0.6802721088435374,0.9989563952220294,0.003011634546716887,1.3195086241476133,0.0271423737679253,0.23293355586939687,0.0039674218733320365,0.8846720328920814,0.63
near_target,10,200,1.0,1.2387905849465033,0.02904876530812649,1.055593662254312,0.006499108650824644,0.15302950282997904,0.0020095832953048384,0.9312173554901468,0.0
near_target,20,200,0.9478672985781991,1.658773655114336,0.05715956485170044,1.1337184115523466,0.00901804346080573,0.12492477559005408,0.00241935138351002,0.9459010832810469,0.0
near_target,30,200,0.8968609865470852,2.2808392224707306,0.08300187635136146,1.230216606498195,0.011044270776610262,0.09943305391501613,0.002275216915665302,0.9585079082336148,0.0
near_target,40,200,0.7117437722419929,3.366797367580216,0.12726429899955158,1.3565623746490172,0.01530954365104054,0.07522519446056793,0.002156506409956568,0.969943392261298,0.0
