scheme,p,y,x,spearman,exp_nGtt,exp_taurel,R2
uniform,0.1,mfpt,n_cluster,0.07600683757166243,,,
uniform,0.1,mfpt,G_tt,0.9995404346277164,,,
uniform,0.1,mfpt,G_st,-0.008119925749535933,,,
uniform,0.1,mfpt,G_ss,0.013665460409127556,,,
uniform,0.1,mfpt,tau_rel,-0.16674910468190426,,,
uniform,0.1,mfpt,blk_t_r3,0.738768963894937,,,
uniform,0.1,mfpt,blk_t_r6,0.7155922397035469,,,
uniform,0.1,mfpt,blk_s_r3,0.0019281465706850328,,,
uniform,0.1,mfpt,blk_s_r6,-0.026993356376259724,,,
uniform,0.1,mfpt,deg_t,-0.5430303421786965,,,
uniform,0.1,mfpt,deg_s,-0.03165808761950305,,,
uniform,0.1,mode,n_cluster,0.06666476526567178,,,
uniform,0.1,mode,G_tt,0.8422803167543582,,,
uniform,0.1,mode,G_st,-0.3343645829151861,,,
uniform,0.1,mode,G_ss,0.02193201065525889,,,
uniform,0.1,mode,tau_rel,0.15163948431848467,,,
uniform,0.1,mode,blk_t_r3,0.6864153571921588,,,
uniform,0.1,mode,blk_t_r6,0.5429106206337464,,,
uniform,0.1,mode,blk_s_r3,-0.03011260341686545,,,
uniform,0.1,mode,blk_s_r6,-0.07501739641473104,,,
uniform,0.1,mode,deg_t,-0.5430644783564548,,,
uniform,0.1,mode,deg_s,-0.003514544316246301,,,
uniform,0.1,ratio,n_cluster,-0.07789959998853765,,,
uniform,0.1,ratio,G_tt,-0.9720426377664859,,,
uniform,0.1,ratio,G_st,-0.1563784148650929,,,
uniform,0.1,ratio,G_ss,-0.023526897043106516,,,
uniform,0.1,ratio,tau_rel,0.31118238238988993,,,
uniform,0.1,ratio,blk_t_r3,-0.6929260587675824,,,
uniform,0.1,ratio,blk_t_r6,-0.7114617268525828,,,
uniform,0.1,ratio,blk_s_r3,-0.017761142656540607,,,
uniform,0.1,ratio,blk_s_r6,-0.01041086629321602,,,
uniform,0.1,ratio,deg_t,0.5218288312660101,,,
uniform,0.1,ratio,deg_s,0.05917014641806511,,,
uniform,0.1,log mfpt,"log(n G_tt), log(tau_rel) [exponents]",,0.913541281879066,0.05051415324972128,0.9997721255886287
uniform,0.1,log mode,"log(n G_tt), log(tau_rel) [exponents]",,0.27552967873116213,0.43860351595322783,0.9149967688851475
uniform,0.2,mfpt,n_cluster,-0.07156468333822573,,,
uniform,0.2,mfpt,G_tt,0.9986134288339302,,,
uniform,0.2,mfpt,G_st,-0.1842992143700898,,,
uniform,0.2,mfpt,G_ss,-0.013387771173569834,,,
uniform,0.2,mfpt,tau_rel,0.026630791442446514,,,
uniform,0.2,mfpt,blk_t_r3,0.6076789971077851,,,
uniform,0.2,mfpt,blk_t_r6,0.6631388490081175,,,
uniform,0.2,mfpt,blk_s_r3,0.029670208147200183,,,
uniform,0.2,mfpt,blk_s_r6,-0.07746831884979985,,,
uniform,0.2,mfpt,deg_t,-0.44268702686203304,,,
uniform,0.2,mfpt,deg_s,-0.040459750769972956,,,
uniform,0.2,mfpt,chem_dist,0.20789871307004062,,,
uniform,0.2,mode,n_cluster,-0.042992947245009426,,,
uniform,0.2,mode,G_tt,0.7243241008456073,,,
uniform,0.2,mode,G_st,-0.643431828925401,,,
uniform,0.2,mode,G_ss,0.07040595715484253,,,
uniform,0.2,mode,tau_rel,0.39824689644982747,,,
uniform,0.2,mode,blk_t_r3,0.4931018970545443,,,
uniform,0.2,mode,blk_t_r6,0.44002425487343466,,,
uniform,0.2,mode,blk_s_r3,-0.05676696312073992,,,
uniform,0.2,mode,blk_s_r6,-0.10428291727011152,,,
uniform,0.2,mode,deg_t,-0.3350211426706047,,,
uniform,0.2,mode,deg_s,-0.03709948910137991,,,
uniform,0.2,mode,chem_dist,0.20039855500323836,,,
uniform,0.2,ratio,n_cluster,0.07782499315065611,,,
uniform,0.2,ratio,G_tt,-0.9323235145219657,,,
uniform,0.2,ratio,G_st,-0.11245251532822079,,,
uniform,0.2,ratio,G_ss,0.05973656085350533,,,
uniform,0.2,ratio,tau_rel,0.1906140663379146,,,
uniform,0.2,ratio,blk_t_r3,-0.5331956743002327,,,
uniform,0.2,ratio,blk_t_r6,-0.6495183766144855,,,
uniform,0.2,ratio,blk_s_r3,-0.06821457907860304,,,
uniform,0.2,ratio,blk_s_r6,0.04898976239751971,,,
uniform,0.2,ratio,deg_t,0.41091268206189135,,,
uniform,0.2,ratio,deg_s,0.045376264520170344,,,
uniform,0.2,ratio,chem_dist,-0.15630009452869217,,,
uniform,0.2,log mfpt,"log(n G_tt), log(tau_rel) [exponents]",,0.9046734151517634,0.05818258677538348,0.999051120542705
uniform,0.2,log mode,"log(n G_tt), log(tau_rel) [exponents]",,0.2640883216846911,0.3406483959999672,0.7034127218331148
smart,0.1,mfpt,n_cluster,0.05753485835505648,,,
smart,0.1,mfpt,G_tt,0.9992370577316106,,,
smart,0.1,mfpt,G_st,-0.08063769148557179,,,
smart,0.1,mfpt,G_ss,-0.14656666604166277,,,
smart,0.1,mfpt,tau_rel,-0.08835017718860742,,,
smart,0.1,mfpt,blk_t_r3,0.6102659628165615,,,
smart,0.1,mfpt,blk_t_r6,0.6965852003651359,,,
smart,0.1,mfpt,blk_s_r3,-0.04388905212381911,,,
smart,0.1,mfpt,blk_s_r6,-0.10999017388034069,,,
smart,0.1,mfpt,deg_t,-0.3794899055184021,,,
smart,0.1,mfpt,deg_s,-0.006726689364947337,,,
smart,0.1,mode,n_cluster,0.05056889631873996,,,
smart,0.1,mode,G_tt,0.6971751733300985,,,
smart,0.1,mode,G_st,-0.5315750621550263,,,
smart,0.1,mode,G_ss,-0.1378174166149888,,,
smart,0.1,mode,tau_rel,0.3173105626084942,,,
smart,0.1,mode,blk_t_r3,0.4876715867457243,,,
smart,0.1,mode,blk_t_r6,0.4633941056563981,,,
smart,0.1,mode,blk_s_r3,-0.1498320464080912,,,
smart,0.1,mode,blk_s_r6,-0.21777173664938201,,,
smart,0.1,mode,deg_t,-0.37583986037881795,,,
smart,0.1,mode,deg_s,0.06453920721567585,,,
smart,0.1,ratio,n_cluster,-0.058963490300868414,,,
smart,0.1,ratio,G_tt,-0.9544285901786885,,,
smart,0.1,ratio,G_st,-0.13686779292370574,,,
smart,0.1,ratio,G_ss,0.12310258189113682,,,
smart,0.1,ratio,tau_rel,0.2591573697335608,,,
smart,0.1,ratio,blk_t_r3,-0.5712522959322104,,,
smart,0.1,ratio,blk_t_r6,-0.6661840251439579,,,
smart,0.1,ratio,blk_s_r3,-0.010987843028637333,,,
smart,0.1,ratio,blk_s_r6,0.04204167776694893,,,
smart,0.1,ratio,deg_t,0.3714176727934111,,,
smart,0.1,ratio,deg_s,0.03325269082294721,,,
smart,0.1,log mfpt,"log(n G_tt), log(tau_rel) [exponents]",,0.9069277053446116,0.044345522179265254,0.9995209244719008
smart,0.1,log mode,"log(n G_tt), log(tau_rel) [exponents]",,0.2532175599207699,0.28440174236500676,0.790261684834391
smart,0.2,mfpt,n_cluster,0.13115291346213906,,,
smart,0.2,mfpt,G_tt,0.9972457952862204,,,
smart,0.2,mfpt,G_st,-0.27619522622016385,,,
smart,0.2,mfpt,G_ss,-0.12104606903793147,,,
smart,0.2,mfpt,tau_rel,0.03579659872874205,,,
smart,0.2,mfpt,blk_t_r3,0.5025772733729587,,,
smart,0.2,mfpt,blk_t_r6,0.6367117538709754,,,
smart,0.2,mfpt,blk_s_r3,-0.06344898106552431,,,
smart,0.2,mfpt,blk_s_r6,-0.1274091405516512,,,
smart,0.2,mfpt,deg_t,-0.351715655876038,,,
smart,0.2,mfpt,deg_s,0.0660346433971465,,,
smart,0.2,mfpt,chem_dist,0.053410261374148865,,,
smart,0.2,mode,n_cluster,0.06272655365246488,,,
smart,0.2,mode,G_tt,0.618385608648213,,,
smart,0.2,mode,G_st,-0.7285350653015594,,,
smart,0.2,mode,G_ss,0.13657669367272612,,,
smart,0.2,mode,tau_rel,0.36388695111243763,,,
smart,0.2,mode,blk_t_r3,0.4100605414004078,,,
smart,0.2,mode,blk_t_r6,0.41640705073045753,,,
smart,0.2,mode,blk_s_r3,-0.11378981913030975,,,
smart,0.2,mode,blk_s_r6,-0.11816444841766872,,,
smart,0.2,mode,deg_t,-0.2821594719261101,,,
smart,0.2,mode,deg_s,0.06419450819327488,,,
smart,0.2,mode,chem_dist,0.10252342413403512,,,
smart,0.2,ratio,n_cluster,-0.12666702953394998,,,
smart,0.2,ratio,G_tt,-0.9069694185588659,,,
smart,0.2,ratio,G_st,-0.06430090188063674,,,
smart,0.2,ratio,G_ss,0.23398289989312432,,,
smart,0.2,ratio,tau_rel,0.1752061575384846,,,
smart,0.2,ratio,blk_t_r3,-0.4005414395016495,,,
smart,0.2,ratio,blk_t_r6,-0.572684874122909,,,
smart,0.2,ratio,blk_s_r3,0.002689750041536833,,,
smart,0.2,ratio,blk_s_r6,0.0977659811361524,,,
smart,0.2,ratio,deg_t,0.2774949245545934,,,
smart,0.2,ratio,deg_s,-0.03023881484525069,,,
smart,0.2,ratio,chem_dist,-0.01258517653069025,,,
smart,0.2,log mfpt,"log(n G_tt), log(tau_rel) [exponents]",,0.8963359830073006,0.05548941808830675,0.9981941162320453
smart,0.2,log mode,"log(n G_tt), log(tau_rel) [exponents]",,0.25254273654318127,0.27001594498686665,0.5316512313026556
