N,p,K,mfpt,mode,ratio,ratio_ci,inv_ratio,inv_ratio_ci,cv,lnN,mfpt_ci,mode_ci,mfpt_factor,mfpt_factor_ci,mode_factor,mode_factor_ci,hom_factor,ratio_shift
10,0.0,1,752.9173912242101,172.0,0.22844471651841602,0.0,4.377426693164012,0.0,0.8868911507070382,2.302585092994046,,,,,,,,
15,0.0,1,1983.649255858789,414.0,0.20870625125749126,0.0,4.791423323330409,0.0,0.8992267602807922,2.70805020110221,,,,,,,,
20,0.0,1,3892.265540905714,765.0,0.19654363042815104,0.0,5.087928811641456,0.0,0.906557822588027,2.995732273553991,,,,,,,,
25,0.0,1,6525.223799865861,1228.0,0.18819277892434033,0.0,5.313700162757216,0.0,0.9115892558878798,3.2188758248682006,,,,,,,,
35,0.0,1,14100.808049937992,2493.0,0.17679837858731529,0.0,5.6561604692892065,0.0,0.918276984567218,3.5553480614894135,,,,,,,,
50,0.0,1,31614.797668958778,5253.0,0.16615636940032347,0.0,6.0184271214465594,0.0,0.9243891156240518,3.912023005428146,,,,,,,,
70,0.0,1,67212.38516471935,10570.0,0.15726268267516164,0.0,6.358787622016968,0.0,0.9294025985487318,4.248495242049359,,,,,,,,
100,0.0,1,148520.75716824902,22110.0,0.14886808027078055,0.0,6.717356724027545,0.0,0.9340614502894793,4.605170185988092,,,,,,,,
140,0.0,1,312092.12379110366,44248.0,0.14177865004250167,0.0,7.0532481420878606,0.0,0.9379410858387148,4.941642422609304,,,,,,,,
200,0.0,1,682335.2737447794,92116.0,0.13500108164487926,0.0,7.407348058369658,0.0,0.941596048765083,5.298317366548036,,,,,,,,
15,0.1,200,2501.5309290549703,535.665,0.21890263900128396,0.0040263337522543075,4.653003467972866,0.09192748091021868,0.8942005526773952,2.70805020110221,66.83983741480878,5.939131919590151,1.2610752236901743,0.03369539106643707,1.2938768115942028,0.014345729274372346,1.2891328823540231,0.010196387743792695
25,0.1,200,8371.260170637772,1595.885,0.19455360253484266,0.00310790417683556,5.215426162803348,0.09370006479252543,0.9084105866396402,3.2188758248682006,220.40724122092854,14.238754689140267,1.2829077480545357,0.033777729006851755,1.299580618892508,0.011595077108420412,1.2891328823540231,0.006360823610502331
35,0.1,200,18131.478832508234,3215.645,0.18126015087986463,0.0028611338625662923,5.601128854863773,0.10613969468897855,0.915873935117334,3.5553480614894135,505.4566084014679,26.519371519136197,1.2858467946159984,0.03584593213462619,1.2898696349779382,0.010637533702020136,1.2891328823540231,0.004461772292549349
50,0.1,200,41622.58523974266,6817.445,0.16702456622053646,0.0025616409205193413,6.071025977769268,0.10894554204301922,0.9238794719664505,3.912023005428146,1058.0301824004353,46.84031352971214,1.3165539022446473,0.03346629617811124,1.2978193413287644,0.008916869128062468,1.2891328823540231,0.0008681968202129964
70,0.1,100,86527.96071362634,13625.89,0.16020136110120028,0.0031485286274162685,6.316945112455793,0.15329299127745688,0.9277087925528054,4.248495242049359,3033.786762307681,123.68620991721669,1.287381194724302,0.04513731739876053,1.2891097445600757,0.011701628185167142,1.2891328823540231,0.002938678426038649
100,0.1,80,193557.84686815465,28582.925,0.14941377491524013,0.002885582453552424,6.748095160863232,0.1446729862288561,0.9336959641498165,4.605170185988092,5957.036837149977,245.18118854143455,1.3032376790867433,0.04010911976702123,1.2927600633197647,0.0110891537106031,1.2891328823540231,0.0005456946444595823
140,0.1,40,410997.9265108457,57230.45,0.14211932498955757,0.005022095903635262,7.139951417192788,0.309933823203488,0.9376437451891734,4.941642422609304,24870.046811335003,817.9229867101412,1.3169122037374574,0.07968815908978712,1.2934019616705839,0.018484970771789486,1.2891328823540231,0.0003406749470558912
15,0.2,200,3534.2235099122563,759.43,0.22830717206948722,0.007149345225884396,4.642430488751649,0.1714316912014962,0.8903641659985323,2.70805020110221,159.9469197659741,17.12838744613641,1.7816776325117876,0.08063266189502218,1.8343719806763283,0.04137291653656138,1.8769407861911231,0.019600920811995964
25,0.2,200,12332.775593820586,2337.895,0.19959669497112473,0.005630065731331448,5.242929520856633,0.1744506818437032,0.9066668371640071,3.2188758248682006,539.9693236958256,51.000052118376566,1.8900157254490046,0.08275108107509288,1.9038232899022802,0.041530987067081894,1.8769407861911231,0.011403916046784396
35,0.2,200,25685.26310272867,4759.68,0.19254452341515604,0.004324728803145363,5.3544051011107445,0.14674585477011823,0.9103042822516096,3.5553480614894135,936.1460615946858,65.06428310761244,1.8215454753915057,0.06638953301678356,1.9092178098676296,0.026098789854637962,1.8769407861911231,0.015746144827840758
50,0.2,200,58671.022042944074,10039.485,0.17780493527251784,0.0038729489265200393,5.784456431375629,0.14769502010432328,0.918311759356522,3.912023005428146,2129.872626640413,117.98945796217816,1.8558088733413167,0.06736948466166032,1.9111907481439179,0.02246134741332156,1.8769407861911231,0.011648565872194372
70,0.2,100,127647.19888649044,20027.35,0.16250245262144006,0.004749973916167787,6.31024918149579,0.21906752487220235,0.9265481031580491,4.248495242049359,6280.215536651651,276.3055986578137,1.8991618668741146,0.09343836736727232,1.8947350993377483,0.026140548595819647,1.8769407861911231,0.005239769946278422
100,0.2,80,275245.95022684627,41536.95,0.15471401928094744,0.004249115936871853,6.578020752685243,0.21246321198352647,0.9308442841462579,4.605170185988092,12652.346572271816,545.006297015129,1.8532490372038632,0.0851890793819401,1.8786499321573946,0.024649764677301175,1.8769407861911231,0.0058459390101668895
140,0.2,40,579186.901940767,83085.95,0.14683710884240955,0.005677507087036882,6.925215320058823,0.31609583069878006,0.9351086387440116,4.941642422609304,36928.393277793206,1376.1649557839762,1.8558203100583244,0.1183252971244828,1.8777334568794068,0.03110117871506003,1.8769407861911231,0.005058458799907878
