scheme,p,deg_t,K,mfpt,mfpt_ci,mode,mode_ci,ratio,ratio_ci
uniform,0.1,1,64,22523.094895000075,711.3939453834788,3462.21875,35.14767509000963,0.15529413261928537,0.003338893933231385
uniform,0.1,2,336,17533.69540719223,365.0322450936987,3181.0,17.6378120594379,0.18487703043750864,0.0020367338049070826
uniform,0.2,1,129,29390.558428023232,1081.7042753868348,4978.434108527132,71.85809666131225,0.1740200732021292,0.004240186110959839
uniform,0.2,2,271,24306.787200449577,783.076326858997,4683.774907749077,57.341167565168995,0.2002649483814363,0.0039060960387618695
uniform,0.3,1,173,44627.85342404872,1788.1240421226964,9330.173410404625,367.15918012635854,0.21559401274060924,0.007420960295613356
uniform,0.3,2,227,41726.113130304955,1788.182507258455,9126.577092511014,300.6174931277341,0.23133985711819804,0.008076214383568486
smart,0.1,1,22,21489.0656309385,1119.8399443342805,3413.0,49.87114239063482,0.16001070213340227,0.004900227615139536
smart,0.1,2,378,16442.29214555204,173.76493173454043,3133.664021164021,9.689986289176561,0.19184047230665605,0.0013043009734605372
smart,0.2,1,48,26671.87624388443,1266.4662072450012,4848.979166666667,105.8111630931948,0.18496568327859497,0.0067269000047348705
smart,0.2,2,352,22183.472680861814,489.9593722003643,4514.210227272727,40.99891183299702,0.2088125013032494,0.003121167541268758
smart,0.3,1,58,43356.728385088354,3054.937736635295,9472.275862068966,694.030191354914,0.22643559465274748,0.014691914833002065
smart,0.3,2,342,39557.87399963163,1458.389428440973,9050.733918128655,270.92746781525796,0.24050154967869053,0.006265619583477075
