sequence,N,qT,rel_err_1term,rel_err_2term,res_after_N2,res_after_const,N2_times_res3,N4_times_res4
2^j,2,8.0,0.117458,0.0401387,0.32110964383947996135,-0.211031239437,-0.84412495774990643089,0.901735959744904
3^j,3,27.0,0.0674689,0.015923,0.42992092487344062177,-0.102219958404,-0.91997962563164352577,1.3462138984904
2^j,4,59.42857142857142857142857142857142857143,0.0495697,0.00793647,0.47165318438994446208,-0.060487698887,-0.96780318219219371182,1.62809224790302
2^j,8,349.3090256857349907402522760654262954623,0.0298095,0.00147699,0.51592543085143848389,-0.0162154524255,-1.0377889552331574518,2.03327951699039
3^j,9,466.255014551006825270466023725318751876,0.0279781,0.00111367,0.51925201206105472399,-0.0128888712159,-1.0439985684880494514,2.07039071504471
10^j,10,602.3339129793069815405013566598961488532,0.0265392,0.000866056,0.5216550938730625932,-0.0104857894039,-1.0485789403893975875,2.09800072967348
2^j,16,1847.562106229853353342548267379313505845,0.0217125,0.00028578,0.52799609768868104115,-0.00414478558828,-1.0610651105985351484,2.17442229442488
3^j,27,6231.597998495618830039009203847263845076,0.0181754,8.51592e-5,0.53067787984626983951,-0.00146300343069,-1.0665295009706258538,2.20846665560423
2^j,32,9196.114375482644796824748096056638138805,0.0172769,5.77525e-5,0.53109850346425451538,-0.0010423798127,-1.0673969282069029803,2.21390794673087
10^j,35,11280.64643993417627174124811393187473111,0.0168397,4.70956e-5,0.53126925073317480592,-0.000871632543782,-1.0677498661326598601,2.21612490300379
2^j,64,44012.65233361186280620503361752051169859,0.0144033,1.20847e-5,0.53187989305322455248,-0.000260990223732,-1.0690159564063399578,2.2240922820296
3^j,81,74435.14698334660015017462158603481483066,0.0136375,7.14686e-6,0.53197791730148084783,-0.000162965975476,-1.069219765096207099,2.22537697249951
10^j,100,118816.6057328472544729055255801141360692,0.0130193,4.47777e-6,0.5320339496433083522,-0.000106933633648,-1.0693363364821687407,2.226112039636
2^j,128,204968.1632736944623930883876734552394681,0.0123635,2.59589e-6,0.53207561087441681784,-6.52724025398e-5,-1.0694230432112841623,2.22665891591256
10^j,200,545868.2189585846497876262933464712312543,0.0113325,9.74803e-7,0.53211414569524254693,-2.6737581714e-5,-1.0695032685608857929,2.22716500986192
3^j,243,835107.1492506206397101188879353589046891,0.0109348,6.37191e-7,0.53212277084103839628,-1.81124359182e-5,-1.0695212285321854581,2.22727832140948
2^j,256,935547.6544497313716717696863173388389166,0.0108331,5.68784e-7,0.53212456362116804615,-1.63196557885e-5,-1.0695249617566379529,2.22730187534421
10^j,403,2506102.027997539119197210973504968140584,0.0100216,2.12335e-7,0.53213429777225704123,-6.58550469953e-6,-1.0695452327456173944,2.22742977409194
2^j,512,4204895.411568807862186713894380503620847,0.00964064,1.26552e-7,0.53213680326577725437,-4.08001117931e-6,-1.0695504505902736683,2.22746269677587
3^j,729,9002715.825000393904863953087965375786972,0.00912851,5.91087e-8,0.5321388707209884165,-2.01255596815e-6,-1.069554756270971791,2.22748986433778
10^j,1000,17745092.69306499676367401729324055694032,0.00871443,2.9988e-8,0.5321398137202363852,-1.06955672018e-6,-1.0695567201838762087,2.22750225613225
2^j,1024,18670405.61039321603130028010338677803274,0.00868487,2.85018e-8,0.5321398632680841804,-1.02000887239e-6,-1.0695568233738199894,2.22750290723628
2^j,2048,82084923.08725537683753606102161492825956,0.00790155,6.48281e-9,0.53214062827435861584,-2.55002597953e-7,-1.0695584166056574468,2.22751296017035
3^j,2187,94405239.81629224327619795062179773772086,0.00783461,5.63677e-9,0.53214065965884782356,-2.23618108746e-7,-1.0695584819684217316,2.22751337259546
10^j,4001,340584601.8516799661395286259520302654606,0.00726822,1.56243e-9,0.53214081646294221862,-6.68140143504e-8,-1.0695588085360015302,2.2275154331682
2^j,4096,357952899.7210051638202453059412864930784,0.00724786,1.48662e-9,0.53214081952628333963,-6.37506732294e-8,-1.0695588149158638158,2.22751547342381
3^j,6561,970074368.9250859856488742484643514154891,0.006862,5.48557e-10,0.532140858430490425,-2.48464661441e-8,-1.0695588959396593711,2.22751598466716
2^j,8192,1550264433.161219644680143385432005747499,0.00669406,3.43258e-10,0.53214086733928677789,-1.59376697912e-8,-1.069558914493555847,2.22751610173842
10^j,10000,2360857695.728201369623360466808843743541,0.00655007,2.25402e-10,0.53214087258136731496,-1.06955892541e-8,-1.0695589254109706347,2.22751617062505
2^j,16384,6674869074.542941589316000427832631616846,0.00621889,7.9723e-11,0.53214087929253902854,-3.98441754054e-9,-1.0695589393879876323,2.22751625881715
3^j,19683,9814514249.588874897441786520088924475694,0.00610421,5.42198e-11,0.53214088051623798989,-2.76071857918e-9,-1.069558941936523484,2.22751627489788
2^j,32768,28594721670.55328612501483765179422473274,0.0058067,1.86098e-11,0.53214088228085217814,-9.9610439093e-10,-1.0695589456115961272,2.22751629808684
3^j,59049,98085232643.72479788294099390205222260554,0.00549714,5.42529e-12,0.53214088297021005881,-3.06746510263e-10,-1.0695589470472869031,2.22751630714575
2^j,65536,121959868176.5284914645244318714686005168,0.00544576,4.36325e-12,0.53214088302793047098,-2.49026098095e-10,-1.0695589471674982852,2.22751630790426
10^j,100000,294720617430.4924098571923100780312698617,0.00524693,1.80558e-12,0.53214088317000067433,-1.06955894746e-10,-1.0695589474633807099,2.22751630977122
2^j,131072,518163398688.1646216514429436700290154386,0.00512706,1.02698e-12,0.53214088321470004453,-6.22565245463e-11,-1.0695589475564738268,2.22751631035861
3^j,177147,970558533404.4045115117475518561223091806,0.0049999,5.48283e-13,0.53214088324287362347,-3.40829456029e-11,-1.0695589476151495144,2.22751631072885
2^j,262144,2193949298685.650377725143319034107116586,0.00484361,2.42549e-13,0.53214088326139243793,-1.5564131138e-11,-1.0695589476537177124,2.2275163109722
2^j,524288,9260980010479.358343326676580297626927573,0.00458985,5.74605e-14,0.53214088327306553629,-3.89103278459e-12,-1.0695589476780286838,2.22751631112579
