N,start,target,exact,exact_float,rel_single,rel_double
6,"(2, 4)","(3, 5)",34994/715,48.942657342657342657,0.0,1.5e-41
6,"(2, 1)","(3, 4)",41728/715,58.360839160839160839,1.26e-41,0.0
6,"(4, 2)","(3, 4)",40801/715,57.064335664335664336,0.0,1.29e-41
6,"(2, 1)","(5, 3)",10341/143,72.314685314685314685,2.03e-41,4.06e-41
6,"(1, 6)","(5, 6)",77036/715,107.74265734265734266,2.73e-41,8.18e-41
6,"(1, 3)","(6, 3)",77227/715,108.00979020979020979,1.36e-41,8.16e-41
6,"(5, 1)","(5, 4)",8885/143,62.132867132867132867,1.18e-41,0.0
6,"(3, 1)","(1, 3)",58554/715,81.893706293706293706,1.79e-41,3.59e-41
6,"(1, 3)","(4, 6)",14602/143,102.11188811188811189,1.44e-41,2.88e-41
6,"(6, 5)","(4, 6)",4401/65,67.707692307692307692,4.34e-41,2.17e-41
6,"(4, 6)","(3, 3)",44007/715,61.548251748251748252,1.19e-41,1.19e-41
6,"(6, 4)","(1, 4)",77227/715,108.00979020979020979,1.36e-41,2.72e-41
8,"(4, 2)","(6, 8)",9746779900/42859159,227.41416601291686568,1.29e-41,3.88e-41
8,"(8, 7)","(3, 4)",6094241028/42859159,142.19226812173332659,2.07e-41,2.07e-41
8,"(7, 8)","(6, 8)",2913011228/42859159,67.967064589391499726,2.16e-41,4.32e-41
8,"(6, 4)","(6, 8)",8371177140/42859159,195.31827817713362038,0.0,1.5e-41
8,"(3, 4)","(1, 3)",6744594352/42859159,157.36646517025684055,0.0,3.73e-41
8,"(8, 8)","(5, 6)",3847122534/42859159,89.761969757736030238,0.0,1.64e-41
8,"(8, 7)","(4, 1)",9267396554/42859159,216.22908078994270513,1.36e-41,0.0
8,"(2, 2)","(3, 1)",4542722502/42859159,105.99187216902692841,0.0,2.77e-41
8,"(2, 8)","(7, 1)",98029952/360161,272.18369562501214735,2.16e-41,2.16e-41
8,"(2, 7)","(7, 4)",7096487946/42859159,165.57692944931560603,0.0,1.77e-41
8,"(2, 2)","(2, 5)",293408398/2521127,116.37985631029297612,0.0,3.79e-41
8,"(7, 5)","(1, 8)",828207262/2521127,328.5067598736596768,1.79e-41,7.16e-41
11,"(6, 7)","(2, 2)",587705131883933775947/1327876902723817246,442.59007041872579396,0.0,1.46e-40
11,"(3, 8)","(3, 6)",1290597437960571/7385874888611,174.73860002024525431,0.0,3.36e-41
11,"(9, 5)","(8, 1)",239794214453533715539/663938451361908623,361.16934327519979084,3.25e-41,3.25e-41
11,"(4, 4)","(4, 5)",76626869657244118776/663938451361908623,115.41261015996692133,0.0,1.27e-41
11,"(8, 7)","(9, 11)",265309745257043664819/663938451361908623,399.59990976998711545,1.47e-41,0.0
11,"(5, 7)","(8, 10)",421552551542873676175/1327876902723817246,317.46357714194810511,1.85e-41,9.26e-41
11,"(10, 9)","(6, 3)",2265570894893289/7385874888611,306.74374113577166976,0.0,9.58e-41
11,"(2, 6)","(9, 4)",221499532866553824490/663938451361908623,333.61455781360648934,3.52e-41,1.06e-40
11,"(7, 5)","(2, 5)",213155142815512665995/663938451361908623,321.04654035065541739,1.83e-41,1.83e-41
11,"(7, 6)","(8, 9)",341720376425991149013/1327876902723817246,257.34341468326975035,2.28e-41,6.85e-41
11,"(10, 3)","(10, 11)",363935344676291387632/663938451361908623,548.1462083266398261,2.14e-41,1.07e-40
11,"(7, 7)","(2, 5)",9564075464354289941/28866889189648201,331.31645746518510606,1.77e-41,1.77e-41
16,"(12, 2)","(2, 11)",2719307476518810763585855131325346473419550/2900720947278506117370878675063026423177,937.45917857769124028,2.51e-41,5.02e-41
16,"(6, 13)","(14, 4)",387867985907440940314040935275329917415264/414388706754072302481554096437575203311,936.00037738873361238,1.26e-41,1.26e-41
16,"(1, 7)","(3, 9)",1104378660243352888223665366674693185793008/2900720947278506117370878675063026423177,380.72557833579104554,3.09e-41,4.63e-41
16,"(7, 9)","(16, 1)",42080411844166097108969516272287538900098/24375806279651311910679652731622070783,1726.3187671168202237,1.36e-41,2.72e-41
16,"(15, 12)","(5, 16)",3120897022056050153769433482333658069501422/2900720947278506117370878675063026423177,1075.9039145023984728,2.19e-41,6.56e-41
16,"(14, 7)","(15, 5)",1461614981373262024921034760331463319852598/2900720947278506117370878675063026423177,503.87990018294179275,4.67e-41,7.0e-41
16,"(16, 16)","(6, 2)",2803702034686935303599961393245792079129520/2900720947278506117370878675063026423177,966.55351743414160143,1.22e-41,4.86e-41
16,"(4, 11)","(3, 9)",1222809001019141559780337227021159896221080/2900720947278506117370878675063026423177,421.55347696109712605,1.39e-41,2.79e-41
16,"(11, 13)","(7, 11)",1445432005255465637686177578384396280927702/2900720947278506117370878675063026423177,498.30095053148377691,1.18e-41,1.18e-41
16,"(14, 9)","(1, 6)",3243806462684515408251495076456043065637936/2900720947278506117370878675063026423177,1118.2759464428650248,0.0,8.41e-41
16,"(1, 2)","(5, 3)",1072246918954529771566753325878179084622248/2900720947278506117370878675063026423177,369.64842135556875576,3.18e-41,7.95e-41
16,"(6, 6)","(3, 14)",22134720146468937945410174309452620095728/24375806279651311910679652731622070783,908.06104596206891157,0.0,1.68e-40
23,"(10, 8)","(2, 18)",17010786842402180785543140138385208415638803416482752750014282637384888118867571837538775834974521/7919987130980854863080148569321507409715960725008524761695222195109106998498940213459856165617,2147.830111473359323,2.19e-41,2.19e-40
23,"(18, 12)","(13, 12)",292979260128320791995119956866286346822193214428278904384258619315097603/282213161668539501146465718166539243673519214817285461242338637729589,1038.1488177097357245,2.26e-41,9.06e-41
23,"(19, 5)","(7, 21)",33593789181290703320686898345696434707046625170633078472512732747619975440536395502438723808383429/15839974261961709726160297138643014819431921450017049523390444390218213996997880426919712331234,2120.8234701468677318,2.22e-41,2.22e-41
23,"(23, 7)","(11, 5)",10996547659059064472673903602043454562178794324215632966741117995404403103169818569553787737570292/7919987130980854863080148569321507409715960725008524761695222195109106998498940213459856165617,1388.455243322749111,1.69e-41,1.69e-40
23,"(12, 14)","(4, 6)",28992218068918383585685566551960430164993157984660892200287515316603548162403665736137915930830823/15839974261961709726160297138643014819431921450017049523390444390218213996997880426919712331234,1830.3197713231528628,1.28e-41,3.85e-41
23,"(8, 7)","(12, 3)",750556916897688507545382276079582817935093218132122091459413394233791699/564426323337079002292931436333078487347038429634570922484677275459178,1329.7695126268076745,1.77e-41,1.41e-40
23,"(2, 15)","(15, 16)",22565037345736133591520292919762422885661996886007879178147855812984634182079481989600130535088799/15839974261961709726160297138643014819431921450017049523390444390218213996997880426919712331234,1424.5627532314913612,1.65e-41,4.95e-41
23,"(9, 8)","(8, 15)",10056238441934629245009316512668464565576754696277384712649241170837582635129219950274586340051901/7919987130980854863080148569321507409715960725008524761695222195109106998498940213459856165617,1269.7291391544482528,1.85e-41,1.85e-41
23,"(15, 10)","(15, 6)",8780409878790670405865461298008256205596197951954553892180855490039535888746535070149538229538983/7919987130980854863080148569321507409715960725008524761695222195109106998498940213459856165617,1108.639412360163273,0.0,8.48e-41
23,"(7, 11)","(4, 18)",12556252729612743440325818566321576924233791749247136416943725454304427459984619602482320322240027/7919987130980854863080148569321507409715960725008524761695222195109106998498940213459856165617,1585.3880217173670949,2.97e-41,8.9e-41
23,"(14, 21)","(23, 15)",16442230313736833639464289707599571470737751621160182265187161447516785009902543644760969046645457/7919987130980854863080148569321507409715960725008524761695222195109106998498940213459856165617,2076.0425543394206506,0.0,1.81e-40
23,"(17, 8)","(12, 4)",369596830401868988522758921143277184433107240148473634561954336166774800/282213161668539501146465718166539243673519214817285461242338637729589,1309.6371133673841883,1.8e-41,1.8e-40
30,"(11, 28)","(27, 14)",188339076035956392274763221974040522671870411514920682653929536284219100166979411492592156810376507701003489034963050966024/58046687100443116497756352964357395978490421092977759518732095415976636019029803146903216474111901538345858527751848663,3244.6136970755502499,0.0,7.97e-40
30,"(1, 17)","(15, 23)",814048196977787501861013350740172397737847954034862602915866288595651398955709285488690338039489087389934690839044708641678/334459482816838909344215176604154519685587664392871852465075406920627283728695532417870913969882861244754708659903508963,2433.9217118971246427,0.0,2.13e-40
30,"(28, 11)","(12, 4)",21464080164378197003852041828289304160123162523980054455931945075763754934669147851296838546514052664185651830688715132161686/7023649139153617096228518708687244913397340952250308901766583545333172958302606180775289193367540086139848881857973688223,3055.9727200389055978,3.08e-41,6.46e-40
30,"(27, 20)","(23, 16)",20435859337885655200334422612589988118368338040226573538531584718516370351094007763651022369467034976091640582465515164975383/11706081898589361827047531181145408188995568253750514836277639242221954930504343634625481988945900143566414803096622813705,1745.7471692854184454,1.35e-41,1.08e-40
30,"(22, 5)","(27, 12)",11730130037170873206794218213835158227975249838005394708476297175272559973284236619969276516322271116113074563470794070875274/5016892242252583640163227649062317795283814965893077786976131103809409255930432986268063709548242918671320629898552634445,2338.1267666821655917,0.0,5.83e-40
30,"(11, 8)","(24, 22)",111202189026942515692254107791881577436934624920607850981804040872122271356515984576557163598654692042970581119086307158480188/35118245695768085481142593543436224566986704761251544508832917726665864791513030903876445966837700430699244409289868441115,3166.507518350864116,1.48e-41,7.13e-40
30,"(16, 11)","(14, 4)",28962423369676008456989736292256225418396274490645495720265514812869850748573917589784730334323783197663682000922766144433882/11706081898589361827047531181145408188995568253750514836277639242221954930504343634625481988945900143566414803096622813705,2474.1346951592844488,1.9e-41,2.28e-40
30,"(24, 7)","(10, 21)",101822013898927406055951897778408366930744755644625520242083491323585279192894463376585596290786429469838741163748827470004889/35118245695768085481142593543436224566986704761251544508832917726665864791513030903876445966837700430699244409289868441115,2899.4049070964111336,0.0,7.14e-40
30,"(26, 27)","(13, 14)",308182597044745469139430311444925488003890010052865494513645216417262458644271846031657160555394739810134983383707529794221/123221914721993282389974012433109559884163876355268577223975149918125841373729932996057705146798948879646471611543398039,2501.0372362744940445,1.88e-41,2.26e-40
30,"(29, 1)","(19, 20)",541367362361607023655195215822570907212273781842730151843528151064434360519815356419382449645624719989404510982031858000530/212837852701624760491773294202643785254464877340918451568684349858580998736442611538645127071743638973934814601756778431,2543.5671121928883109,1.85e-41,3.14e-40
30,"(26, 26)","(24, 20)",3190543749235624935692783479386814158804049830055501750753412292188509032664981833930957194666106521528693248077157760939678/1848328720829899235849610186496643398262458145329028658359627248771887620605948994940865577201984233194697074173150970585,1726.1776616245358203,2.72e-41,8.17e-41
30,"(4, 4)","(16, 21)",482931980366728303165767146701746740996129904734895087686214123185770054945865529486002950189739729068993466820895220272012/180093567670605566569962018171467818292239511596161766711963680649568537392374517455776645983783079131790996970717274057,2681.5615161226620791,3.51e-41,2.98e-40
