N,q,direct,direct_method,double_sum,clean_single,form_a_float64,rel_direct_vs_clean,rel_double_vs_clean,rel_form_a_vs_clean
2,0.8,9.999999999999998,spsolve,10.000000000000004,10.000000000000002,10.000000000000002,3.5527136788005e-16,1.77635683940025e-16,0.0
3,0.8,33.74999999999997,spsolve,33.750000000000014,33.750000000000014,33.75,1.2631870857957331e-15,0.0,4.2106236193191104e-16
5,0.8,133.5227272727266,spsolve,133.52272727272725,133.52272727272728,133.52272727272725,5.108651090809639e-15,2.128604621170683e-16,2.128604621170683e-16
10,0.8,752.9173912241221,spsolve,752.9173912241339,752.9173912241338,752.917391224134,1.55524954288652e-14,1.5099510125111844e-16,3.019902025022369e-16
20,0.8,3892.2655409038857,spsolve,3892.2655409040153,3892.265540904009,3892.2655409040126,3.166190250771255e-14,1.6356702402508327e-15,9.346687087147615e-16
35,0.8,14100.808049916606,spsolve,14100.808049917849,14100.808049917721,14100.80804991782,7.907635508733248e-14,9.029926355812844e-15,6.965943188769909e-15
50,0.8,31614.797668860258,spsolve,31614.797668858264,31614.79766885822,31614.797668858264,6.444033434312142e-14,1.3808643073526019e-15,1.3808643073526019e-15
100,0.8,148520.75716622875,spsolve,148520.757166063,148520.75716605908,148520.75716606106,1.142435137016207e-12,2.645432993090702e-14,1.332514396519761e-14
200,0.8,682335.2737035602,spsolve,682335.2736982249,682335.2736982309,682335.2736982293,7.810496134884294e-12,8.701267019356014e-15,2.217970024541729e-15
300,0.8,1651410.7316183068,spsolve,1651410.7315833983,1651410.7315833014,1651410.7315833482,2.1197263716378227e-11,5.865139780649658e-14,2.833877634400436e-14
402,0.8,3115822.271230653,cg,3115822.27134286,3115822.271340622,3115822.2713423977,3.529378862146015e-11,7.182592432777242e-13,5.698548677939996e-13
403,0.8,3132627.5350030186,cg,3132627.534997138,3132627.534996924,nan,1.9455153414175925e-12,6.837844262317333e-14,nan
500,0.8,4993752.965076127,cg,4993752.965074479,4993752.965078247,nan,4.244683697107183e-13,7.545689911465582e-13,nan
700,0.8,10312557.12549225,cg,10312557.12579553,10312557.125772286,nan,2.715482263569604e-11,2.2539461875235354e-12,nan
1000,0.8,22181365.866631392,cg,22181365.866418317,22181365.866331242,nan,1.353164482503616e-11,3.925589432182736e-12,nan
2000,1.0,,,78040708.3800879,78040708.38072619,nan,,8.178952408075577e-12,nan
4000,1.0,,,340404188.7484043,340404188.7460226,nan,,6.996805795350728e-12,nan
6000,1.0,,,803079727.1331248,803079727.1084363,nan,,3.074225565802674e-11,nan
