N,q,exact_num,exact_den,exact_float,relerr_double,relerr_form_a,relerr_clean,relerr_half_odd,relerr_half_even
2,1,8,1,8.0,0.0,0.0,1.56e-61,3.11e-61,0.0
2,4/5,10,1,10.0,0.0,0.0,1.24e-61,3.73e-61,0.0
2,3/10,80,3,26.66666666666666666666667,9.33e-62,0.0,9.33e-62,2.8e-61,9.33e-62
2,1/7,56,1,56.0,0.0,8.89e-62,1.78e-61,3.56e-61,0.0
3,1,27,1,27.0,1.84e-61,0.0,2.77e-61,3.69e-61,9.22e-62
3,4/5,135,4,33.75,1.48e-61,0.0,2.95e-61,4.43e-61,1.48e-61
3,3/10,90,1,90.0,1.11e-61,0.0,2.21e-61,3.32e-61,1.11e-61
3,1/7,189,1,189.0,2.11e-61,0.0,3.16e-61,4.21e-61,1.05e-61
4,1,416,7,59.42857142857142857142857,1.68e-61,1.68e-61,8.38e-62,1.68e-61,0.0
4,4/5,520,7,74.28571428571428571428571,1.34e-61,1.34e-61,0.0,1.34e-61,0.0
4,3/10,4160,21,198.0952380952380952380952,2.01e-61,2.01e-61,0.0,1.01e-61,0.0
4,1/7,416,1,416.0,1.91e-61,1.91e-61,9.57e-62,1.91e-61,9.57e-62
5,1,1175,11,106.8181818181818181818182,1.86e-61,9.32e-62,1.86e-61,1.86e-61,9.32e-62
5,4/5,5875,44,133.5227272727272727272727,1.49e-61,0.0,0.0,1.49e-61,0.0
5,3/10,11750,33,356.0606060606060606060606,1.12e-61,1.12e-61,0.0,1.12e-61,0.0
5,1/7,8225,11,747.7272727272727272727273,1.07e-61,0.0,1.07e-61,2.13e-61,1.07e-61
6,1,9368,55,170.3272727272727272727273,0.0,2.34e-61,1.17e-61,2.34e-61,2.34e-61
6,4/5,2342,11,212.9090909090909090909091,0.0,1.87e-61,9.35e-62,2.81e-61,2.81e-61
6,3/10,18736,33,567.7575757575757575757576,0.0,1.4e-61,1.4e-61,1.4e-61,1.4e-61
6,1/7,65576,55,1192.290909090909090909091,0.0,2.67e-61,0.0,2.67e-61,2.67e-61
7,1,312865,1247,250.89414595028067361668,1.59e-61,1.59e-61,7.94e-62,0.0,7.94e-62
7,4/5,1564325,4988,313.61768243785084202085,1.27e-61,1.27e-61,1.27e-61,0.0,1.27e-61
7,3/10,3128650,3741,836.3138198342689120556001,1.9e-61,1.9e-61,9.52e-62,0.0,9.52e-62
7,1/7,2190055,1247,1756.25902165196471531676,1.81e-61,1.81e-61,9.07e-62,9.07e-62,0.0
8,1,125807488,360161,349.3090256857349907402523,1.14e-61,1.14e-61,0.0,1.14e-61,0.0
8,4/5,157259360,360161,436.6362821071687384253153,1.82e-61,0.0,0.0,9.12e-62,9.12e-62
8,3/10,1258074880,1080483,1164.363418952449969134174,1.37e-61,0.0,0.0,1.37e-61,0.0
8,1/7,880652416,360161,2445.163179800144935181766,1.3e-61,0.0,0.0,0.0,1.3e-61
9,1,35727723,76627,466.255014551006825270466,8.54e-62,2.56e-61,1.71e-61,0.0,8.54e-62
9,4/5,178638615,306508,582.8187681887585315880825,0.0,1.37e-61,1.37e-61,1.37e-61,0.0
9,3/10,119092410,76627,1554.18338183668941756822,1.03e-61,3.08e-61,2.05e-61,0.0,1.03e-61
9,1/7,250094061,76627,3263.785101857047776893262,9.76e-62,2.93e-61,1.95e-61,0.0,9.76e-62
10,1,85570839000,142065451,602.3339129793069815405014,0.0,2.64e-61,1.32e-61,2.64e-61,0.0
10,4/5,106963548750,142065451,752.9173912241337269256267,0.0,3.17e-61,1.06e-61,3.17e-61,0.0
10,3/10,285236130000,142065451,2007.779709931023271801671,0.0,3.97e-61,7.93e-62,2.38e-61,0.0
10,1/7,598995873000,142065451,4216.337390855148870783509,0.0,4.53e-61,0.0,3.02e-61,0.0
11,1,577168419861,761351911,758.0836292942594321537074,1.05e-61,5.25e-61,1.05e-61,1.05e-61,0.0
11,4/5,2885842099305,3045407644,947.6045366178242901921343,8.41e-62,5.04e-61,8.41e-62,0.0,8.41e-62
11,3/10,1923894732870,761351911,2526.945430980864773845691,1.26e-61,5.04e-61,0.0,1.26e-61,0.0
11,1/7,4040178939027,761351911,5306.585405059816025075952,1.2e-61,4.8e-61,1.2e-61,0.0,1.2e-61
12,1,52566792400224,56281934513,933.9905043257197110693778,3.41e-61,8.53e-62,2.56e-61,4.26e-61,8.53e-62
12,4/5,65708490500280,56281934513,1167.488130407149638836722,4.09e-61,2.73e-61,1.36e-61,4.09e-61,0.0
12,3/10,175222641334080,56281934513,3113.301681085732370231259,4.09e-61,2.05e-61,2.05e-61,3.07e-61,0.0
12,1/7,52566792400224,8040276359,6537.933530280037977485644,2.92e-61,9.75e-62,2.92e-61,4.87e-61,9.75e-62
13,1,272565185120658703,241101794569899,1130.498367326079763468017,7.05e-61,8.46e-61,1.41e-61,1.41e-61,0.0
13,4/5,1362825925603293515,964407178279596,1413.122959157599704335021,6.76e-61,9.02e-61,2.25e-61,2.25e-61,0.0
13,3/10,2725651851206587030,723305383709697,3768.327891086932544893389,7.61e-61,8.46e-61,1.69e-61,1.69e-61,8.46e-62
13,1/7,1907956295844610921,241101794569899,7913.488571282558344276116,8.05e-61,9.66e-61,8.05e-62,2.42e-61,8.05e-62
14,1,8277449413306992523528,6140471000326322381,1348.015390491560815396433,1.3e-60,4.73e-61,1.18e-61,0.0,0.0
14,4/5,10346811766633740654410,6140471000326322381,1685.019238114451019245541,1.23e-60,4.73e-61,0.0,9.45e-62,9.45e-62
14,3/10,82774494133069925235280,18421413000978967143,4493.384634971869384654776,1.28e-60,4.25e-61,1.42e-61,0.0,0.0
14,1/7,57942145893148947664696,6140471000326322381,9436.10773344092570777503,1.22e-60,4.05e-61,0.0,1.35e-61,1.35e-61
15,1,619808736774223125,390573544531459,1586.919404686663890129308,9.04e-61,9.04e-61,1.0e-61,2.01e-61,0.0
15,4/5,3099043683871115625,1562294178125836,1983.649255858329862661635,9.64e-61,9.64e-61,1.61e-61,2.41e-61,8.03e-62
15,3/10,2066029122580743750,390573544531459,5289.731348955546300431025,8.43e-61,9.64e-61,0.0,1.2e-61,1.2e-61
15,1/7,4338661157419561875,390573544531459,11108.43583280664723090515,9.18e-61,9.18e-61,1.15e-61,2.29e-61,1.15e-61
16,1,84274360196115682446402048,45613817209147281353759,1847.562106229853353342548,8.62e-61,6.9e-61,0.0,0.0,0.0
16,4/5,105342950245144603058002560,45613817209147281353759,2309.452632787316691678185,9.66e-61,6.9e-61,0.0,0.0,0.0
16,3/10,280914533987052274821340160,45613817209147281353759,6158.540354099511177808494,8.28e-61,6.21e-61,0.0,0.0,0.0
16,1/7,589920521372809777124814336,45613817209147281353759,12932.93474360897347339784,7.88e-61,6.9e-61,0.0,9.85e-62,9.85e-62
17,1,77633920855053305130410489242849,36443188794328204864735075793,2130.272443862974307404774,1.5e-61,0.0,1.5e-61,1.5e-61,2.99e-61
18,1,1817780436026697131328687634888,746411575318143730121752505,2435.359386343791375381942,6.54e-61,6.54e-61,1.31e-61,2.62e-61,1.31e-61
19,1,13648048363356194367343535675618238397995,4939371777650229260975457785579794433,2763.114213250997537630899,2.31e-60,1.84e-60,3.46e-61,3.46e-61,1.15e-61
20,1,103639163281386050265408625236126538901316018400,33283688571680493510612137844679320717594861,3113.812432723207296821366,1.74e-60,4.09e-61,1.02e-61,1.02e-61,1.02e-61
21,1,3771381604744068078540690527392287,1081332955501862734672031646083,3487.715403063539933083289,1.1e-60,7.31e-61,0.0,2.74e-61,1.83e-61
22,1,11430035163151822044434020600460960421210561621656,2942039683673607873726698522584668254140514263,3885.071716258970374455374,1.64e-61,4.1e-61,1.64e-61,8.2e-62,1.64e-61
23,1,630102208453804092553059669161005992762009489271123,146327191148742628574663145894987259935694336637,4306.11838788937542431675,0.0,4.44e-61,1.48e-61,1.48e-61,1.48e-61
24,1,16010769736349905563039399197113155986402123404246863744,3369920812539617835952536669540941991969432449062337,4751.081887969935192714484,2.01e-60,2.68e-60,1.34e-61,1.34e-61,1.34e-61
25,1,7529743149709557817186369793014823101196467953054820677985390685625,1442430056933325816569009159911057422597179705154442130178326561,5220.17903988921730576123,1.46e-60,7.32e-61,0.0,0.0,1.22e-61
26,1,449672307523796539490826990868356290570425496897774080549305357644076585657827848,78701852758208778972416734254719917599763501402561907574975814599754803354449,5713.617809040648204607208,2.9e-60,2.57e-60,1.12e-61,1.12e-61,1.12e-61
27,1,107366541531352320626969250517526240556617609458881984656977527756782479683,17229375443870395461150761193338198320554846313675494233268800011261489,6231.597998495618830039009,6.14e-61,1.33e-60,0.0,1.02e-61,0.0
28,1,1197522328518191761524506497711854735570809765385863205346409172645513215648,176774018120846491313273938502732538415271739193367841271941112456195303,6774.311865783013098015066,2.63e-60,2.26e-60,9.41e-62,0.0,9.41e-62
29,1,1134208098184942119996416312462011581687050966712081516749965375184312882059775743,154483334976347535404191788014854485399089711768279514900620529478567173512683,7341.944672275473638770128,5.21e-61,5.21e-61,8.68e-62,1.74e-61,1.74e-61
30,1,49852483275635371714691539978864942183598446337808408988984251493511511016,6282863781852559052122160362427491833124834120909689920038481554576985,7934.675174659909210100102,8.03e-61,5.62e-61,8.03e-62,1.61e-61,8.03e-62
31,1,63105837432531109519837956338840167102376143334403969018618073646461914654145619054966754896463574013403703,7378490304426066744104156155998465470832529266508175689542480771082375929158481770743096339471059845345,8552.676066359590444867593,1.94e-60,5.96e-61,1.49e-61,2.98e-61,1.49e-61
32,1,3390200459784364740785092905618470118087693063141430264042885069434989530826095785844153654262962950782083698338760704,368655751914398624506460995657107630739104624926777002289235565678899303380723593769319890801658522344943329764799,9196.114375482644796824748,4.16e-61,2.36e-60,1.39e-61,1.39e-61,0.0
33,1,17301476831730590194245007684158502697177052450837673742212679506018396680517232851683075631285107385113,1753797319995698389344905943426156360437130659210503512870049656481349313401934337387465306852981753,9865.151824826044457890265,3.36e-60,1.16e-60,0.0,1.29e-61,0.0
34,1,4307354028725600278140241244605928166958511731938935429631318272091139240562297779540149639992746105442746940777405976,407895492261417376189308182911458061738217015657244627347116192359778088520677752660281607601368576552187769845059,10559.94515861196897481993,2.9e-60,8.45e-61,1.21e-61,3.62e-61,1.21e-61
35,1,1841789176723687064563374958516735742171708812190026495434988515672332733853227678611871514285381989715344646332567075,163269825584076553435130534062649063986600068861642292784852061426699612505648529035556197165356828773946840513337,11280.64643993417627174125,5.87e-60,2.15e-60,2.26e-61,2.26e-61,1.13e-61
36,1,16157204316755066170326525707099330353098227893701939056267353204843485592374458889759750856692671949906887187121485980937968556384,1343365968843695938095769223371679473253572044548420903996888692900260965844471268394156451383555344597417875384160225382560657,12027.40332231461951211952,4.24e-61,2.12e-60,3.18e-61,0.0,1.06e-61
37,1,5079590836103447617265881657224947841362515483239938973158359898270791436516593180995867689057928091176633651504961393060473824868174962087362468693965,396831894928266951523200720136964031595203724397608791288532255135747423408212256692298471186419888461607487966462278935122805554562022947545686761,12800.35929829092092340671,1.49e-60,5.97e-61,3.98e-61,1.99e-61,1.99e-61
38,1,49821512651977912590339042527008229362991960861218165078697115721398293388850431024744705491074521946280906366200174544168171777637567089008982404922508476164829144,3663439740259349512135169412810897490752892977923575309480483889103396598159306994685692827966487548896224318502337182961877092638406672094139885130502483117503,13599.65392755466723714162,6.56e-60,5.34e-60,0.0,3.75e-61,0.0
39,1,561876222847329501762925935233923418071319944893708247512390778979968115663207727728431498367612306256703676807845823874860095465104514440715,38950415597761894982783024465694886313862620784862815908177446462171796439778660634296585634564727183133187298323504349310147252101656469,14425.42304682405271843878,3.89e-60,4.06e-60,1.77e-61,3.53e-61,8.83e-62
40,1,50246932328974832023826228228316898616947085898699518979258691547953386529777877633317934417937152209905516692000771220595568811364782632374372987763423922427741673600,3288885555406963050692205536002629266132375203409289182991421565413988418442706494892495421463416743977046966241709388626093938278098284154879069392463333513837711,15277.79896335046913781678,3.34e-61,2.59e-60,0.0,0.0,8.34e-62
